incident_id,year,month,day,hour,date,region,province,latitude,longitude,road_hierarchy,managing_entity,vehicle_type,accident_cause,period_type,risk_level,safety_equipment_used,fatalities,serious_injuries,slight_injuries,total_casualties,estimated_economic_loss_thb,road_risk_score,driver_behavior_risk_score
THA-2020-100000,2024,1,12,9,2024-01-12,North,Chiang Mai,18.82113,99.03379,Urban / City Road (ถนนในเมือง/ท้องถิ่น),Local Administration / BMA (อปท./กทม.),Private Car,Speeding (ขับรถเร็วเกินกำหนด),Normal Period (ช่วงเวลาปกติ),Level 2: Moderate Risk (Surveillance Zone),Yes,0,1,2,3,1288225.75,40.9,60.8
THA-2021-100001,2025,1,21,17,2025-01-21,South,Surat Thani,9.19596,99.32179,Urban / City Road (ถนนในเมือง/ท้องถิ่น),Local Administration / BMA (อปท./กทม.),Private Car,Road defect / Slippery surface (ถนนชำรุด/ลื่น),Normal Period (ช่วงเวลาปกติ),Level 1: Low Risk (Baseline Zone),Yes,0,0,0,0,231246.55,42.5,45.6
THA-2022-100002,2022,3,10,15,2022-03-10,Central,Chonburi,13.06133,101.0383,Expressway (ทางพิเศษ),EXAT (การทางพิเศษแห่งประเทศไทย),Motorcycle,Fatigue / Falling asleep (หลับใน),Normal Period (ช่วงเวลาปกติ),Level 1: Low Risk (Baseline Zone),Yes,0,0,0,0,86965.31,64.9,57.7
THA-2023-100003,2024,5,10,4,2024-05-10,Northeast,Khon Kaen,16.25487,102.76898,National Highway (ทางหลวงแผ่นดิน),Department of Highways (DOH - กรมทางหลวง),Motorcycle,Cutting off abruptly (ตัดหน้ากระชั้นชิด),Normal Period (ช่วงเวลาปกติ),Level 2: Moderate Risk (Surveillance Zone),Yes,0,1,2,3,587727.72,41.5,26.3
THA-2024-100004,2024,3,23,7,2024-03-23,Bangkok & Vicinity,Bangkok,13.54109,100.65467,National Highway (ทางหลวงแผ่นดิน),Department of Highways (DOH - กรมทางหลวง),Private Car,Cutting off abruptly (ตัดหน้ากระชั้นชิด),Normal Period (ช่วงเวลาปกติ),Level 2: Moderate Risk (Surveillance Zone),Yes,0,2,3,5,2848783.79,63.3,36.9
THA-2025-100005,2025,12,3,13,2025-12-03,Bangkok & Vicinity,Bangkok,13.79386,100.47248,Rural Road (ทางหลวงชนบท),Department of Rural Roads (DRR - กรมทางหลวงชนบท),Motorcycle,Road defect / Slippery surface (ถนนชำรุด/ลื่น),Normal Period (ช่วงเวลาปกติ),Level 1: Low Risk (Baseline Zone),Yes,0,0,0,0,25302.61,34.6,48.8
THA-2026-100006,2026,9,20,4,2026-09-20,Bangkok & Vicinity,Bangkok,13.884,100.54968,Rural Road (ทางหลวงชนบท),Department of Rural Roads (DRR - กรมทางหลวงชนบท),Motorcycle,Road defect / Slippery surface (ถนนชำรุด/ลื่น),Normal Period (ช่วงเวลาปกติ),Level 3: Critical Blackspot (Red Zone),No,1,2,0,3,5294475.38,30.1,10.3
THA-2020-100007,2020,9,10,23,2020-09-10,Central,Saraburi,14.54011,100.94636,Rural Road (ทางหลวงชนบท),Department of Rural Roads (DRR - กรมทางหลวงชนบท),Private Car,Running red light / Signal violation (ฝ่าฝืนสัญญาณไฟ),Normal Period (ช่วงเวลาปกติ),Level 2: Moderate Risk (Surveillance Zone),Yes,0,1,2,3,996436.0,35.0,10.4
THA-2021-100008,2024,3,9,7,2024-03-09,Northeast,Khon Kaen,16.39781,102.71203,Rural Road (ทางหลวงชนบท),Department of Rural Roads (DRR - กรมทางหลวงชนบท),Motorcycle,Speeding (ขับรถเร็วเกินกำหนด),Normal Period (ช่วงเวลาปกติ),Level 3: Critical Blackspot (Red Zone),No,1,1,1,3,5202120.08,28.1,83.5
THA-2022-100009,2020,3,20,5,2020-03-20,Central,Chonburi,13.44758,100.97831,National Highway (ทางหลวงแผ่นดิน),Department of Highways (DOH - กรมทางหลวง),Motorcycle,Speeding (ขับรถเร็วเกินกำหนด),Normal Period (ช่วงเวลาปกติ),Level 1: Low Risk (Baseline Zone),Yes,0,0,0,0,62266.18,19.8,46.5
THA-2023-100010,2023,12,19,15,2023-12-19,Bangkok & Vicinity,Bangkok,13.59798,100.54746,National Highway (ทางหลวงแผ่นดิน),Department of Highways (DOH - กรมทางหลวง),Motorcycle,Drunk driving (เมาแล้วขับ),Normal Period (ช่วงเวลาปกติ),Level 1: Low Risk (Baseline Zone),Yes,0,0,1,1,122152.16,54.8,78.2
THA-2024-100011,2022,5,14,3,2022-05-14,South,Surat Thani,9.14188,99.47448,Rural Road (ทางหลวงชนบท),Department of Rural Roads (DRR - กรมทางหลวงชนบท),Motorcycle,Cutting off abruptly (ตัดหน้ากระชั้นชิด),Normal Period (ช่วงเวลาปกติ),Level 2: Moderate Risk (Surveillance Zone),Yes,0,1,1,2,1150442.4,15.7,54.3
THA-2025-100012,2022,2,2,11,2022-02-02,Central,Ayutthaya,14.37737,100.4621,National Highway (ทางหลวงแผ่นดิน),Department of Highways (DOH - กรมทางหลวง),Private Car,Speeding (ขับรถเร็วเกินกำหนด),Normal Period (ช่วงเวลาปกติ),Level 2: Moderate Risk (Surveillance Zone),Yes,0,1,3,4,1369507.68,55.3,49.2
THA-2026-100013,2022,6,5,10,2022-06-05,Bangkok & Vicinity,Bangkok,13.59519,100.61559,Rural Road (ทางหลวงชนบท),Department of Rural Roads (DRR - กรมทางหลวงชนบท),Private Car,Speeding (ขับรถเร็วเกินกำหนด),Normal Period (ช่วงเวลาปกติ),Level 1: Low Risk (Baseline Zone),Yes,0,0,1,1,381665.66,54.9,52.8
THA-2020-100014,2024,7,20,2,2024-07-20,Bangkok & Vicinity,Bangkok,13.75057,100.42388,National Highway (ทางหลวงแผ่นดิน),Department of Highways (DOH - กรมทางหลวง),Private Car,Road defect / Slippery surface (ถนนชำรุด/ลื่น),Normal Period (ช่วงเวลาปกติ),Level 1: Low Risk (Baseline Zone),Yes,0,0,1,1,377014.91,51.3,23.6
THA-2021-100015,2022,9,8,11,2022-09-08,Bangkok & Vicinity,Bangkok,13.69153,100.61865,National Highway (ทางหลวงแผ่นดิน),Department of Highways (DOH - กรมทางหลวง),Private Car,Fatigue / Falling asleep (หลับใน),Normal Period (ช่วงเวลาปกติ),Level 1: Low Risk (Baseline Zone),Yes,0,0,0,0,161844.3,54.6,38.6
THA-2022-100016,2025,6,7,4,2025-06-07,North,Chiang Mai,18.83076,99.08405,National Highway (ทางหลวงแผ่นดิน),Department of Highways (DOH - กรมทางหลวง),Motorcycle,Speeding (ขับรถเร็วเกินกำหนด),Normal Period (ช่วงเวลาปกติ),Level 3: Critical Blackspot (Red Zone),No,1,0,1,2,4864997.66,47.2,52.7
THA-2023-100017,2023,3,6,5,2023-03-06,Northeast,Nakhon Ratchasima,15.00197,102.0225,National Highway (ทางหลวงแผ่นดิน),Department of Highways (DOH - กรมทางหลวง),Motorcycle,Road defect / Slippery surface (ถนนชำรุด/ลื่น),Normal Period (ช่วงเวลาปกติ),Level 2: Moderate Risk (Surveillance Zone),No,0,1,2,3,1065330.59,34.0,41.2
THA-2024-100018,2020,12,11,18,2020-12-11,North,Phitsanulok,16.98189,100.23071,National Highway (ทางหลวงแผ่นดิน),Department of Highways (DOH - กรมทางหลวง),Motorcycle,Cutting off abruptly (ตัดหน้ากระชั้นชิด),Normal Period (ช่วงเวลาปกติ),Level 2: Moderate Risk (Surveillance Zone),No,0,2,1,3,2095175.43,82.0,47.2
THA-2025-100019,2025,5,12,17,2025-05-12,North,Chiang Mai,18.8607,99.08288,Rural Road (ทางหลวงชนบท),Department of Rural Roads (DRR - กรมทางหลวงชนบท),Motorcycle,Fatigue / Falling asleep (หลับใน),Normal Period (ช่วงเวลาปกติ),Level 2: Moderate Risk (Surveillance Zone),Yes,0,1,3,4,621571.29,61.0,45.0
THA-2026-100020,2022,4,18,15,2022-04-18,Northeast,Khon Kaen,16.43276,102.72341,Urban / City Road (ถนนในเมือง/ท้องถิ่น),Local Administration / BMA (อปท./กทม.),Public Bus/Van,Cutting off abruptly (ตัดหน้ากระชั้นชิด),Normal Period (ช่วงเวลาปกติ),Level 1: Low Risk (Baseline Zone),Yes,0,0,0,0,919097.04,77.8,37.4
THA-2020-100021,2023,5,19,22,2023-05-19,Bangkok & Vicinity,Bangkok,13.69527,100.56275,National Highway (ทางหลวงแผ่นดิน),Department of Highways (DOH - กรมทางหลวง),Commercial Truck,Speeding (ขับรถเร็วเกินกำหนด),Normal Period (ช่วงเวลาปกติ),Level 3: Critical Blackspot (Red Zone),No,1,0,1,2,5714370.29,41.4,69.4
THA-2021-100022,2024,8,10,10,2024-08-10,North,Chiang Mai,18.83634,99.10236,National Highway (ทางหลวงแผ่นดิน),Department of Highways (DOH - กรมทางหลวง),Motorcycle,Cutting off abruptly (ตัดหน้ากระชั้นชิด),Normal Period (ช่วงเวลาปกติ),Level 1: Low Risk (Baseline Zone),No,0,0,1,1,114721.14,31.5,60.0
THA-2022-100023,2022,8,25,4,2022-08-25,North,Chiang Mai,18.89084,98.89953,Expressway (ทางพิเศษ),EXAT (การทางพิเศษแห่งประเทศไทย),Motorcycle,Cutting off abruptly (ตัดหน้ากระชั้นชิด),Normal Period (ช่วงเวลาปกติ),Level 3: Critical Blackspot (Red Zone),No,2,2,0,4,11233920.42,53.0,30.1
THA-2023-100024,2020,6,25,8,2020-06-25,North,Phitsanulok,16.95103,100.17354,National Highway (ทางหลวงแผ่นดิน),Department of Highways (DOH - กรมทางหลวง),Motorcycle,Cutting off abruptly (ตัดหน้ากระชั้นชิด),Normal Period (ช่วงเวลาปกติ),Level 1: Low Risk (Baseline Zone),Yes,0,0,1,1,143209.2,63.3,55.4
THA-2024-100025,2022,1,21,2,2022-01-21,Central,Chonburi,13.41463,101.20263,National Highway (ทางหลวงแผ่นดิน),Department of Highways (DOH - กรมทางหลวง),Motorcycle,Speeding (ขับรถเร็วเกินกำหนด),Normal Period (ช่วงเวลาปกติ),Level 3: Critical Blackspot (Red Zone),No,1,2,1,4,6204254.84,75.6,68.1
THA-2025-100026,2026,8,14,7,2026-08-14,Bangkok & Vicinity,Bangkok,13.78442,100.34171,National Highway (ทางหลวงแผ่นดิน),Department of Highways (DOH - กรมทางหลวง),Motorcycle,Running red light / Signal violation (ฝ่าฝืนสัญญาณไฟ),Normal Period (ช่วงเวลาปกติ),Level 2: Moderate Risk (Surveillance Zone),No,0,1,1,2,861191.62,75.9,36.6
THA-2026-100027,2024,8,3,5,2024-08-03,Northeast,Nakhon Ratchasima,14.95057,102.29354,Urban / City Road (ถนนในเมือง/ท้องถิ่น),Local Administration / BMA (อปท./กทม.),Motorcycle,Speeding (ขับรถเร็วเกินกำหนด),Normal Period (ช่วงเวลาปกติ),Level 2: Moderate Risk (Surveillance Zone),No,0,1,2,3,745127.2,27.2,60.9
THA-2020-100028,2024,2,18,3,2024-02-18,Northeast,Khon Kaen,16.41356,102.94303,National Highway (ทางหลวงแผ่นดิน),Department of Highways (DOH - กรมทางหลวง),Commercial Truck,Speeding (ขับรถเร็วเกินกำหนด),Normal Period (ช่วงเวลาปกติ),Level 1: Low Risk (Baseline Zone),No,0,0,0,0,1221471.65,49.0,82.0
THA-2021-100029,2024,4,24,11,2024-04-24,Bangkok & Vicinity,Bangkok,13.6702,100.46979,Rural Road (ทางหลวงชนบท),Department of Rural Roads (DRR - กรมทางหลวงชนบท),Private Car,Cutting off abruptly (ตัดหน้ากระชั้นชิด),Normal Period (ช่วงเวลาปกติ),Level 1: Low Risk (Baseline Zone),Yes,0,0,1,1,359243.92,63.4,52.0
THA-2022-100030,2021,12,15,11,2021-12-15,Northeast,Khon Kaen,16.41279,102.99918,National Highway (ทางหลวงแผ่นดิน),Department of Highways (DOH - กรมทางหลวง),Motorcycle,Cutting off abruptly (ตัดหน้ากระชั้นชิด),Normal Period (ช่วงเวลาปกติ),Level 2: Moderate Risk (Surveillance Zone),Yes,0,2,1,3,2318703.44,55.3,61.0
THA-2023-100031,2023,2,6,20,2023-02-06,Bangkok & Vicinity,Bangkok,13.72877,100.33211,National Highway (ทางหลวงแผ่นดิน),Department of Highways (DOH - กรมทางหลวง),Motorcycle,Cutting off abruptly (ตัดหน้ากระชั้นชิด),Normal Period (ช่วงเวลาปกติ),Level 1: Low Risk (Baseline Zone),No,0,0,0,0,74615.57,98.0,40.9
THA-2024-100032,2025,4,10,15,2025-04-10,Bangkok & Vicinity,Bangkok,13.97068,100.52227,National Highway (ทางหลวงแผ่นดิน),Department of Highways (DOH - กรมทางหลวง),Motorcycle,Fatigue / Falling asleep (หลับใน),Songkran Festival (เทศกาลสงกรานต์),Level 2: Moderate Risk (Surveillance Zone),No,0,1,1,2,1009394.21,77.1,38.0
THA-2025-100033,2020,12,27,9,2020-12-27,South,Surat Thani,9.19712,99.17688,Urban / City Road (ถนนในเมือง/ท้องถิ่น),Local Administration / BMA (อปท./กทม.),Commercial Truck,Cutting off abruptly (ตัดหน้ากระชั้นชิด),Normal Period (ช่วงเวลาปกติ),Level 2: Moderate Risk (Surveillance Zone),Yes,0,1,1,2,1820841.87,32.0,50.1
THA-2026-100034,2022,10,12,21,2022-10-12,South,Surat Thani,9.1614,99.32322,Rural Road (ทางหลวงชนบท),Department of Rural Roads (DRR - กรมทางหลวงชนบท),Commercial Truck,Drunk driving (เมาแล้วขับ),Normal Period (ช่วงเวลาปกติ),Level 2: Moderate Risk (Surveillance Zone),No,0,1,2,3,2312165.1,31.8,74.8
THA-2020-100035,2022,7,7,13,2022-07-07,Central,Ayutthaya,14.26624,100.62852,National Highway (ทางหลวงแผ่นดิน),Department of Highways (DOH - กรมทางหลวง),Commercial Truck,Drunk driving (เมาแล้วขับ),Normal Period (ช่วงเวลาปกติ),Level 1: Low Risk (Baseline Zone),Yes,0,0,0,0,466483.18,52.2,48.7
THA-2021-100036,2023,9,17,12,2023-09-17,North,Chiang Mai,18.63473,98.8977,National Highway (ทางหลวงแผ่นดิน),Department of Highways (DOH - กรมทางหลวง),Motorcycle,Speeding (ขับรถเร็วเกินกำหนด),Normal Period (ช่วงเวลาปกติ),Level 1: Low Risk (Baseline Zone),No,0,0,1,1,115392.65,49.4,57.6
THA-2022-100037,2026,8,1,8,2026-08-01,Bangkok & Vicinity,Bangkok,13.86538,100.43647,Rural Road (ทางหลวงชนบท),Department of Rural Roads (DRR - กรมทางหลวงชนบท),Private Car,Cutting off abruptly (ตัดหน้ากระชั้นชิด),Normal Period (ช่วงเวลาปกติ),Level 1: Low Risk (Baseline Zone),Yes,0,0,1,1,331446.78,52.6,42.1
THA-2023-100038,2020,12,26,6,2020-12-26,Northeast,Ubon Ratchathani,15.2004,104.8554,Urban / City Road (ถนนในเมือง/ท้องถิ่น),Local Administration / BMA (อปท./กทม.),Motorcycle,Road defect / Slippery surface (ถนนชำรุด/ลื่น),Normal Period (ช่วงเวลาปกติ),Level 3: Critical Blackspot (Red Zone),No,1,0,0,1,3882550.63,19.8,31.0
THA-2024-100039,2023,9,18,11,2023-09-18,North,Phitsanulok,16.78762,100.32808,National Highway (ทางหลวงแผ่นดิน),Department of Highways (DOH - กรมทางหลวง),Private Car,Speeding (ขับรถเร็วเกินกำหนด),Normal Period (ช่วงเวลาปกติ),Level 1: Low Risk (Baseline Zone),Yes,0,0,1,1,451896.65,45.6,82.5
THA-2025-100040,2021,8,26,4,2021-08-26,Bangkok & Vicinity,Bangkok,13.77214,100.3662,Rural Road (ทางหลวงชนบท),Department of Rural Roads (DRR - กรมทางหลวงชนบท),Motorcycle,Cutting off abruptly (ตัดหน้ากระชั้นชิด),Normal Period (ช่วงเวลาปกติ),Level 2: Moderate Risk (Surveillance Zone),No,0,1,1,2,547799.97,50.4,30.0
THA-2026-100041,2026,2,15,17,2026-02-15,Northeast,Nakhon Ratchasima,14.91376,102.02193,National Highway (ทางหลวงแผ่นดิน),Department of Highways (DOH - กรมทางหลวง),Motorcycle,Road defect / Slippery surface (ถนนชำรุด/ลื่น),Normal Period (ช่วงเวลาปกติ),Level 1: Low Risk (Baseline Zone),Yes,0,0,1,1,114772.41,35.7,28.6
THA-2020-100042,2020,7,19,3,2020-07-19,Bangkok & Vicinity,Bangkok,13.71459,100.51188,National Highway (ทางหลวงแผ่นดิน),Department of Highways (DOH - กรมทางหลวง),Private Car,Speeding (ขับรถเร็วเกินกำหนด),Normal Period (ช่วงเวลาปกติ),Level 1: Low Risk (Baseline Zone),Yes,0,0,1,1,401810.93,36.8,75.1
THA-2021-100043,2023,2,28,1,2023-02-28,South,Phuket,7.90797,98.17919,National Highway (ทางหลวงแผ่นดิน),Department of Highways (DOH - กรมทางหลวง),Motorcycle,Cutting off abruptly (ตัดหน้ากระชั้นชิด),Normal Period (ช่วงเวลาปกติ),Level 2: Moderate Risk (Surveillance Zone),No,0,1,1,2,1174147.72,73.6,10.0
THA-2022-100044,2025,12,1,2,2025-12-01,Bangkok & Vicinity,Nonthaburi,13.95436,100.50522,Urban / City Road (ถนนในเมือง/ท้องถิ่น),Local Administration / BMA (อปท./กทม.),Motorcycle,Running red light / Signal violation (ฝ่าฝืนสัญญาณไฟ),Normal Period (ช่วงเวลาปกติ),Level 1: Low Risk (Baseline Zone),Yes,0,0,1,1,149174.33,27.1,53.4
THA-2023-100045,2024,11,5,11,2024-11-05,Northeast,Ubon Ratchathani,15.14396,104.93301,National Highway (ทางหลวงแผ่นดิน),Department of Highways (DOH - กรมทางหลวง),Motorcycle,Speeding (ขับรถเร็วเกินกำหนด),Normal Period (ช่วงเวลาปกติ),Level 1: Low Risk (Baseline Zone),Yes,0,0,0,0,48463.8,66.3,95.5
THA-2024-100046,2023,2,15,2,2023-02-15,North,Chiang Mai,18.5988,98.84348,Urban / City Road (ถนนในเมือง/ท้องถิ่น),Local Administration / BMA (อปท./กทม.),Motorcycle,Speeding (ขับรถเร็วเกินกำหนด),Normal Period (ช่วงเวลาปกติ),Level 3: Critical Blackspot (Red Zone),Yes,1,1,0,2,4745030.21,53.5,55.3
THA-2025-100047,2022,4,3,3,2022-04-03,Northeast,Nakhon Ratchasima,15.17152,102.11097,Rural Road (ทางหลวงชนบท),Department of Rural Roads (DRR - กรมทางหลวงชนบท),Motorcycle,Fatigue / Falling asleep (หลับใน),Normal Period (ช่วงเวลาปกติ),Level 3: Critical Blackspot (Red Zone),Yes,1,1,0,2,6594254.79,19.3,29.0
THA-2026-100048,2022,1,1,5,2022-01-01,Northeast,Nakhon Ratchasima,14.91355,102.10756,Urban / City Road (ถนนในเมือง/ท้องถิ่น),Local Administration / BMA (อปท./กทม.),Motorcycle,Fatigue / Falling asleep (หลับใน),New Year Festival (เทศกาลปีใหม่),Level 2: Moderate Risk (Surveillance Zone),Yes,0,1,1,2,1080925.18,15.1,17.9
THA-2020-100049,2022,5,8,11,2022-05-08,Bangkok & Vicinity,Bangkok,13.73996,100.50502,National Highway (ทางหลวงแผ่นดิน),Department of Highways (DOH - กรมทางหลวง),Motorcycle,Cutting off abruptly (ตัดหน้ากระชั้นชิด),Normal Period (ช่วงเวลาปกติ),Level 3: Critical Blackspot (Red Zone),No,1,0,0,1,5513249.02,76.1,64.6
THA-2021-100050,2021,6,12,18,2021-06-12,South,Surat Thani,9.18222,99.30368,National Highway (ทางหลวงแผ่นดิน),Department of Highways (DOH - กรมทางหลวง),Motorcycle,Cutting off abruptly (ตัดหน้ากระชั้นชิด),Normal Period (ช่วงเวลาปกติ),Level 1: Low Risk (Baseline Zone),No,0,0,1,1,102324.48,64.7,44.0
THA-2022-100051,2023,9,27,9,2023-09-27,Central,Chonburi,13.39302,100.97048,Expressway (ทางพิเศษ),EXAT (การทางพิเศษแห่งประเทศไทย),Public Bus/Van,Fatigue / Falling asleep (หลับใน),Normal Period (ช่วงเวลาปกติ),Level 2: Moderate Risk (Surveillance Zone),Yes,0,2,1,3,2267191.53,23.7,67.0
THA-2023-100052,2022,10,22,0,2022-10-22,South,Surat Thani,9.06432,99.22195,Rural Road (ทางหลวงชนบท),Department of Rural Roads (DRR - กรมทางหลวงชนบท),Motorcycle,Drunk driving (เมาแล้วขับ),Normal Period (ช่วงเวลาปกติ),Level 2: Moderate Risk (Surveillance Zone),Yes,0,1,1,2,506484.45,42.3,34.3
THA-2024-100053,2022,8,25,16,2022-08-25,South,Phuket,7.99912,98.45057,Urban / City Road (ถนนในเมือง/ท้องถิ่น),Local Administration / BMA (อปท./กทม.),Motorcycle,Speeding (ขับรถเร็วเกินกำหนด),Normal Period (ช่วงเวลาปกติ),Level 1: Low Risk (Baseline Zone),Yes,0,0,1,1,70293.08,34.7,81.9
THA-2025-100054,2024,2,19,15,2024-02-19,Northeast,Khon Kaen,16.52554,102.82394,National Highway (ทางหลวงแผ่นดิน),Department of Highways (DOH - กรมทางหลวง),Motorcycle,Speeding (ขับรถเร็วเกินกำหนด),Normal Period (ช่วงเวลาปกติ),Level 2: Moderate Risk (Surveillance Zone),Yes,0,1,2,3,1067319.97,67.1,76.9
THA-2026-100055,2026,1,25,8,2026-01-25,South,Phuket,7.90071,98.37625,National Highway (ทางหลวงแผ่นดิน),Department of Highways (DOH - กรมทางหลวง),Commercial Truck,Cutting off abruptly (ตัดหน้ากระชั้นชิด),Normal Period (ช่วงเวลาปกติ),Level 1: Low Risk (Baseline Zone),Yes,0,0,0,0,382995.37,61.9,65.5
THA-2020-100056,2024,2,25,20,2024-02-25,Bangkok & Vicinity,Bangkok,13.86047,100.47076,Urban / City Road (ถนนในเมือง/ท้องถิ่น),Local Administration / BMA (อปท./กทม.),Private Car,Fatigue / Falling asleep (หลับใน),Normal Period (ช่วงเวลาปกติ),Level 1: Low Risk (Baseline Zone),Yes,0,0,0,0,316193.56,79.9,26.2
THA-2021-100057,2020,7,12,8,2020-07-12,Bangkok & Vicinity,Bangkok,13.66774,100.54871,National Highway (ทางหลวงแผ่นดิน),Department of Highways (DOH - กรมทางหลวง),Motorcycle,Road defect / Slippery surface (ถนนชำรุด/ลื่น),Normal Period (ช่วงเวลาปกติ),Level 2: Moderate Risk (Surveillance Zone),Yes,0,2,2,4,1736165.55,43.3,31.3
THA-2022-100058,2020,4,13,22,2020-04-13,Bangkok & Vicinity,Bangkok,13.74261,100.52429,Rural Road (ทางหลวงชนบท),Department of Rural Roads (DRR - กรมทางหลวงชนบท),Private Car,Running red light / Signal violation (ฝ่าฝืนสัญญาณไฟ),Songkran Festival (เทศกาลสงกรานต์),Level 1: Low Risk (Baseline Zone),No,0,0,1,1,380004.05,49.8,58.7
THA-2023-100059,2026,10,28,8,2026-10-28,North,Chiang Mai,18.8523,98.93318,National Highway (ทางหลวงแผ่นดิน),Department of Highways (DOH - กรมทางหลวง),Private Car,Road defect / Slippery surface (ถนนชำรุด/ลื่น),Normal Period (ช่วงเวลาปกติ),Level 3: Critical Blackspot (Red Zone),Yes,1,0,0,1,5154456.11,64.4,46.8
THA-2024-100060,2022,5,1,11,2022-05-01,North,Chiang Rai,19.8908,99.81266,National Highway (ทางหลวงแผ่นดิน),Department of Highways (DOH - กรมทางหลวง),Private Car,Cutting off abruptly (ตัดหน้ากระชั้นชิด),Normal Period (ช่วงเวลาปกติ),Level 2: Moderate Risk (Surveillance Zone),Yes,0,1,2,3,890523.27,37.2,50.7
THA-2025-100061,2020,12,19,22,2020-12-19,Bangkok & Vicinity,Nonthaburi,13.97791,100.51469,National Highway (ทางหลวงแผ่นดิน),Department of Highways (DOH - กรมทางหลวง),Private Car,Cutting off abruptly (ตัดหน้ากระชั้นชิด),Normal Period (ช่วงเวลาปกติ),Level 3: Critical Blackspot (Red Zone),Yes,2,0,0,2,9045835.56,86.9,36.1
THA-2026-100062,2024,7,6,8,2024-07-06,Central,Ayutthaya,14.36727,100.46432,National Highway (ทางหลวงแผ่นดิน),Department of Highways (DOH - กรมทางหลวง),Commercial Truck,Fatigue / Falling asleep (หลับใน),Normal Period (ช่วงเวลาปกติ),Level 3: Critical Blackspot (Red Zone),Yes,3,2,0,5,16623392.38,33.3,40.7
THA-2020-100063,2024,3,8,14,2024-03-08,North,Chiang Mai,18.85407,99.02383,National Highway (ทางหลวงแผ่นดิน),Department of Highways (DOH - กรมทางหลวง),Commercial Truck,Drunk driving (เมาแล้วขับ),Normal Period (ช่วงเวลาปกติ),Level 2: Moderate Risk (Surveillance Zone),No,0,1,2,3,1811873.45,41.8,35.0
THA-2021-100064,2024,10,4,1,2024-10-04,North,Chiang Mai,18.71313,99.15837,Rural Road (ทางหลวงชนบท),Department of Rural Roads (DRR - กรมทางหลวงชนบท),Private Car,Cutting off abruptly (ตัดหน้ากระชั้นชิด),Normal Period (ช่วงเวลาปกติ),Level 1: Low Risk (Baseline Zone),Yes,0,0,1,1,242521.67,53.0,10.0
THA-2022-100065,2022,2,5,10,2022-02-05,Northeast,Nakhon Ratchasima,15.01025,102.04168,National Highway (ทางหลวงแผ่นดิน),Department of Highways (DOH - กรมทางหลวง),Motorcycle,Speeding (ขับรถเร็วเกินกำหนด),Normal Period (ช่วงเวลาปกติ),Level 2: Moderate Risk (Surveillance Zone),Yes,0,2,1,3,1445468.23,70.3,46.6
THA-2023-100066,2020,7,25,10,2020-07-25,Bangkok & Vicinity,Bangkok,13.75604,100.46863,National Highway (ทางหลวงแผ่นดิน),Department of Highways (DOH - กรมทางหลวง),Private Car,Road defect / Slippery surface (ถนนชำรุด/ลื่น),Normal Period (ช่วงเวลาปกติ),Level 2: Moderate Risk (Surveillance Zone),Yes,0,1,1,2,1265917.91,34.5,33.6
THA-2024-100067,2026,5,22,7,2026-05-22,Central,Ayutthaya,14.49215,100.65239,Urban / City Road (ถนนในเมือง/ท้องถิ่น),Local Administration / BMA (อปท./กทม.),Commercial Truck,Cutting off abruptly (ตัดหน้ากระชั้นชิด),Normal Period (ช่วงเวลาปกติ),Level 2: Moderate Risk (Surveillance Zone),Yes,0,2,2,4,2995972.16,27.4,32.9
THA-2025-100068,2022,1,28,22,2022-01-28,Bangkok & Vicinity,Bangkok,13.79716,100.65632,National Highway (ทางหลวงแผ่นดิน),Department of Highways (DOH - กรมทางหลวง),Motorcycle,Speeding (ขับรถเร็วเกินกำหนด),Normal Period (ช่วงเวลาปกติ),Level 1: Low Risk (Baseline Zone),No,0,0,0,0,34246.72,63.1,60.3
THA-2026-100069,2024,1,7,5,2024-01-07,South,Songkhla,7.08216,100.68413,National Highway (ทางหลวงแผ่นดิน),Department of Highways (DOH - กรมทางหลวง),Public Bus/Van,Drunk driving (เมาแล้วขับ),Normal Period (ช่วงเวลาปกติ),Level 1: Low Risk (Baseline Zone),No,0,0,1,1,608339.86,34.6,65.7
THA-2020-100070,2024,9,23,20,2024-09-23,Central,Chonburi,13.41035,100.96396,Urban / City Road (ถนนในเมือง/ท้องถิ่น),Local Administration / BMA (อปท./กทม.),Motorcycle,Drunk driving (เมาแล้วขับ),Normal Period (ช่วงเวลาปกติ),Level 1: Low Risk (Baseline Zone),Yes,0,0,1,1,115060.71,33.5,89.2
THA-2021-100071,2024,5,4,19,2024-05-04,Bangkok & Vicinity,Bangkok,13.73596,100.58489,Urban / City Road (ถนนในเมือง/ท้องถิ่น),Local Administration / BMA (อปท./กทม.),Motorcycle,Speeding (ขับรถเร็วเกินกำหนด),Normal Period (ช่วงเวลาปกติ),Level 1: Low Risk (Baseline Zone),No,0,0,0,0,73322.49,31.5,59.2
THA-2022-100072,2022,1,20,6,2022-01-20,Bangkok & Vicinity,Bangkok,13.83279,100.3738,National Highway (ทางหลวงแผ่นดิน),Department of Highways (DOH - กรมทางหลวง),Commercial Truck,Fatigue / Falling asleep (หลับใน),Normal Period (ช่วงเวลาปกติ),Level 2: Moderate Risk (Surveillance Zone),Yes,0,1,3,4,1847847.85,61.5,53.0
THA-2023-100073,2022,7,4,2,2022-07-04,Central,Ayutthaya,14.51668,100.67125,National Highway (ทางหลวงแผ่นดิน),Department of Highways (DOH - กรมทางหลวง),Motorcycle,Speeding (ขับรถเร็วเกินกำหนด),Normal Period (ช่วงเวลาปกติ),Level 3: Critical Blackspot (Red Zone),Yes,1,1,1,3,6342452.94,55.6,77.6
THA-2024-100074,2024,9,15,7,2024-09-15,Central,Chonburi,13.33576,100.91349,Rural Road (ทางหลวงชนบท),Department of Rural Roads (DRR - กรมทางหลวงชนบท),Motorcycle,Speeding (ขับรถเร็วเกินกำหนด),Normal Period (ช่วงเวลาปกติ),Level 2: Moderate Risk (Surveillance Zone),Yes,0,1,2,3,957580.44,38.7,51.2
THA-2025-100075,2025,11,27,17,2025-11-27,Central,Chonburi,13.46104,101.02938,National Highway (ทางหลวงแผ่นดิน),Department of Highways (DOH - กรมทางหลวง),Motorcycle,Cutting off abruptly (ตัดหน้ากระชั้นชิด),Normal Period (ช่วงเวลาปกติ),Level 1: Low Risk (Baseline Zone),Yes,0,0,1,1,101505.13,72.6,18.3
THA-2026-100076,2026,1,21,16,2026-01-21,Central,Chonburi,13.42558,101.03608,Urban / City Road (ถนนในเมือง/ท้องถิ่น),Local Administration / BMA (อปท./กทม.),Motorcycle,Drunk driving (เมาแล้วขับ),Normal Period (ช่วงเวลาปกติ),Level 1: Low Risk (Baseline Zone),No,0,0,1,1,57729.33,21.5,71.6
THA-2020-100077,2020,10,5,10,2020-10-05,Bangkok & Vicinity,Bangkok,13.86561,100.57883,Expressway (ทางพิเศษ),EXAT (การทางพิเศษแห่งประเทศไทย),Motorcycle,Running red light / Signal violation (ฝ่าฝืนสัญญาณไฟ),Normal Period (ช่วงเวลาปกติ),Level 1: Low Risk (Baseline Zone),No,0,0,0,0,68450.24,25.6,44.1
THA-2021-100078,2021,4,24,1,2021-04-24,North,Chiang Mai,18.74025,98.93198,Expressway (ทางพิเศษ),EXAT (การทางพิเศษแห่งประเทศไทย),Motorcycle,Fatigue / Falling asleep (หลับใน),Normal Period (ช่วงเวลาปกติ),Level 1: Low Risk (Baseline Zone),Yes,0,0,1,1,111195.68,55.6,21.4
THA-2022-100079,2026,3,9,20,2026-03-09,Bangkok & Vicinity,Bangkok,13.78834,100.70788,National Highway (ทางหลวงแผ่นดิน),Department of Highways (DOH - กรมทางหลวง),Motorcycle,Road defect / Slippery surface (ถนนชำรุด/ลื่น),Normal Period (ช่วงเวลาปกติ),Level 2: Moderate Risk (Surveillance Zone),Yes,0,1,1,2,720415.0,53.5,27.2
THA-2023-100080,2025,5,2,23,2025-05-02,Central,Saraburi,14.51542,100.94348,National Highway (ทางหลวงแผ่นดิน),Department of Highways (DOH - กรมทางหลวง),Public Bus/Van,Speeding (ขับรถเร็วเกินกำหนด),Normal Period (ช่วงเวลาปกติ),Level 1: Low Risk (Baseline Zone),Yes,0,0,1,1,567330.97,50.5,62.9
THA-2024-100081,2026,7,27,18,2026-07-27,Northeast,Khon Kaen,16.51271,102.78587,Expressway (ทางพิเศษ),EXAT (การทางพิเศษแห่งประเทศไทย),Public Bus/Van,Speeding (ขับรถเร็วเกินกำหนด),Normal Period (ช่วงเวลาปกติ),Level 2: Moderate Risk (Surveillance Zone),Yes,0,1,1,2,2172332.5,39.2,58.1
THA-2025-100082,2021,8,7,6,2021-08-07,North,Chiang Mai,18.86007,98.98656,National Highway (ทางหลวงแผ่นดิน),Department of Highways (DOH - กรมทางหลวง),Motorcycle,Cutting off abruptly (ตัดหน้ากระชั้นชิด),Normal Period (ช่วงเวลาปกติ),Level 1: Low Risk (Baseline Zone),Yes,0,0,0,0,37811.31,37.1,38.0
THA-2026-100083,2024,2,17,17,2024-02-17,Bangkok & Vicinity,Bangkok,13.86879,100.41679,National Highway (ทางหลวงแผ่นดิน),Department of Highways (DOH - กรมทางหลวง),Private Car,Speeding (ขับรถเร็วเกินกำหนด),Normal Period (ช่วงเวลาปกติ),Level 2: Moderate Risk (Surveillance Zone),Yes,0,2,2,4,1235263.13,41.0,76.6
THA-2020-100084,2024,7,16,7,2024-07-16,North,Chiang Mai,18.99655,98.95718,Rural Road (ทางหลวงชนบท),Department of Rural Roads (DRR - กรมทางหลวงชนบท),Motorcycle,Fatigue / Falling asleep (หลับใน),Normal Period (ช่วงเวลาปกติ),Level 2: Moderate Risk (Surveillance Zone),Yes,0,1,1,2,536124.25,62.3,37.4
THA-2021-100085,2024,1,17,13,2024-01-17,North,Chiang Mai,18.83523,98.98574,National Highway (ทางหลวงแผ่นดิน),Department of Highways (DOH - กรมทางหลวง),Motorcycle,Drunk driving (เมาแล้วขับ),Normal Period (ช่วงเวลาปกติ),Level 2: Moderate Risk (Surveillance Zone),Yes,0,1,1,2,733645.95,33.3,76.6
THA-2022-100086,2023,7,20,6,2023-07-20,Central,Chonburi,13.26402,101.05969,National Highway (ทางหลวงแผ่นดิน),Department of Highways (DOH - กรมทางหลวง),Motorcycle,Running red light / Signal violation (ฝ่าฝืนสัญญาณไฟ),Normal Period (ช่วงเวลาปกติ),Level 2: Moderate Risk (Surveillance Zone),No,0,1,2,3,866304.79,57.6,28.2
THA-2023-100087,2020,8,26,20,2020-08-26,Northeast,Khon Kaen,16.40841,102.87091,Urban / City Road (ถนนในเมือง/ท้องถิ่น),Local Administration / BMA (อปท./กทม.),Public Bus/Van,Speeding (ขับรถเร็วเกินกำหนด),Normal Period (ช่วงเวลาปกติ),Level 2: Moderate Risk (Surveillance Zone),Yes,0,1,1,2,1662937.07,28.4,43.7
THA-2024-100088,2024,2,23,3,2024-02-23,South,Phuket,7.80794,98.36892,National Highway (ทางหลวงแผ่นดิน),Department of Highways (DOH - กรมทางหลวง),Public Bus/Van,Cutting off abruptly (ตัดหน้ากระชั้นชิด),Normal Period (ช่วงเวลาปกติ),Level 1: Low Risk (Baseline Zone),Yes,0,0,0,0,870180.29,67.7,69.1
THA-2025-100089,2022,9,2,16,2022-09-02,Northeast,Nakhon Ratchasima,14.9534,102.14736,National Highway (ทางหลวงแผ่นดิน),Department of Highways (DOH - กรมทางหลวง),Motorcycle,Cutting off abruptly (ตัดหน้ากระชั้นชิด),Normal Period (ช่วงเวลาปกติ),Level 2: Moderate Risk (Surveillance Zone),No,0,1,2,3,998978.1,30.6,58.2
THA-2026-100090,2023,1,11,4,2023-01-11,Bangkok & Vicinity,Bangkok,13.78401,100.48591,National Highway (ทางหลวงแผ่นดิน),Department of Highways (DOH - กรมทางหลวง),Motorcycle,Speeding (ขับรถเร็วเกินกำหนด),Normal Period (ช่วงเวลาปกติ),Level 1: Low Risk (Baseline Zone),No,0,0,1,1,86890.52,40.9,87.0
THA-2020-100091,2026,6,2,11,2026-06-02,Central,Chonburi,13.32781,101.01304,Rural Road (ทางหลวงชนบท),Department of Rural Roads (DRR - กรมทางหลวงชนบท),Motorcycle,Cutting off abruptly (ตัดหน้ากระชั้นชิด),Normal Period (ช่วงเวลาปกติ),Level 1: Low Risk (Baseline Zone),No,0,0,1,1,52723.95,43.8,27.6
THA-2021-100092,2022,1,1,8,2022-01-01,Central,Chonburi,13.37889,100.9963,National Highway (ทางหลวงแผ่นดิน),Department of Highways (DOH - กรมทางหลวง),Motorcycle,Cutting off abruptly (ตัดหน้ากระชั้นชิด),New Year Festival (เทศกาลปีใหม่),Level 1: Low Risk (Baseline Zone),Yes,0,0,1,1,141140.82,74.0,50.9
THA-2022-100093,2025,3,26,19,2025-03-26,Northeast,Nakhon Ratchasima,15.15714,102.14747,National Highway (ทางหลวงแผ่นดิน),Department of Highways (DOH - กรมทางหลวง),Private Car,Cutting off abruptly (ตัดหน้ากระชั้นชิด),Normal Period (ช่วงเวลาปกติ),Level 2: Moderate Risk (Surveillance Zone),Yes,0,2,1,3,1072789.49,61.6,42.3
THA-2023-100094,2021,11,2,12,2021-11-02,Central,Chonburi,13.53426,100.97844,Rural Road (ทางหลวงชนบท),Department of Rural Roads (DRR - กรมทางหลวงชนบท),Motorcycle,Speeding (ขับรถเร็วเกินกำหนด),Normal Period (ช่วงเวลาปกติ),Level 2: Moderate Risk (Surveillance Zone),No,0,1,1,2,1024538.65,58.7,80.6
THA-2024-100095,2024,6,23,17,2024-06-23,Northeast,Nakhon Ratchasima,14.97554,102.05231,Urban / City Road (ถนนในเมือง/ท้องถิ่น),Local Administration / BMA (อปท./กทม.),Private Car,Speeding (ขับรถเร็วเกินกำหนด),Normal Period (ช่วงเวลาปกติ),Level 1: Low Risk (Baseline Zone),Yes,0,0,1,1,480476.93,28.3,47.9
THA-2025-100096,2026,3,9,19,2026-03-09,Northeast,Nakhon Ratchasima,15.00707,102.06849,National Highway (ทางหลวงแผ่นดิน),Department of Highways (DOH - กรมทางหลวง),Motorcycle,Cutting off abruptly (ตัดหน้ากระชั้นชิด),Normal Period (ช่วงเวลาปกติ),Level 2: Moderate Risk (Surveillance Zone),No,0,1,1,2,808672.08,63.7,38.2
THA-2026-100097,2020,8,22,8,2020-08-22,North,Chiang Rai,19.86837,99.66957,Urban / City Road (ถนนในเมือง/ท้องถิ่น),Local Administration / BMA (อปท./กทม.),Public Bus/Van,Speeding (ขับรถเร็วเกินกำหนด),Normal Period (ช่วงเวลาปกติ),Level 1: Low Risk (Baseline Zone),Yes,0,0,0,0,377860.71,31.2,61.7
THA-2020-100098,2020,5,26,3,2020-05-26,Bangkok & Vicinity,Bangkok,13.88823,100.46731,National Highway (ทางหลวงแผ่นดิน),Department of Highways (DOH - กรมทางหลวง),Private Car,Speeding (ขับรถเร็วเกินกำหนด),Normal Period (ช่วงเวลาปกติ),Level 1: Low Risk (Baseline Zone),Yes,0,0,0,0,339336.68,52.3,69.4
THA-2021-100099,2023,2,2,20,2023-02-02,Bangkok & Vicinity,Bangkok,13.88905,100.49314,Rural Road (ทางหลวงชนบท),Department of Rural Roads (DRR - กรมทางหลวงชนบท),Motorcycle,Speeding (ขับรถเร็วเกินกำหนด),Normal Period (ช่วงเวลาปกติ),Level 1: Low Risk (Baseline Zone),Yes,0,0,0,0,34557.01,43.0,73.9
THA-2022-100100,2020,4,28,7,2020-04-28,Bangkok & Vicinity,Bangkok,13.81431,100.50849,National Highway (ทางหลวงแผ่นดิน),Department of Highways (DOH - กรมทางหลวง),Private Car,Speeding (ขับรถเร็วเกินกำหนด),Normal Period (ช่วงเวลาปกติ),Level 2: Moderate Risk (Surveillance Zone),No,0,1,1,2,1229371.95,82.8,40.5
THA-2023-100101,2025,9,15,0,2025-09-15,Northeast,Khon Kaen,16.46952,102.73279,National Highway (ทางหลวงแผ่นดิน),Department of Highways (DOH - กรมทางหลวง),Commercial Truck,Cutting off abruptly (ตัดหน้ากระชั้นชิด),Normal Period (ช่วงเวลาปกติ),Level 1: Low Risk (Baseline Zone),Yes,0,0,1,1,789310.41,44.4,43.4
THA-2024-100102,2026,4,10,16,2026-04-10,North,Chiang Mai,18.89471,98.95228,Rural Road (ทางหลวงชนบท),Department of Rural Roads (DRR - กรมทางหลวงชนบท),Motorcycle,Speeding (ขับรถเร็วเกินกำหนด),Songkran Festival (เทศกาลสงกรานต์),Level 3: Critical Blackspot (Red Zone),Yes,1,0,0,1,5110394.74,38.9,30.5
THA-2025-100103,2023,10,15,8,2023-10-15,Northeast,Nakhon Ratchasima,15.06321,101.96634,National Highway (ทางหลวงแผ่นดิน),Department of Highways (DOH - กรมทางหลวง),Motorcycle,Cutting off abruptly (ตัดหน้ากระชั้นชิด),Normal Period (ช่วงเวลาปกติ),Level 1: Low Risk (Baseline Zone),Yes,0,0,0,0,60563.32,49.6,40.3
THA-2026-100104,2022,10,10,19,2022-10-10,South,Phuket,7.81249,98.42576,National Highway (ทางหลวงแผ่นดิน),Department of Highways (DOH - กรมทางหลวง),Public Bus/Van,Drunk driving (เมาแล้วขับ),Normal Period (ช่วงเวลาปกติ),Level 1: Low Risk (Baseline Zone),No,0,0,1,1,1003833.37,39.7,55.3
THA-2020-100105,2023,8,25,12,2023-08-25,Bangkok & Vicinity,Nonthaburi,13.84737,100.55452,National Highway (ทางหลวงแผ่นดิน),Department of Highways (DOH - กรมทางหลวง),Motorcycle,Drunk driving (เมาแล้วขับ),Normal Period (ช่วงเวลาปกติ),Level 3: Critical Blackspot (Red Zone),No,1,1,0,2,6105353.41,21.3,61.1
THA-2021-100106,2025,5,23,1,2025-05-23,North,Chiang Rai,19.92918,100.00511,Rural Road (ทางหลวงชนบท),Department of Rural Roads (DRR - กรมทางหลวงชนบท),Motorcycle,Fatigue / Falling asleep (หลับใน),Normal Period (ช่วงเวลาปกติ),Level 1: Low Risk (Baseline Zone),Yes,0,0,1,1,159835.1,62.9,45.2
THA-2022-100107,2020,11,27,12,2020-11-27,Central,Chonburi,13.40973,100.94576,National Highway (ทางหลวงแผ่นดิน),Department of Highways (DOH - กรมทางหลวง),Motorcycle,Cutting off abruptly (ตัดหน้ากระชั้นชิด),Normal Period (ช่วงเวลาปกติ),Level 1: Low Risk (Baseline Zone),Yes,0,0,1,1,143934.09,52.5,14.6
THA-2023-100108,2024,11,17,8,2024-11-17,Bangkok & Vicinity,Nonthaburi,13.82671,100.62177,National Highway (ทางหลวงแผ่นดิน),Department of Highways (DOH - กรมทางหลวง),Commercial Truck,Cutting off abruptly (ตัดหน้ากระชั้นชิด),Normal Period (ช่วงเวลาปกติ),Level 1: Low Risk (Baseline Zone),Yes,0,0,1,1,1040594.7,75.5,33.1
THA-2024-100109,2024,10,28,19,2024-10-28,Bangkok & Vicinity,Bangkok,13.61875,100.55213,National Highway (ทางหลวงแผ่นดิน),Department of Highways (DOH - กรมทางหลวง),Private Car,Fatigue / Falling asleep (หลับใน),Normal Period (ช่วงเวลาปกติ),Level 1: Low Risk (Baseline Zone),Yes,0,0,1,1,315564.36,41.1,16.7
THA-2025-100110,2024,1,9,5,2024-01-09,North,Chiang Mai,18.68788,99.08513,National Highway (ทางหลวงแผ่นดิน),Department of Highways (DOH - กรมทางหลวง),Commercial Truck,Cutting off abruptly (ตัดหน้ากระชั้นชิด),Normal Period (ช่วงเวลาปกติ),Level 2: Moderate Risk (Surveillance Zone),Yes,0,2,1,3,1896959.06,63.1,48.3
THA-2026-100111,2021,7,18,0,2021-07-18,Bangkok & Vicinity,Bangkok,13.7174,100.54916,National Highway (ทางหลวงแผ่นดิน),Department of Highways (DOH - กรมทางหลวง),Motorcycle,Drunk driving (เมาแล้วขับ),Normal Period (ช่วงเวลาปกติ),Level 2: Moderate Risk (Surveillance Zone),Yes,0,1,1,2,1272056.27,33.6,43.1
THA-2020-100112,2024,3,4,4,2024-03-04,South,Phuket,7.88375,98.2675,National Highway (ทางหลวงแผ่นดิน),Department of Highways (DOH - กรมทางหลวง),Motorcycle,Cutting off abruptly (ตัดหน้ากระชั้นชิด),Normal Period (ช่วงเวลาปกติ),Level 3: Critical Blackspot (Red Zone),No,1,2,0,3,6695267.36,44.9,40.2
THA-2021-100113,2020,10,9,2,2020-10-09,Central,Ayutthaya,14.41083,100.50352,National Highway (ทางหลวงแผ่นดิน),Department of Highways (DOH - กรมทางหลวง),Private Car,Cutting off abruptly (ตัดหน้ากระชั้นชิด),Normal Period (ช่วงเวลาปกติ),Level 2: Moderate Risk (Surveillance Zone),Yes,0,1,1,2,1362037.5,60.9,36.5
THA-2022-100114,2021,8,16,3,2021-08-16,Northeast,Khon Kaen,16.50437,102.73342,National Highway (ทางหลวงแผ่นดิน),Department of Highways (DOH - กรมทางหลวง),Private Car,Fatigue / Falling asleep (หลับใน),Normal Period (ช่วงเวลาปกติ),Level 2: Moderate Risk (Surveillance Zone),No,0,2,3,5,1464548.57,48.4,27.6
THA-2023-100115,2026,12,4,0,2026-12-04,Central,Saraburi,14.55069,100.91432,Urban / City Road (ถนนในเมือง/ท้องถิ่น),Local Administration / BMA (อปท./กทม.),Motorcycle,Speeding (ขับรถเร็วเกินกำหนด),Normal Period (ช่วงเวลาปกติ),Level 2: Moderate Risk (Surveillance Zone),No,0,2,3,5,2028593.17,63.5,98.0
THA-2024-100116,2025,3,16,13,2025-03-16,Central,Ayutthaya,14.29897,100.69258,Rural Road (ทางหลวงชนบท),Department of Rural Roads (DRR - กรมทางหลวงชนบท),Motorcycle,Speeding (ขับรถเร็วเกินกำหนด),Normal Period (ช่วงเวลาปกติ),Level 2: Moderate Risk (Surveillance Zone),Yes,0,1,1,2,791932.36,67.1,92.6
THA-2025-100117,2020,1,19,8,2020-01-19,Bangkok & Vicinity,Bangkok,13.75932,100.46385,Urban / City Road (ถนนในเมือง/ท้องถิ่น),Local Administration / BMA (อปท./กทม.),Motorcycle,Speeding (ขับรถเร็วเกินกำหนด),Normal Period (ช่วงเวลาปกติ),Level 1: Low Risk (Baseline Zone),No,0,0,0,0,75235.75,47.9,98.0
THA-2026-100118,2021,5,1,23,2021-05-01,South,Phuket,7.90729,98.26129,National Highway (ทางหลวงแผ่นดิน),Department of Highways (DOH - กรมทางหลวง),Private Car,Speeding (ขับรถเร็วเกินกำหนด),Normal Period (ช่วงเวลาปกติ),Level 2: Moderate Risk (Surveillance Zone),Yes,0,1,2,3,1617612.1,42.7,47.4
THA-2020-100119,2021,2,23,3,2021-02-23,Northeast,Nakhon Ratchasima,15.20055,102.00009,Expressway (ทางพิเศษ),EXAT (การทางพิเศษแห่งประเทศไทย),Commercial Truck,Speeding (ขับรถเร็วเกินกำหนด),Normal Period (ช่วงเวลาปกติ),Level 3: Critical Blackspot (Red Zone),No,1,2,0,3,7449640.2,30.1,86.9
THA-2021-100120,2022,11,6,17,2022-11-06,Central,Ayutthaya,14.40286,100.5739,National Highway (ทางหลวงแผ่นดิน),Department of Highways (DOH - กรมทางหลวง),Private Car,Cutting off abruptly (ตัดหน้ากระชั้นชิด),Normal Period (ช่วงเวลาปกติ),Level 1: Low Risk (Baseline Zone),Yes,0,0,1,1,330279.02,73.3,28.2
THA-2022-100121,2021,4,10,13,2021-04-10,South,Phuket,7.98664,98.40831,Expressway (ทางพิเศษ),EXAT (การทางพิเศษแห่งประเทศไทย),Public Bus/Van,Fatigue / Falling asleep (หลับใน),Songkran Festival (เทศกาลสงกรานต์),Level 1: Low Risk (Baseline Zone),Yes,0,0,0,0,1197228.12,24.1,39.3
THA-2023-100122,2020,1,16,3,2020-01-16,North,Chiang Mai,18.73085,98.81808,National Highway (ทางหลวงแผ่นดิน),Department of Highways (DOH - กรมทางหลวง),Motorcycle,Fatigue / Falling asleep (หลับใน),Normal Period (ช่วงเวลาปกติ),Level 1: Low Risk (Baseline Zone),No,0,0,1,1,132749.42,61.8,41.8
THA-2024-100123,2023,9,4,9,2023-09-04,Bangkok & Vicinity,Bangkok,13.59609,100.48038,National Highway (ทางหลวงแผ่นดิน),Department of Highways (DOH - กรมทางหลวง),Commercial Truck,Speeding (ขับรถเร็วเกินกำหนด),Normal Period (ช่วงเวลาปกติ),Level 1: Low Risk (Baseline Zone),Yes,0,0,0,0,1249741.24,36.9,95.2
THA-2025-100124,2025,6,22,2,2025-06-22,Bangkok & Vicinity,Nonthaburi,13.98543,100.36291,National Highway (ทางหลวงแผ่นดิน),Department of Highways (DOH - กรมทางหลวง),Commercial Truck,Running red light / Signal violation (ฝ่าฝืนสัญญาณไฟ),Normal Period (ช่วงเวลาปกติ),Level 1: Low Risk (Baseline Zone),Yes,0,0,1,1,1407422.91,61.7,27.3
THA-2026-100125,2024,8,22,22,2024-08-22,North,Chiang Rai,20.07694,99.93842,National Highway (ทางหลวงแผ่นดิน),Department of Highways (DOH - กรมทางหลวง),Motorcycle,Cutting off abruptly (ตัดหน้ากระชั้นชิด),Normal Period (ช่วงเวลาปกติ),Level 1: Low Risk (Baseline Zone),No,0,0,1,1,92314.26,35.8,39.1
THA-2020-100126,2024,11,13,6,2024-11-13,Central,Ayutthaya,14.23182,100.47073,Urban / City Road (ถนนในเมือง/ท้องถิ่น),Local Administration / BMA (อปท./กทม.),Public Bus/Van,Cutting off abruptly (ตัดหน้ากระชั้นชิด),Normal Period (ช่วงเวลาปกติ),Level 2: Moderate Risk (Surveillance Zone),No,0,2,2,4,1782405.49,26.8,32.0
THA-2021-100127,2020,4,16,9,2020-04-16,Central,Saraburi,14.4403,100.93774,Urban / City Road (ถนนในเมือง/ท้องถิ่น),Local Administration / BMA (อปท./กทม.),Motorcycle,Fatigue / Falling asleep (หลับใน),Songkran Festival (เทศกาลสงกรานต์),Level 2: Moderate Risk (Surveillance Zone),Yes,0,1,2,3,1147021.32,55.5,43.4
THA-2022-100128,2026,9,20,12,2026-09-20,Bangkok & Vicinity,Bangkok,13.75124,100.49337,Expressway (ทางพิเศษ),EXAT (การทางพิเศษแห่งประเทศไทย),Commercial Truck,Drunk driving (เมาแล้วขับ),Normal Period (ช่วงเวลาปกติ),Level 2: Moderate Risk (Surveillance Zone),Yes,0,2,1,3,1861334.4,32.4,87.0
THA-2023-100129,2025,2,6,3,2025-02-06,Northeast,Nakhon Ratchasima,14.93448,102.11384,Rural Road (ทางหลวงชนบท),Department of Rural Roads (DRR - กรมทางหลวงชนบท),Commercial Truck,Drunk driving (เมาแล้วขับ),Normal Period (ช่วงเวลาปกติ),Level 3: Critical Blackspot (Red Zone),Yes,1,0,1,2,5928959.24,50.8,95.6
THA-2024-100130,2025,9,26,17,2025-09-26,North,Chiang Rai,19.98584,99.82906,National Highway (ทางหลวงแผ่นดิน),Department of Highways (DOH - กรมทางหลวง),Private Car,Speeding (ขับรถเร็วเกินกำหนด),Normal Period (ช่วงเวลาปกติ),Level 2: Moderate Risk (Surveillance Zone),Yes,0,1,1,2,1291700.4,72.3,53.0
THA-2025-100131,2025,12,11,10,2025-12-11,Bangkok & Vicinity,Nonthaburi,13.80246,100.60269,National Highway (ทางหลวงแผ่นดิน),Department of Highways (DOH - กรมทางหลวง),Private Car,Cutting off abruptly (ตัดหน้ากระชั้นชิด),Normal Period (ช่วงเวลาปกติ),Level 1: Low Risk (Baseline Zone),Yes,0,0,1,1,252491.8,71.1,44.1
THA-2026-100132,2026,5,24,3,2026-05-24,Bangkok & Vicinity,Bangkok,13.73638,100.55148,Expressway (ทางพิเศษ),EXAT (การทางพิเศษแห่งประเทศไทย),Motorcycle,Fatigue / Falling asleep (หลับใน),Normal Period (ช่วงเวลาปกติ),Level 1: Low Risk (Baseline Zone),Yes,0,0,0,0,76833.13,37.9,41.1
THA-2020-100133,2023,6,3,23,2023-06-03,North,Chiang Mai,18.77931,99.08295,Rural Road (ทางหลวงชนบท),Department of Rural Roads (DRR - กรมทางหลวงชนบท),Motorcycle,Cutting off abruptly (ตัดหน้ากระชั้นชิด),Normal Period (ช่วงเวลาปกติ),Level 1: Low Risk (Baseline Zone),Yes,0,0,1,1,119780.43,19.3,31.4
THA-2021-100134,2021,3,20,13,2021-03-20,South,Surat Thani,9.24919,99.42935,Rural Road (ทางหลวงชนบท),Department of Rural Roads (DRR - กรมทางหลวงชนบท),Motorcycle,Drunk driving (เมาแล้วขับ),Normal Period (ช่วงเวลาปกติ),Level 2: Moderate Risk (Surveillance Zone),Yes,0,1,1,2,817922.55,22.5,80.2
THA-2022-100135,2024,4,10,17,2024-04-10,North,Chiang Mai,18.73863,98.93471,National Highway (ทางหลวงแผ่นดิน),Department of Highways (DOH - กรมทางหลวง),Private Car,Cutting off abruptly (ตัดหน้ากระชั้นชิด),Songkran Festival (เทศกาลสงกรานต์),Level 3: Critical Blackspot (Red Zone),Yes,1,1,0,2,6410739.05,45.4,14.1
THA-2023-100136,2025,6,28,7,2025-06-28,Northeast,Nakhon Ratchasima,15.05854,102.09199,Rural Road (ทางหลวงชนบท),Department of Rural Roads (DRR - กรมทางหลวงชนบท),Private Car,Fatigue / Falling asleep (หลับใน),Normal Period (ช่วงเวลาปกติ),Level 2: Moderate Risk (Surveillance Zone),Yes,0,1,3,4,1377098.2,35.4,35.3
THA-2024-100137,2025,7,1,9,2025-07-01,Central,Chonburi,13.35802,100.92216,Expressway (ทางพิเศษ),EXAT (การทางพิเศษแห่งประเทศไทย),Commercial Truck,Speeding (ขับรถเร็วเกินกำหนด),Normal Period (ช่วงเวลาปกติ),Level 2: Moderate Risk (Surveillance Zone),Yes,0,1,1,2,1336902.43,37.0,63.3
THA-2025-100138,2023,1,20,4,2023-01-20,North,Chiang Mai,18.91515,99.07894,National Highway (ทางหลวงแผ่นดิน),Department of Highways (DOH - กรมทางหลวง),Motorcycle,Cutting off abruptly (ตัดหน้ากระชั้นชิด),Normal Period (ช่วงเวลาปกติ),Level 3: Critical Blackspot (Red Zone),No,1,0,0,1,3905343.7,33.8,48.8
THA-2026-100139,2020,7,11,22,2020-07-11,South,Songkhla,7.16489,100.55621,National Highway (ทางหลวงแผ่นดิน),Department of Highways (DOH - กรมทางหลวง),Commercial Truck,Speeding (ขับรถเร็วเกินกำหนด),Normal Period (ช่วงเวลาปกติ),Level 2: Moderate Risk (Surveillance Zone),No,0,1,2,3,2446230.93,58.1,64.4
THA-2020-100140,2022,1,26,6,2022-01-26,South,Surat Thani,9.07613,99.33349,National Highway (ทางหลวงแผ่นดิน),Department of Highways (DOH - กรมทางหลวง),Public Bus/Van,Drunk driving (เมาแล้วขับ),Normal Period (ช่วงเวลาปกติ),Level 2: Moderate Risk (Surveillance Zone),No,0,1,2,3,2059151.6,51.7,67.5
THA-2021-100141,2026,5,26,11,2026-05-26,Bangkok & Vicinity,Nonthaburi,13.89691,100.43578,Urban / City Road (ถนนในเมือง/ท้องถิ่น),Local Administration / BMA (อปท./กทม.),Private Car,Drunk driving (เมาแล้วขับ),Normal Period (ช่วงเวลาปกติ),Level 2: Moderate Risk (Surveillance Zone),Yes,0,1,3,4,1328227.05,35.4,84.5
THA-2022-100142,2024,6,12,2,2024-06-12,Northeast,Nakhon Ratchasima,14.86786,102.10497,National Highway (ทางหลวงแผ่นดิน),Department of Highways (DOH - กรมทางหลวง),Motorcycle,Speeding (ขับรถเร็วเกินกำหนด),Normal Period (ช่วงเวลาปกติ),Level 3: Critical Blackspot (Red Zone),No,1,0,0,1,4019475.76,72.8,54.0
THA-2023-100143,2023,2,14,3,2023-02-14,North,Chiang Mai,18.86612,98.99194,National Highway (ทางหลวงแผ่นดิน),Department of Highways (DOH - กรมทางหลวง),Motorcycle,Drunk driving (เมาแล้วขับ),Normal Period (ช่วงเวลาปกติ),Level 2: Moderate Risk (Surveillance Zone),No,0,1,1,2,1213985.29,60.9,61.6
THA-2024-100144,2022,10,25,9,2022-10-25,North,Chiang Mai,18.76586,98.8836,National Highway (ทางหลวงแผ่นดิน),Department of Highways (DOH - กรมทางหลวง),Motorcycle,Cutting off abruptly (ตัดหน้ากระชั้นชิด),Normal Period (ช่วงเวลาปกติ),Level 2: Moderate Risk (Surveillance Zone),No,0,2,3,5,1030413.8,53.3,40.2
THA-2025-100145,2022,9,8,3,2022-09-08,Bangkok & Vicinity,Bangkok,13.69924,100.58086,Rural Road (ทางหลวงชนบท),Department of Rural Roads (DRR - กรมทางหลวงชนบท),Private Car,Speeding (ขับรถเร็วเกินกำหนด),Normal Period (ช่วงเวลาปกติ),Level 1: Low Risk (Baseline Zone),Yes,0,0,1,1,199228.16,29.0,64.3
THA-2026-100146,2026,10,11,14,2026-10-11,Northeast,Khon Kaen,16.31941,102.98315,National Highway (ทางหลวงแผ่นดิน),Department of Highways (DOH - กรมทางหลวง),Private Car,Cutting off abruptly (ตัดหน้ากระชั้นชิด),Normal Period (ช่วงเวลาปกติ),Level 1: Low Risk (Baseline Zone),Yes,0,0,1,1,269697.21,46.3,40.7
THA-2020-100147,2024,6,4,9,2024-06-04,Northeast,Nakhon Ratchasima,14.98756,101.95503,National Highway (ทางหลวงแผ่นดิน),Department of Highways (DOH - กรมทางหลวง),Public Bus/Van,Speeding (ขับรถเร็วเกินกำหนด),Normal Period (ช่วงเวลาปกติ),Level 3: Critical Blackspot (Red Zone),No,1,1,0,2,5893509.23,72.5,60.9
THA-2021-100148,2025,7,28,20,2025-07-28,Bangkok & Vicinity,Bangkok,13.80159,100.54232,Expressway (ทางพิเศษ),EXAT (การทางพิเศษแห่งประเทศไทย),Motorcycle,Cutting off abruptly (ตัดหน้ากระชั้นชิด),Normal Period (ช่วงเวลาปกติ),Level 2: Moderate Risk (Surveillance Zone),No,0,1,1,2,692009.45,55.4,32.8
THA-2022-100149,2023,10,7,21,2023-10-07,Bangkok & Vicinity,Nonthaburi,13.82271,100.59794,Expressway (ทางพิเศษ),EXAT (การทางพิเศษแห่งประเทศไทย),Motorcycle,Cutting off abruptly (ตัดหน้ากระชั้นชิด),Normal Period (ช่วงเวลาปกติ),Level 1: Low Risk (Baseline Zone),Yes,0,0,1,1,91003.56,31.7,45.2
THA-2023-100150,2024,8,10,15,2024-08-10,South,Phuket,7.82461,98.44918,National Highway (ทางหลวงแผ่นดิน),Department of Highways (DOH - กรมทางหลวง),Private Car,Drunk driving (เมาแล้วขับ),Normal Period (ช่วงเวลาปกติ),Level 1: Low Risk (Baseline Zone),No,0,0,1,1,367840.86,62.9,64.3
THA-2024-100151,2021,11,19,14,2021-11-19,Bangkok & Vicinity,Nonthaburi,13.85897,100.48788,Urban / City Road (ถนนในเมือง/ท้องถิ่น),Local Administration / BMA (อปท./กทม.),Commercial Truck,Fatigue / Falling asleep (หลับใน),Normal Period (ช่วงเวลาปกติ),Level 1: Low Risk (Baseline Zone),Yes,0,0,1,1,837781.28,27.6,60.9
THA-2025-100152,2024,10,25,18,2024-10-25,Bangkok & Vicinity,Bangkok,13.87717,100.59032,Rural Road (ทางหลวงชนบท),Department of Rural Roads (DRR - กรมทางหลวงชนบท),Public Bus/Van,Drunk driving (เมาแล้วขับ),Normal Period (ช่วงเวลาปกติ),Level 3: Critical Blackspot (Red Zone),Yes,1,1,0,2,7663441.56,37.8,90.1
THA-2026-100153,2023,1,26,19,2023-01-26,Northeast,Nakhon Ratchasima,14.88023,102.13203,National Highway (ทางหลวงแผ่นดิน),Department of Highways (DOH - กรมทางหลวง),Commercial Truck,Speeding (ขับรถเร็วเกินกำหนด),Normal Period (ช่วงเวลาปกติ),Level 2: Moderate Risk (Surveillance Zone),Yes,0,1,2,3,2629217.94,56.8,64.3
THA-2020-100154,2023,8,4,18,2023-08-04,South,Songkhla,7.34601,100.7375,National Highway (ทางหลวงแผ่นดิน),Department of Highways (DOH - กรมทางหลวง),Motorcycle,Road defect / Slippery surface (ถนนชำรุด/ลื่น),Normal Period (ช่วงเวลาปกติ),Level 3: Critical Blackspot (Red Zone),No,1,1,0,2,5508734.7,62.3,28.2
THA-2021-100155,2024,4,2,17,2024-04-02,Bangkok & Vicinity,Nonthaburi,13.78026,100.65704,Rural Road (ทางหลวงชนบท),Department of Rural Roads (DRR - กรมทางหลวงชนบท),Private Car,Drunk driving (เมาแล้วขับ),Normal Period (ช่วงเวลาปกติ),Level 2: Moderate Risk (Surveillance Zone),Yes,0,2,2,4,1361056.2,41.6,55.2
THA-2022-100156,2026,10,26,11,2026-10-26,Northeast,Ubon Ratchathani,15.3285,104.75293,National Highway (ทางหลวงแผ่นดิน),Department of Highways (DOH - กรมทางหลวง),Commercial Truck,Speeding (ขับรถเร็วเกินกำหนด),Normal Period (ช่วงเวลาปกติ),Level 2: Moderate Risk (Surveillance Zone),Yes,0,1,1,2,1105901.09,58.0,65.9
THA-2023-100157,2020,8,21,15,2020-08-21,Central,Chonburi,13.37979,101.02769,National Highway (ทางหลวงแผ่นดิน),Department of Highways (DOH - กรมทางหลวง),Motorcycle,Fatigue / Falling asleep (หลับใน),Normal Period (ช่วงเวลาปกติ),Level 3: Critical Blackspot (Red Zone),No,1,2,0,3,6053028.03,70.9,28.7
THA-2024-100158,2025,6,18,0,2025-06-18,Bangkok & Vicinity,Nonthaburi,13.76518,100.57695,Urban / City Road (ถนนในเมือง/ท้องถิ่น),Local Administration / BMA (อปท./กทม.),Motorcycle,Speeding (ขับรถเร็วเกินกำหนด),Normal Period (ช่วงเวลาปกติ),Level 2: Moderate Risk (Surveillance Zone),Yes,0,1,1,2,989366.67,51.7,82.5
THA-2025-100159,2022,11,14,15,2022-11-14,Central,Chonburi,13.57978,101.10757,Rural Road (ทางหลวงชนบท),Department of Rural Roads (DRR - กรมทางหลวงชนบท),Motorcycle,Cutting off abruptly (ตัดหน้ากระชั้นชิด),Normal Period (ช่วงเวลาปกติ),Level 1: Low Risk (Baseline Zone),No,0,0,1,1,140091.47,25.7,28.7
THA-2026-100160,2023,9,26,1,2023-09-26,North,Chiang Mai,18.80288,98.95998,Rural Road (ทางหลวงชนบท),Department of Rural Roads (DRR - กรมทางหลวงชนบท),Motorcycle,Cutting off abruptly (ตัดหน้ากระชั้นชิด),Normal Period (ช่วงเวลาปกติ),Level 3: Critical Blackspot (Red Zone),No,1,0,0,1,4521039.77,48.6,22.0
THA-2020-100161,2020,11,16,23,2020-11-16,Northeast,Khon Kaen,16.46175,102.73583,National Highway (ทางหลวงแผ่นดิน),Department of Highways (DOH - กรมทางหลวง),Private Car,Cutting off abruptly (ตัดหน้ากระชั้นชิด),Normal Period (ช่วงเวลาปกติ),Level 2: Moderate Risk (Surveillance Zone),No,0,1,1,2,811642.37,51.9,39.9
THA-2021-100162,2022,4,22,14,2022-04-22,Northeast,Khon Kaen,16.38922,102.64704,Rural Road (ทางหลวงชนบท),Department of Rural Roads (DRR - กรมทางหลวงชนบท),Motorcycle,Road defect / Slippery surface (ถนนชำรุด/ลื่น),Normal Period (ช่วงเวลาปกติ),Level 1: Low Risk (Baseline Zone),Yes,0,0,0,0,27922.16,37.5,44.0
THA-2022-100163,2023,2,11,6,2023-02-11,Northeast,Nakhon Ratchasima,15.01901,102.06742,National Highway (ทางหลวงแผ่นดิน),Department of Highways (DOH - กรมทางหลวง),Motorcycle,Cutting off abruptly (ตัดหน้ากระชั้นชิด),Normal Period (ช่วงเวลาปกติ),Level 1: Low Risk (Baseline Zone),Yes,0,0,1,1,158756.56,42.7,10.0
THA-2023-100164,2020,2,10,0,2020-02-10,Bangkok & Vicinity,Bangkok,13.81192,100.51258,Rural Road (ทางหลวงชนบท),Department of Rural Roads (DRR - กรมทางหลวงชนบท),Motorcycle,Speeding (ขับรถเร็วเกินกำหนด),Normal Period (ช่วงเวลาปกติ),Level 1: Low Risk (Baseline Zone),Yes,0,0,0,0,41810.65,34.0,72.1
THA-2024-100165,2023,5,17,4,2023-05-17,Central,Ayutthaya,14.26223,100.58644,Urban / City Road (ถนนในเมือง/ท้องถิ่น),Local Administration / BMA (อปท./กทม.),Private Car,Road defect / Slippery surface (ถนนชำรุด/ลื่น),Normal Period (ช่วงเวลาปกติ),Level 1: Low Risk (Baseline Zone),Yes,0,0,0,0,297689.0,47.7,39.3
THA-2025-100166,2026,10,14,9,2026-10-14,North,Chiang Mai,18.72409,99.13429,Urban / City Road (ถนนในเมือง/ท้องถิ่น),Local Administration / BMA (อปท./กทม.),Motorcycle,Road defect / Slippery surface (ถนนชำรุด/ลื่น),Normal Period (ช่วงเวลาปกติ),Level 1: Low Risk (Baseline Zone),Yes,0,0,0,0,48047.12,13.6,23.4
THA-2026-100167,2020,9,22,21,2020-09-22,Bangkok & Vicinity,Bangkok,13.68039,100.45949,National Highway (ทางหลวงแผ่นดิน),Department of Highways (DOH - กรมทางหลวง),Private Car,Drunk driving (เมาแล้วขับ),Normal Period (ช่วงเวลาปกติ),Level 1: Low Risk (Baseline Zone),Yes,0,0,1,1,192728.68,34.6,91.4
THA-2020-100168,2025,12,4,20,2025-12-04,Bangkok & Vicinity,Bangkok,13.66508,100.40278,Rural Road (ทางหลวงชนบท),Department of Rural Roads (DRR - กรมทางหลวงชนบท),Motorcycle,Cutting off abruptly (ตัดหน้ากระชั้นชิด),Normal Period (ช่วงเวลาปกติ),Level 1: Low Risk (Baseline Zone),No,0,0,1,1,140598.83,56.5,46.2
THA-2021-100169,2023,3,19,3,2023-03-19,Northeast,Khon Kaen,16.43491,102.71151,Expressway (ทางพิเศษ),EXAT (การทางพิเศษแห่งประเทศไทย),Motorcycle,Speeding (ขับรถเร็วเกินกำหนด),Normal Period (ช่วงเวลาปกติ),Level 1: Low Risk (Baseline Zone),Yes,0,0,1,1,139655.09,54.2,71.9
THA-2022-100170,2024,8,2,13,2024-08-02,Northeast,Ubon Ratchathani,15.22789,104.886,Rural Road (ทางหลวงชนบท),Department of Rural Roads (DRR - กรมทางหลวงชนบท),Motorcycle,Fatigue / Falling asleep (หลับใน),Normal Period (ช่วงเวลาปกติ),Level 1: Low Risk (Baseline Zone),No,0,0,0,0,27547.31,26.8,24.8
THA-2023-100171,2022,4,7,12,2022-04-07,Bangkok & Vicinity,Bangkok,13.71817,100.30354,National Highway (ทางหลวงแผ่นดิน),Department of Highways (DOH - กรมทางหลวง),Motorcycle,Speeding (ขับรถเร็วเกินกำหนด),Normal Period (ช่วงเวลาปกติ),Level 1: Low Risk (Baseline Zone),Yes,0,0,0,0,71006.3,59.8,93.2
THA-2024-100172,2021,6,9,0,2021-06-09,Northeast,Nakhon Ratchasima,15.09996,102.12179,Rural Road (ทางหลวงชนบท),Department of Rural Roads (DRR - กรมทางหลวงชนบท),Motorcycle,Speeding (ขับรถเร็วเกินกำหนด),Normal Period (ช่วงเวลาปกติ),Level 1: Low Risk (Baseline Zone),Yes,0,0,0,0,29318.42,38.2,70.7
THA-2025-100173,2021,10,28,15,2021-10-28,Bangkok & Vicinity,Nonthaburi,13.88717,100.49251,National Highway (ทางหลวงแผ่นดิน),Department of Highways (DOH - กรมทางหลวง),Motorcycle,Cutting off abruptly (ตัดหน้ากระชั้นชิด),Normal Period (ช่วงเวลาปกติ),Level 1: Low Risk (Baseline Zone),Yes,0,0,1,1,95640.26,40.9,37.6
THA-2026-100174,2020,6,19,22,2020-06-19,Northeast,Khon Kaen,16.50518,102.90802,Urban / City Road (ถนนในเมือง/ท้องถิ่น),Local Administration / BMA (อปท./กทม.),Commercial Truck,Speeding (ขับรถเร็วเกินกำหนด),Normal Period (ช่วงเวลาปกติ),Level 1: Low Risk (Baseline Zone),Yes,0,0,1,1,1353288.92,37.5,47.3
THA-2020-100175,2021,3,16,8,2021-03-16,Bangkok & Vicinity,Bangkok,13.84972,100.52599,Rural Road (ทางหลวงชนบท),Department of Rural Roads (DRR - กรมทางหลวงชนบท),Private Car,Speeding (ขับรถเร็วเกินกำหนด),Normal Period (ช่วงเวลาปกติ),Level 2: Moderate Risk (Surveillance Zone),Yes,0,1,1,2,1350730.88,27.2,61.0
THA-2021-100176,2024,5,22,21,2024-05-22,Northeast,Ubon Ratchathani,15.12096,104.88377,National Highway (ทางหลวงแผ่นดิน),Department of Highways (DOH - กรมทางหลวง),Motorcycle,Cutting off abruptly (ตัดหน้ากระชั้นชิด),Normal Period (ช่วงเวลาปกติ),Level 1: Low Risk (Baseline Zone),Yes,0,0,0,0,27062.67,31.1,52.4
THA-2022-100177,2026,12,25,15,2026-12-25,North,Chiang Rai,19.93457,99.79122,National Highway (ทางหลวงแผ่นดิน),Department of Highways (DOH - กรมทางหลวง),Motorcycle,Speeding (ขับรถเร็วเกินกำหนด),Normal Period (ช่วงเวลาปกติ),Level 2: Moderate Risk (Surveillance Zone),No,0,1,2,3,1197963.3,73.3,59.0
THA-2023-100178,2025,3,16,18,2025-03-16,South,Surat Thani,9.06603,99.37037,National Highway (ทางหลวงแผ่นดิน),Department of Highways (DOH - กรมทางหลวง),Public Bus/Van,Speeding (ขับรถเร็วเกินกำหนด),Normal Period (ช่วงเวลาปกติ),Level 1: Low Risk (Baseline Zone),Yes,0,0,0,0,738335.26,34.1,54.7
THA-2024-100179,2024,11,18,14,2024-11-18,Bangkok & Vicinity,Bangkok,13.74947,100.46669,Urban / City Road (ถนนในเมือง/ท้องถิ่น),Local Administration / BMA (อปท./กทม.),Private Car,Speeding (ขับรถเร็วเกินกำหนด),Normal Period (ช่วงเวลาปกติ),Level 2: Moderate Risk (Surveillance Zone),Yes,0,1,1,2,920797.94,42.9,71.3
THA-2025-100180,2020,11,23,13,2020-11-23,North,Chiang Mai,18.93882,99.04574,National Highway (ทางหลวงแผ่นดิน),Department of Highways (DOH - กรมทางหลวง),Motorcycle,Speeding (ขับรถเร็วเกินกำหนด),Normal Period (ช่วงเวลาปกติ),Level 2: Moderate Risk (Surveillance Zone),Yes,0,1,3,4,1317679.92,33.8,47.0
THA-2026-100181,2022,1,21,19,2022-01-21,Bangkok & Vicinity,Bangkok,13.79541,100.61146,National Highway (ทางหลวงแผ่นดิน),Department of Highways (DOH - กรมทางหลวง),Private Car,Drunk driving (เมาแล้วขับ),Normal Period (ช่วงเวลาปกติ),Level 1: Low Risk (Baseline Zone),Yes,0,0,0,0,305856.75,69.6,63.2
THA-2020-100182,2022,7,21,9,2022-07-21,South,Phuket,7.91013,98.32893,Expressway (ทางพิเศษ),EXAT (การทางพิเศษแห่งประเทศไทย),Private Car,Fatigue / Falling asleep (หลับใน),Normal Period (ช่วงเวลาปกติ),Level 1: Low Risk (Baseline Zone),Yes,0,0,0,0,348384.75,50.1,19.4
THA-2021-100183,2021,4,11,20,2021-04-11,Central,Saraburi,14.49384,100.97667,National Highway (ทางหลวงแผ่นดิน),Department of Highways (DOH - กรมทางหลวง),Private Car,Cutting off abruptly (ตัดหน้ากระชั้นชิด),Songkran Festival (เทศกาลสงกรานต์),Level 1: Low Risk (Baseline Zone),Yes,0,0,1,1,263255.65,42.3,47.0
THA-2022-100184,2023,7,7,11,2023-07-07,Bangkok & Vicinity,Nonthaburi,13.91834,100.55357,National Highway (ทางหลวงแผ่นดิน),Department of Highways (DOH - กรมทางหลวง),Motorcycle,Cutting off abruptly (ตัดหน้ากระชั้นชิด),Normal Period (ช่วงเวลาปกติ),Level 3: Critical Blackspot (Red Zone),No,1,0,0,1,5491240.78,70.6,34.4
THA-2023-100185,2023,3,9,0,2023-03-09,Northeast,Ubon Ratchathani,15.14241,104.9205,Rural Road (ทางหลวงชนบท),Department of Rural Roads (DRR - กรมทางหลวงชนบท),Motorcycle,Speeding (ขับรถเร็วเกินกำหนด),Normal Period (ช่วงเวลาปกติ),Level 1: Low Risk (Baseline Zone),Yes,0,0,0,0,32755.27,25.6,53.6
THA-2024-100186,2022,12,4,20,2022-12-04,Central,Ayutthaya,14.34735,100.62239,National Highway (ทางหลวงแผ่นดิน),Department of Highways (DOH - กรมทางหลวง),Motorcycle,Speeding (ขับรถเร็วเกินกำหนด),Normal Period (ช่วงเวลาปกติ),Level 3: Critical Blackspot (Red Zone),Yes,2,1,1,4,10858788.35,59.7,83.6
THA-2025-100187,2022,11,25,16,2022-11-25,Northeast,Nakhon Ratchasima,14.90519,102.27474,National Highway (ทางหลวงแผ่นดิน),Department of Highways (DOH - กรมทางหลวง),Public Bus/Van,Speeding (ขับรถเร็วเกินกำหนด),Normal Period (ช่วงเวลาปกติ),Level 1: Low Risk (Baseline Zone),Yes,0,0,1,1,529072.82,44.9,53.6
THA-2026-100188,2025,5,13,8,2025-05-13,Northeast,Nakhon Ratchasima,15.00217,102.06022,National Highway (ทางหลวงแผ่นดิน),Department of Highways (DOH - กรมทางหลวง),Private Car,Cutting off abruptly (ตัดหน้ากระชั้นชิด),Normal Period (ช่วงเวลาปกติ),Level 2: Moderate Risk (Surveillance Zone),Yes,0,1,2,3,831929.5,63.6,47.6
THA-2020-100189,2025,5,27,22,2025-05-27,Bangkok & Vicinity,Nonthaburi,13.92026,100.59063,Rural Road (ทางหลวงชนบท),Department of Rural Roads (DRR - กรมทางหลวงชนบท),Motorcycle,Drunk driving (เมาแล้วขับ),Normal Period (ช่วงเวลาปกติ),Level 2: Moderate Risk (Surveillance Zone),Yes,0,1,2,3,1097906.25,35.0,67.4
THA-2021-100190,2022,2,26,18,2022-02-26,Bangkok & Vicinity,Bangkok,13.81337,100.41227,Expressway (ทางพิเศษ),EXAT (การทางพิเศษแห่งประเทศไทย),Commercial Truck,Drunk driving (เมาแล้วขับ),Normal Period (ช่วงเวลาปกติ),Level 2: Moderate Risk (Surveillance Zone),No,0,1,3,4,1197004.36,52.5,41.8
THA-2022-100191,2026,11,25,17,2026-11-25,South,Phuket,7.98324,98.36126,National Highway (ทางหลวงแผ่นดิน),Department of Highways (DOH - กรมทางหลวง),Commercial Truck,Cutting off abruptly (ตัดหน้ากระชั้นชิด),Normal Period (ช่วงเวลาปกติ),Level 3: Critical Blackspot (Red Zone),Yes,1,0,1,2,6160698.24,71.6,45.9
THA-2023-100192,2026,10,4,6,2026-10-04,South,Phuket,7.87895,98.19351,National Highway (ทางหลวงแผ่นดิน),Department of Highways (DOH - กรมทางหลวง),Public Bus/Van,Speeding (ขับรถเร็วเกินกำหนด),Normal Period (ช่วงเวลาปกติ),Level 2: Moderate Risk (Surveillance Zone),Yes,0,1,1,2,2151152.69,51.4,61.3
THA-2024-100193,2022,12,19,8,2022-12-19,Northeast,Khon Kaen,16.39044,102.78127,National Highway (ทางหลวงแผ่นดิน),Department of Highways (DOH - กรมทางหลวง),Commercial Truck,Fatigue / Falling asleep (หลับใน),Normal Period (ช่วงเวลาปกติ),Level 1: Low Risk (Baseline Zone),Yes,0,0,0,0,906733.07,37.6,19.1
THA-2025-100194,2022,2,2,21,2022-02-02,North,Chiang Mai,18.82885,98.93805,Urban / City Road (ถนนในเมือง/ท้องถิ่น),Local Administration / BMA (อปท./กทม.),Public Bus/Van,Speeding (ขับรถเร็วเกินกำหนด),Normal Period (ช่วงเวลาปกติ),Level 1: Low Risk (Baseline Zone),No,0,0,1,1,1173848.58,38.4,85.5
THA-2026-100195,2023,4,9,20,2023-04-09,North,Chiang Mai,18.64236,99.00725,National Highway (ทางหลวงแผ่นดิน),Department of Highways (DOH - กรมทางหลวง),Motorcycle,Drunk driving (เมาแล้วขับ),Normal Period (ช่วงเวลาปกติ),Level 1: Low Risk (Baseline Zone),Yes,0,0,0,0,53605.43,77.8,69.1
THA-2020-100196,2026,4,12,11,2026-04-12,Central,Chonburi,13.33856,100.91913,Urban / City Road (ถนนในเมือง/ท้องถิ่น),Local Administration / BMA (อปท./กทม.),Commercial Truck,Cutting off abruptly (ตัดหน้ากระชั้นชิด),Songkran Festival (เทศกาลสงกรานต์),Level 2: Moderate Risk (Surveillance Zone),Yes,0,1,1,2,2347270.58,32.0,44.7
THA-2021-100197,2026,4,2,6,2026-04-02,South,Phuket,7.88828,98.23212,National Highway (ทางหลวงแผ่นดิน),Department of Highways (DOH - กรมทางหลวง),Commercial Truck,Drunk driving (เมาแล้วขับ),Normal Period (ช่วงเวลาปกติ),Level 3: Critical Blackspot (Red Zone),No,1,1,0,2,6062745.78,63.7,32.0
THA-2022-100198,2020,6,6,13,2020-06-06,South,Phuket,7.93624,98.37585,Expressway (ทางพิเศษ),EXAT (การทางพิเศษแห่งประเทศไทย),Motorcycle,Road defect / Slippery surface (ถนนชำรุด/ลื่น),Normal Period (ช่วงเวลาปกติ),Level 2: Moderate Risk (Surveillance Zone),Yes,0,1,1,2,962312.16,25.4,14.2
THA-2023-100199,2022,2,5,14,2022-02-05,Central,Chonburi,13.33704,101.07045,Rural Road (ทางหลวงชนบท),Department of Rural Roads (DRR - กรมทางหลวงชนบท),Motorcycle,Road defect / Slippery surface (ถนนชำรุด/ลื่น),Normal Period (ช่วงเวลาปกติ),Level 1: Low Risk (Baseline Zone),Yes,0,0,1,1,104098.67,36.4,15.8
THA-2024-100200,2023,6,5,14,2023-06-05,Northeast,Khon Kaen,16.38398,102.84688,Rural Road (ทางหลวงชนบท),Department of Rural Roads (DRR - กรมทางหลวงชนบท),Public Bus/Van,Cutting off abruptly (ตัดหน้ากระชั้นชิด),Normal Period (ช่วงเวลาปกติ),Level 1: Low Risk (Baseline Zone),Yes,0,0,1,1,813500.97,45.2,34.7
THA-2025-100201,2023,7,20,5,2023-07-20,Bangkok & Vicinity,Bangkok,13.74464,100.79124,National Highway (ทางหลวงแผ่นดิน),Department of Highways (DOH - กรมทางหลวง),Motorcycle,Cutting off abruptly (ตัดหน้ากระชั้นชิด),Normal Period (ช่วงเวลาปกติ),Level 1: Low Risk (Baseline Zone),No,0,0,1,1,77707.6,67.6,49.3
THA-2026-100202,2021,11,22,20,2021-11-22,Bangkok & Vicinity,Bangkok,13.80026,100.39907,Urban / City Road (ถนนในเมือง/ท้องถิ่น),Local Administration / BMA (อปท./กทม.),Commercial Truck,Speeding (ขับรถเร็วเกินกำหนด),Normal Period (ช่วงเวลาปกติ),Level 2: Moderate Risk (Surveillance Zone),No,0,1,1,2,1998033.78,41.2,58.2
THA-2020-100203,2025,10,5,13,2025-10-05,South,Phuket,8.0381,98.48617,National Highway (ทางหลวงแผ่นดิน),Department of Highways (DOH - กรมทางหลวง),Motorcycle,Road defect / Slippery surface (ถนนชำรุด/ลื่น),Normal Period (ช่วงเวลาปกติ),Level 1: Low Risk (Baseline Zone),Yes,0,0,1,1,98092.37,44.9,64.1
THA-2021-100204,2024,3,27,1,2024-03-27,Northeast,Khon Kaen,16.43625,102.78424,National Highway (ทางหลวงแผ่นดิน),Department of Highways (DOH - กรมทางหลวง),Motorcycle,Cutting off abruptly (ตัดหน้ากระชั้นชิด),Normal Period (ช่วงเวลาปกติ),Level 1: Low Risk (Baseline Zone),Yes,0,0,1,1,137895.42,47.6,44.6
THA-2022-100205,2025,11,4,7,2025-11-04,Bangkok & Vicinity,Bangkok,13.63693,100.54055,National Highway (ทางหลวงแผ่นดิน),Department of Highways (DOH - กรมทางหลวง),Motorcycle,Speeding (ขับรถเร็วเกินกำหนด),Normal Period (ช่วงเวลาปกติ),Level 3: Critical Blackspot (Red Zone),No,1,2,0,3,7103417.71,68.0,64.4
THA-2023-100206,2025,12,9,12,2025-12-09,Bangkok & Vicinity,Bangkok,13.69554,100.4226,Urban / City Road (ถนนในเมือง/ท้องถิ่น),Local Administration / BMA (อปท./กทม.),Motorcycle,Cutting off abruptly (ตัดหน้ากระชั้นชิด),Normal Period (ช่วงเวลาปกติ),Level 2: Moderate Risk (Surveillance Zone),Yes,0,1,2,3,879062.49,26.4,26.2
THA-2024-100207,2025,8,22,22,2025-08-22,Northeast,Ubon Ratchathani,15.31459,104.98634,Urban / City Road (ถนนในเมือง/ท้องถิ่น),Local Administration / BMA (อปท./กทม.),Private Car,Speeding (ขับรถเร็วเกินกำหนด),Normal Period (ช่วงเวลาปกติ),Level 1: Low Risk (Baseline Zone),Yes,0,0,1,1,346447.76,41.5,43.1
THA-2025-100208,2023,2,27,5,2023-02-27,Bangkok & Vicinity,Bangkok,13.71344,100.57433,Rural Road (ทางหลวงชนบท),Department of Rural Roads (DRR - กรมทางหลวงชนบท),Private Car,Cutting off abruptly (ตัดหน้ากระชั้นชิด),Normal Period (ช่วงเวลาปกติ),Level 2: Moderate Risk (Surveillance Zone),Yes,0,2,1,3,2171844.53,53.9,39.9
THA-2026-100209,2024,11,10,4,2024-11-10,Bangkok & Vicinity,Bangkok,13.7754,100.53409,Rural Road (ทางหลวงชนบท),Department of Rural Roads (DRR - กรมทางหลวงชนบท),Motorcycle,Cutting off abruptly (ตัดหน้ากระชั้นชิด),Normal Period (ช่วงเวลาปกติ),Level 3: Critical Blackspot (Red Zone),Yes,1,0,1,2,3677472.85,29.7,26.7
THA-2020-100210,2021,8,16,4,2021-08-16,Northeast,Nakhon Ratchasima,14.90622,102.07869,National Highway (ทางหลวงแผ่นดิน),Department of Highways (DOH - กรมทางหลวง),Motorcycle,Speeding (ขับรถเร็วเกินกำหนด),Normal Period (ช่วงเวลาปกติ),Level 3: Critical Blackspot (Red Zone),No,1,0,0,1,4532828.06,35.1,58.7
THA-2021-100211,2024,11,10,0,2024-11-10,Northeast,Ubon Ratchathani,15.1461,104.73727,Urban / City Road (ถนนในเมือง/ท้องถิ่น),Local Administration / BMA (อปท./กทม.),Motorcycle,Speeding (ขับรถเร็วเกินกำหนด),Normal Period (ช่วงเวลาปกติ),Level 3: Critical Blackspot (Red Zone),Yes,2,0,1,3,11275262.18,31.8,53.5
THA-2022-100212,2021,5,10,8,2021-05-10,Northeast,Ubon Ratchathani,15.29144,104.80011,Urban / City Road (ถนนในเมือง/ท้องถิ่น),Local Administration / BMA (อปท./กทม.),Motorcycle,Road defect / Slippery surface (ถนนชำรุด/ลื่น),Normal Period (ช่วงเวลาปกติ),Level 1: Low Risk (Baseline Zone),No,0,0,0,0,89036.01,10.0,48.1
THA-2023-100213,2024,2,19,5,2024-02-19,Bangkok & Vicinity,Nonthaburi,13.77974,100.40454,Rural Road (ทางหลวงชนบท),Department of Rural Roads (DRR - กรมทางหลวงชนบท),Private Car,Fatigue / Falling asleep (หลับใน),Normal Period (ช่วงเวลาปกติ),Level 2: Moderate Risk (Surveillance Zone),Yes,0,2,1,3,2768290.31,23.8,12.6
THA-2024-100214,2021,7,10,19,2021-07-10,Central,Chonburi,13.22486,100.80862,National Highway (ทางหลวงแผ่นดิน),Department of Highways (DOH - กรมทางหลวง),Motorcycle,Fatigue / Falling asleep (หลับใน),Normal Period (ช่วงเวลาปกติ),Level 1: Low Risk (Baseline Zone),No,0,0,0,0,66883.65,44.5,47.9
THA-2025-100215,2020,2,6,6,2020-02-06,Bangkok & Vicinity,Nonthaburi,13.87209,100.27693,Expressway (ทางพิเศษ),EXAT (การทางพิเศษแห่งประเทศไทย),Motorcycle,Speeding (ขับรถเร็วเกินกำหนด),Normal Period (ช่วงเวลาปกติ),Level 2: Moderate Risk (Surveillance Zone),Yes,0,1,2,3,1300348.31,42.0,41.9
THA-2026-100216,2021,6,17,8,2021-06-17,North,Chiang Mai,18.83072,99.02708,Urban / City Road (ถนนในเมือง/ท้องถิ่น),Local Administration / BMA (อปท./กทม.),Motorcycle,Fatigue / Falling asleep (หลับใน),Normal Period (ช่วงเวลาปกติ),Level 2: Moderate Risk (Surveillance Zone),Yes,0,2,2,4,1321546.46,31.7,49.2
THA-2020-100217,2020,10,5,4,2020-10-05,Central,Chonburi,13.35218,100.99137,Rural Road (ทางหลวงชนบท),Department of Rural Roads (DRR - กรมทางหลวงชนบท),Motorcycle,Cutting off abruptly (ตัดหน้ากระชั้นชิด),Normal Period (ช่วงเวลาปกติ),Level 3: Critical Blackspot (Red Zone),Yes,1,1,0,2,4757900.73,58.5,52.1
THA-2021-100218,2024,3,26,13,2024-03-26,Northeast,Khon Kaen,16.40652,102.84387,National Highway (ทางหลวงแผ่นดิน),Department of Highways (DOH - กรมทางหลวง),Motorcycle,Speeding (ขับรถเร็วเกินกำหนด),Normal Period (ช่วงเวลาปกติ),Level 3: Critical Blackspot (Red Zone),No,1,0,1,2,4951237.84,53.4,59.7
THA-2022-100219,2025,9,6,4,2025-09-06,Central,Saraburi,14.54812,101.02794,Rural Road (ทางหลวงชนบท),Department of Rural Roads (DRR - กรมทางหลวงชนบท),Motorcycle,Speeding (ขับรถเร็วเกินกำหนด),Normal Period (ช่วงเวลาปกติ),Level 1: Low Risk (Baseline Zone),Yes,0,0,1,1,79068.75,19.1,55.5
THA-2023-100220,2023,3,27,7,2023-03-27,Northeast,Ubon Ratchathani,15.38275,104.9825,Rural Road (ทางหลวงชนบท),Department of Rural Roads (DRR - กรมทางหลวงชนบท),Commercial Truck,Speeding (ขับรถเร็วเกินกำหนด),Normal Period (ช่วงเวลาปกติ),Level 2: Moderate Risk (Surveillance Zone),Yes,0,1,1,2,1334965.72,49.8,70.7
THA-2024-100221,2021,11,24,6,2021-11-24,Northeast,Nakhon Ratchasima,14.9081,102.166,National Highway (ทางหลวงแผ่นดิน),Department of Highways (DOH - กรมทางหลวง),Public Bus/Van,Speeding (ขับรถเร็วเกินกำหนด),Normal Period (ช่วงเวลาปกติ),Level 1: Low Risk (Baseline Zone),Yes,0,0,0,0,542515.15,55.1,86.5
THA-2025-100222,2020,12,27,12,2020-12-27,Bangkok & Vicinity,Bangkok,13.80185,100.44339,National Highway (ทางหลวงแผ่นดิน),Department of Highways (DOH - กรมทางหลวง),Commercial Truck,Running red light / Signal violation (ฝ่าฝืนสัญญาณไฟ),Normal Period (ช่วงเวลาปกติ),Level 1: Low Risk (Baseline Zone),No,0,0,0,0,1071079.75,66.2,37.2
THA-2026-100223,2020,12,15,12,2020-12-15,North,Chiang Mai,18.70853,98.9514,National Highway (ทางหลวงแผ่นดิน),Department of Highways (DOH - กรมทางหลวง),Motorcycle,Speeding (ขับรถเร็วเกินกำหนด),Normal Period (ช่วงเวลาปกติ),Level 2: Moderate Risk (Surveillance Zone),No,0,1,2,3,1223311.69,69.6,80.2
THA-2020-100224,2021,3,25,7,2021-03-25,Bangkok & Vicinity,Nonthaburi,13.76662,100.38836,Rural Road (ทางหลวงชนบท),Department of Rural Roads (DRR - กรมทางหลวงชนบท),Motorcycle,Cutting off abruptly (ตัดหน้ากระชั้นชิด),Normal Period (ช่วงเวลาปกติ),Level 2: Moderate Risk (Surveillance Zone),Yes,0,1,1,2,881735.46,40.2,48.6
THA-2021-100225,2026,5,27,10,2026-05-27,Bangkok & Vicinity,Nonthaburi,13.90686,100.51635,National Highway (ทางหลวงแผ่นดิน),Department of Highways (DOH - กรมทางหลวง),Motorcycle,Cutting off abruptly (ตัดหน้ากระชั้นชิด),Normal Period (ช่วงเวลาปกติ),Level 1: Low Risk (Baseline Zone),Yes,0,0,1,1,117806.57,48.4,49.0
THA-2022-100226,2021,7,19,17,2021-07-19,South,Songkhla,7.17808,100.6977,National Highway (ทางหลวงแผ่นดิน),Department of Highways (DOH - กรมทางหลวง),Private Car,Speeding (ขับรถเร็วเกินกำหนด),Normal Period (ช่วงเวลาปกติ),Level 2: Moderate Risk (Surveillance Zone),Yes,0,2,1,3,1459753.72,45.4,40.4
THA-2023-100227,2022,8,18,18,2022-08-18,North,Chiang Rai,19.89287,99.91533,Urban / City Road (ถนนในเมือง/ท้องถิ่น),Local Administration / BMA (อปท./กทม.),Public Bus/Van,Cutting off abruptly (ตัดหน้ากระชั้นชิด),Normal Period (ช่วงเวลาปกติ),Level 3: Critical Blackspot (Red Zone),Yes,2,0,1,3,10352574.63,21.3,40.2
THA-2024-100228,2020,12,4,5,2020-12-04,South,Phuket,7.81389,98.32523,Rural Road (ทางหลวงชนบท),Department of Rural Roads (DRR - กรมทางหลวงชนบท),Motorcycle,Speeding (ขับรถเร็วเกินกำหนด),Normal Period (ช่วงเวลาปกติ),Level 3: Critical Blackspot (Red Zone),No,1,0,0,1,5232726.92,12.3,79.1
THA-2025-100229,2021,11,8,21,2021-11-08,Northeast,Khon Kaen,16.43346,103.01452,National Highway (ทางหลวงแผ่นดิน),Department of Highways (DOH - กรมทางหลวง),Motorcycle,Fatigue / Falling asleep (หลับใน),Normal Period (ช่วงเวลาปกติ),Level 1: Low Risk (Baseline Zone),Yes,0,0,0,0,74815.07,63.0,37.9
THA-2026-100230,2023,7,27,1,2023-07-27,Central,Chonburi,13.47679,101.08352,National Highway (ทางหลวงแผ่นดิน),Department of Highways (DOH - กรมทางหลวง),Private Car,Speeding (ขับรถเร็วเกินกำหนด),Normal Period (ช่วงเวลาปกติ),Level 2: Moderate Risk (Surveillance Zone),Yes,0,1,3,4,1350818.86,47.6,88.3
THA-2020-100231,2024,9,16,12,2024-09-16,Northeast,Nakhon Ratchasima,14.85643,102.11086,Urban / City Road (ถนนในเมือง/ท้องถิ่น),Local Administration / BMA (อปท./กทม.),Commercial Truck,Cutting off abruptly (ตัดหน้ากระชั้นชิด),Normal Period (ช่วงเวลาปกติ),Level 1: Low Risk (Baseline Zone),Yes,0,0,1,1,1259143.95,60.5,10.0
THA-2021-100232,2021,5,24,22,2021-05-24,Northeast,Nakhon Ratchasima,15.0538,102.28548,Urban / City Road (ถนนในเมือง/ท้องถิ่น),Local Administration / BMA (อปท./กทม.),Commercial Truck,Drunk driving (เมาแล้วขับ),Normal Period (ช่วงเวลาปกติ),Level 1: Low Risk (Baseline Zone),Yes,0,0,0,0,520420.08,56.3,90.6
THA-2022-100233,2020,10,19,10,2020-10-19,Northeast,Nakhon Ratchasima,14.82836,102.16359,National Highway (ทางหลวงแผ่นดิน),Department of Highways (DOH - กรมทางหลวง),Private Car,Road defect / Slippery surface (ถนนชำรุด/ลื่น),Normal Period (ช่วงเวลาปกติ),Level 2: Moderate Risk (Surveillance Zone),Yes,0,1,1,2,1604746.52,78.3,40.4
THA-2023-100234,2022,11,20,0,2022-11-20,Bangkok & Vicinity,Bangkok,13.85209,100.54246,Expressway (ทางพิเศษ),EXAT (การทางพิเศษแห่งประเทศไทย),Public Bus/Van,Fatigue / Falling asleep (หลับใน),Normal Period (ช่วงเวลาปกติ),Level 1: Low Risk (Baseline Zone),Yes,0,0,1,1,863307.73,37.4,10.0
THA-2024-100235,2021,3,3,23,2021-03-03,Central,Chonburi,13.23957,101.00749,National Highway (ทางหลวงแผ่นดิน),Department of Highways (DOH - กรมทางหลวง),Motorcycle,Drunk driving (เมาแล้วขับ),Normal Period (ช่วงเวลาปกติ),Level 2: Moderate Risk (Surveillance Zone),No,0,1,2,3,1141189.45,53.7,65.9
THA-2025-100236,2021,6,10,1,2021-06-10,North,Chiang Mai,18.82689,99.0013,Expressway (ทางพิเศษ),EXAT (การทางพิเศษแห่งประเทศไทย),Commercial Truck,Cutting off abruptly (ตัดหน้ากระชั้นชิด),Normal Period (ช่วงเวลาปกติ),Level 2: Moderate Risk (Surveillance Zone),No,0,1,1,2,1389552.22,48.2,20.1
THA-2026-100237,2026,5,2,16,2026-05-02,Bangkok & Vicinity,Bangkok,13.69465,100.429,National Highway (ทางหลวงแผ่นดิน),Department of Highways (DOH - กรมทางหลวง),Public Bus/Van,Cutting off abruptly (ตัดหน้ากระชั้นชิด),Normal Period (ช่วงเวลาปกติ),Level 1: Low Risk (Baseline Zone),Yes,0,0,1,1,1193835.4,44.9,18.1
THA-2020-100238,2024,12,4,7,2024-12-04,Northeast,Khon Kaen,16.47325,102.76273,National Highway (ทางหลวงแผ่นดิน),Department of Highways (DOH - กรมทางหลวง),Commercial Truck,Fatigue / Falling asleep (หลับใน),Normal Period (ช่วงเวลาปกติ),Level 3: Critical Blackspot (Red Zone),No,1,0,0,1,4606828.44,44.7,50.0
THA-2021-100239,2023,4,6,1,2023-04-06,Bangkok & Vicinity,Bangkok,13.69748,100.48923,National Highway (ทางหลวงแผ่นดิน),Department of Highways (DOH - กรมทางหลวง),Motorcycle,Road defect / Slippery surface (ถนนชำรุด/ลื่น),Normal Period (ช่วงเวลาปกติ),Level 1: Low Risk (Baseline Zone),Yes,0,0,0,0,36030.13,41.3,10.0
THA-2022-100240,2023,12,11,5,2023-12-11,South,Surat Thani,9.15258,99.41499,National Highway (ทางหลวงแผ่นดิน),Department of Highways (DOH - กรมทางหลวง),Motorcycle,Speeding (ขับรถเร็วเกินกำหนด),Normal Period (ช่วงเวลาปกติ),Level 3: Critical Blackspot (Red Zone),Yes,3,2,1,6,19596800.82,66.4,65.3
THA-2023-100241,2023,2,14,21,2023-02-14,South,Surat Thani,9.03055,99.20496,Rural Road (ทางหลวงชนบท),Department of Rural Roads (DRR - กรมทางหลวงชนบท),Motorcycle,Cutting off abruptly (ตัดหน้ากระชั้นชิด),Normal Period (ช่วงเวลาปกติ),Level 3: Critical Blackspot (Red Zone),No,1,1,1,3,4704438.57,29.1,19.5
THA-2024-100242,2023,7,16,4,2023-07-16,South,Phuket,7.84601,98.23028,Urban / City Road (ถนนในเมือง/ท้องถิ่น),Local Administration / BMA (อปท./กทม.),Motorcycle,Fatigue / Falling asleep (หลับใน),Normal Period (ช่วงเวลาปกติ),Level 3: Critical Blackspot (Red Zone),Yes,1,0,1,2,3754649.45,43.5,40.6
THA-2025-100243,2024,5,27,15,2024-05-27,North,Chiang Mai,18.84109,98.80588,Urban / City Road (ถนนในเมือง/ท้องถิ่น),Local Administration / BMA (อปท./กทม.),Commercial Truck,Cutting off abruptly (ตัดหน้ากระชั้นชิด),Normal Period (ช่วงเวลาปกติ),Level 2: Moderate Risk (Surveillance Zone),Yes,0,1,1,2,2026583.79,61.5,54.1
THA-2026-100244,2024,4,21,7,2024-04-21,Bangkok & Vicinity,Bangkok,13.81996,100.60161,National Highway (ทางหลวงแผ่นดิน),Department of Highways (DOH - กรมทางหลวง),Motorcycle,Speeding (ขับรถเร็วเกินกำหนด),Normal Period (ช่วงเวลาปกติ),Level 1: Low Risk (Baseline Zone),No,0,0,0,0,59290.97,34.9,68.7
THA-2020-100245,2021,12,19,18,2021-12-19,South,Phuket,7.90377,98.22514,National Highway (ทางหลวงแผ่นดิน),Department of Highways (DOH - กรมทางหลวง),Motorcycle,Cutting off abruptly (ตัดหน้ากระชั้นชิด),Normal Period (ช่วงเวลาปกติ),Level 2: Moderate Risk (Surveillance Zone),No,0,1,3,4,1106641.65,61.5,36.3
THA-2021-100246,2023,8,2,15,2023-08-02,North,Chiang Rai,19.92005,99.76889,National Highway (ทางหลวงแผ่นดิน),Department of Highways (DOH - กรมทางหลวง),Private Car,Drunk driving (เมาแล้วขับ),Normal Period (ช่วงเวลาปกติ),Level 1: Low Risk (Baseline Zone),Yes,0,0,1,1,361246.32,35.1,38.2
THA-2022-100247,2023,9,25,12,2023-09-25,South,Surat Thani,9.03002,99.37365,National Highway (ทางหลวงแผ่นดิน),Department of Highways (DOH - กรมทางหลวง),Motorcycle,Running red light / Signal violation (ฝ่าฝืนสัญญาณไฟ),Normal Period (ช่วงเวลาปกติ),Level 1: Low Risk (Baseline Zone),No,0,0,0,0,56263.87,57.2,50.9
THA-2023-100248,2026,9,17,19,2026-09-17,South,Surat Thani,9.20722,99.43721,Rural Road (ทางหลวงชนบท),Department of Rural Roads (DRR - กรมทางหลวงชนบท),Motorcycle,Cutting off abruptly (ตัดหน้ากระชั้นชิด),Normal Period (ช่วงเวลาปกติ),Level 2: Moderate Risk (Surveillance Zone),No,0,2,3,5,1675282.47,47.5,58.1
THA-2024-100249,2024,3,9,6,2024-03-09,Central,Saraburi,14.50327,100.92627,National Highway (ทางหลวงแผ่นดิน),Department of Highways (DOH - กรมทางหลวง),Motorcycle,Speeding (ขับรถเร็วเกินกำหนด),Normal Period (ช่วงเวลาปกติ),Level 2: Moderate Risk (Surveillance Zone),No,0,2,1,3,1042350.59,68.7,64.2
THA-2025-100250,2023,3,17,15,2023-03-17,North,Chiang Mai,18.93818,99.17388,Urban / City Road (ถนนในเมือง/ท้องถิ่น),Local Administration / BMA (อปท./กทม.),Private Car,Speeding (ขับรถเร็วเกินกำหนด),Normal Period (ช่วงเวลาปกติ),Level 1: Low Risk (Baseline Zone),Yes,0,0,1,1,438321.59,63.6,75.2
THA-2026-100251,2020,5,15,22,2020-05-15,North,Chiang Rai,20.00773,99.8091,Rural Road (ทางหลวงชนบท),Department of Rural Roads (DRR - กรมทางหลวงชนบท),Motorcycle,Speeding (ขับรถเร็วเกินกำหนด),Normal Period (ช่วงเวลาปกติ),Level 2: Moderate Risk (Surveillance Zone),No,0,2,2,4,2545292.6,61.2,44.5
THA-2020-100252,2024,5,7,15,2024-05-07,Central,Saraburi,14.52955,100.89476,National Highway (ทางหลวงแผ่นดิน),Department of Highways (DOH - กรมทางหลวง),Commercial Truck,Cutting off abruptly (ตัดหน้ากระชั้นชิด),Normal Period (ช่วงเวลาปกติ),Level 2: Moderate Risk (Surveillance Zone),Yes,0,1,3,4,2614433.89,70.2,49.6
THA-2021-100253,2020,10,22,11,2020-10-22,North,Chiang Mai,18.85181,98.91153,Rural Road (ทางหลวงชนบท),Department of Rural Roads (DRR - กรมทางหลวงชนบท),Motorcycle,Cutting off abruptly (ตัดหน้ากระชั้นชิด),Normal Period (ช่วงเวลาปกติ),Level 1: Low Risk (Baseline Zone),No,0,0,1,1,109333.15,28.2,33.3
THA-2022-100254,2022,2,23,13,2022-02-23,Bangkok & Vicinity,Bangkok,13.78522,100.53117,National Highway (ทางหลวงแผ่นดิน),Department of Highways (DOH - กรมทางหลวง),Commercial Truck,Speeding (ขับรถเร็วเกินกำหนด),Normal Period (ช่วงเวลาปกติ),Level 3: Critical Blackspot (Red Zone),Yes,1,0,0,1,4524342.36,32.3,70.5
THA-2023-100255,2021,1,19,23,2021-01-19,Northeast,Nakhon Ratchasima,15.01444,102.00578,National Highway (ทางหลวงแผ่นดิน),Department of Highways (DOH - กรมทางหลวง),Motorcycle,Drunk driving (เมาแล้วขับ),Normal Period (ช่วงเวลาปกติ),Level 2: Moderate Risk (Surveillance Zone),Yes,0,2,2,4,1573731.15,39.7,88.6
THA-2024-100256,2024,8,3,17,2024-08-03,South,Surat Thani,9.16045,99.48074,Urban / City Road (ถนนในเมือง/ท้องถิ่น),Local Administration / BMA (อปท./กทม.),Motorcycle,Drunk driving (เมาแล้วขับ),Normal Period (ช่วงเวลาปกติ),Level 3: Critical Blackspot (Red Zone),No,1,1,1,3,5958497.81,61.1,56.3
THA-2025-100257,2021,3,27,17,2021-03-27,Northeast,Ubon Ratchathani,15.20367,104.87068,National Highway (ทางหลวงแผ่นดิน),Department of Highways (DOH - กรมทางหลวง),Motorcycle,Speeding (ขับรถเร็วเกินกำหนด),Normal Period (ช่วงเวลาปกติ),Level 1: Low Risk (Baseline Zone),No,0,0,1,1,84746.19,61.8,82.9
THA-2026-100258,2022,1,1,15,2022-01-01,Northeast,Nakhon Ratchasima,14.81412,102.12056,National Highway (ทางหลวงแผ่นดิน),Department of Highways (DOH - กรมทางหลวง),Motorcycle,Speeding (ขับรถเร็วเกินกำหนด),New Year Festival (เทศกาลปีใหม่),Level 1: Low Risk (Baseline Zone),Yes,0,0,0,0,89174.16,56.5,74.5
THA-2020-100259,2026,1,4,19,2026-01-04,Bangkok & Vicinity,Bangkok,13.77579,100.51228,Urban / City Road (ถนนในเมือง/ท้องถิ่น),Local Administration / BMA (อปท./กทม.),Motorcycle,Running red light / Signal violation (ฝ่าฝืนสัญญาณไฟ),New Year Festival (เทศกาลปีใหม่),Level 2: Moderate Risk (Surveillance Zone),Yes,0,1,2,3,723643.15,37.6,28.3
THA-2021-100260,2021,11,28,15,2021-11-28,Northeast,Khon Kaen,16.49793,102.79849,National Highway (ทางหลวงแผ่นดิน),Department of Highways (DOH - กรมทางหลวง),Motorcycle,Speeding (ขับรถเร็วเกินกำหนด),Normal Period (ช่วงเวลาปกติ),Level 3: Critical Blackspot (Red Zone),No,1,0,0,1,4578120.49,49.3,50.0
THA-2022-100261,2023,2,18,12,2023-02-18,South,Songkhla,7.28148,100.53482,Urban / City Road (ถนนในเมือง/ท้องถิ่น),Local Administration / BMA (อปท./กทม.),Motorcycle,Fatigue / Falling asleep (หลับใน),Normal Period (ช่วงเวลาปกติ),Level 2: Moderate Risk (Surveillance Zone),No,0,1,2,3,1261045.97,24.5,17.9
THA-2023-100262,2023,6,26,8,2023-06-26,Bangkok & Vicinity,Bangkok,13.8862,100.52094,National Highway (ทางหลวงแผ่นดิน),Department of Highways (DOH - กรมทางหลวง),Private Car,Cutting off abruptly (ตัดหน้ากระชั้นชิด),Normal Period (ช่วงเวลาปกติ),Level 2: Moderate Risk (Surveillance Zone),No,0,1,1,2,953602.84,48.1,27.9
THA-2024-100263,2020,6,8,8,2020-06-08,Northeast,Nakhon Ratchasima,14.97345,101.96894,National Highway (ทางหลวงแผ่นดิน),Department of Highways (DOH - กรมทางหลวง),Motorcycle,Fatigue / Falling asleep (หลับใน),Normal Period (ช่วงเวลาปกติ),Level 2: Moderate Risk (Surveillance Zone),No,0,1,1,2,607739.99,60.9,24.2
THA-2025-100264,2025,3,19,12,2025-03-19,Central,Saraburi,14.42903,100.94238,Urban / City Road (ถนนในเมือง/ท้องถิ่น),Local Administration / BMA (อปท./กทม.),Motorcycle,Fatigue / Falling asleep (หลับใน),Normal Period (ช่วงเวลาปกติ),Level 1: Low Risk (Baseline Zone),Yes,0,0,1,1,66277.95,11.5,45.9
THA-2026-100265,2020,12,23,3,2020-12-23,Central,Chonburi,13.29659,101.07425,Rural Road (ทางหลวงชนบท),Department of Rural Roads (DRR - กรมทางหลวงชนบท),Private Car,Drunk driving (เมาแล้วขับ),Normal Period (ช่วงเวลาปกติ),Level 1: Low Risk (Baseline Zone),Yes,0,0,1,1,521103.15,58.2,53.0
THA-2020-100266,2023,4,23,8,2023-04-23,Northeast,Ubon Ratchathani,15.27067,104.71905,National Highway (ทางหลวงแผ่นดิน),Department of Highways (DOH - กรมทางหลวง),Public Bus/Van,Fatigue / Falling asleep (หลับใน),Normal Period (ช่วงเวลาปกติ),Level 1: Low Risk (Baseline Zone),Yes,0,0,1,1,631218.59,71.7,40.1
THA-2021-100267,2024,12,28,14,2024-12-28,Central,Chonburi,13.4296,100.97008,National Highway (ทางหลวงแผ่นดิน),Department of Highways (DOH - กรมทางหลวง),Motorcycle,Road defect / Slippery surface (ถนนชำรุด/ลื่น),New Year Festival (เทศกาลปีใหม่),Level 2: Moderate Risk (Surveillance Zone),Yes,0,1,1,2,779127.09,59.1,52.5
THA-2022-100268,2024,2,25,13,2024-02-25,North,Chiang Mai,18.78418,99.07931,Urban / City Road (ถนนในเมือง/ท้องถิ่น),Local Administration / BMA (อปท./กทม.),Motorcycle,Cutting off abruptly (ตัดหน้ากระชั้นชิด),Normal Period (ช่วงเวลาปกติ),Level 2: Moderate Risk (Surveillance Zone),Yes,0,1,1,2,948171.27,16.0,35.0
THA-2023-100269,2024,2,6,18,2024-02-06,North,Chiang Mai,18.66281,98.88408,National Highway (ทางหลวงแผ่นดิน),Department of Highways (DOH - กรมทางหลวง),Public Bus/Van,Speeding (ขับรถเร็วเกินกำหนด),Normal Period (ช่วงเวลาปกติ),Level 1: Low Risk (Baseline Zone),Yes,0,0,1,1,547951.93,37.7,60.7
THA-2024-100270,2022,7,1,11,2022-07-01,Central,Ayutthaya,14.3825,100.41551,Rural Road (ทางหลวงชนบท),Department of Rural Roads (DRR - กรมทางหลวงชนบท),Motorcycle,Cutting off abruptly (ตัดหน้ากระชั้นชิด),Normal Period (ช่วงเวลาปกติ),Level 2: Moderate Risk (Surveillance Zone),Yes,0,1,2,3,1191265.63,46.0,30.2
THA-2025-100271,2020,1,8,20,2020-01-08,Central,Ayutthaya,14.29856,100.65646,Urban / City Road (ถนนในเมือง/ท้องถิ่น),Local Administration / BMA (อปท./กทม.),Public Bus/Van,Drunk driving (เมาแล้วขับ),Normal Period (ช่วงเวลาปกติ),Level 1: Low Risk (Baseline Zone),Yes,0,0,1,1,479654.81,26.0,74.6
THA-2026-100272,2025,7,1,5,2025-07-01,Central,Saraburi,14.51911,100.7871,Rural Road (ทางหลวงชนบท),Department of Rural Roads (DRR - กรมทางหลวงชนบท),Motorcycle,Drunk driving (เมาแล้วขับ),Normal Period (ช่วงเวลาปกติ),Level 3: Critical Blackspot (Red Zone),No,1,0,1,2,5388686.93,50.4,70.6
THA-2020-100273,2023,12,19,2,2023-12-19,South,Phuket,7.89742,98.35586,Urban / City Road (ถนนในเมือง/ท้องถิ่น),Local Administration / BMA (อปท./กทม.),Commercial Truck,Speeding (ขับรถเร็วเกินกำหนด),Normal Period (ช่วงเวลาปกติ),Level 1: Low Risk (Baseline Zone),Yes,0,0,0,0,1131697.43,40.5,64.8
THA-2021-100274,2025,12,11,21,2025-12-11,Northeast,Nakhon Ratchasima,14.91669,102.41788,Urban / City Road (ถนนในเมือง/ท้องถิ่น),Local Administration / BMA (อปท./กทม.),Motorcycle,Speeding (ขับรถเร็วเกินกำหนด),Normal Period (ช่วงเวลาปกติ),Level 2: Moderate Risk (Surveillance Zone),Yes,0,1,2,3,630278.65,55.4,65.3
THA-2022-100275,2025,1,21,19,2025-01-21,Northeast,Nakhon Ratchasima,15.03163,102.07229,Rural Road (ทางหลวงชนบท),Department of Rural Roads (DRR - กรมทางหลวงชนบท),Public Bus/Van,Drunk driving (เมาแล้วขับ),Normal Period (ช่วงเวลาปกติ),Level 1: Low Risk (Baseline Zone),No,0,0,1,1,790094.63,63.5,77.3
THA-2023-100276,2025,6,24,15,2025-06-24,Central,Chonburi,13.44195,100.95851,Urban / City Road (ถนนในเมือง/ท้องถิ่น),Local Administration / BMA (อปท./กทม.),Motorcycle,Speeding (ขับรถเร็วเกินกำหนด),Normal Period (ช่วงเวลาปกติ),Level 2: Moderate Risk (Surveillance Zone),Yes,0,1,3,4,1210021.79,35.3,64.9
THA-2024-100277,2023,3,25,19,2023-03-25,Northeast,Khon Kaen,16.38557,102.85055,Rural Road (ทางหลวงชนบท),Department of Rural Roads (DRR - กรมทางหลวงชนบท),Private Car,Cutting off abruptly (ตัดหน้ากระชั้นชิด),Normal Period (ช่วงเวลาปกติ),Level 1: Low Risk (Baseline Zone),Yes,0,0,1,1,216133.8,33.0,47.7
THA-2025-100278,2022,8,15,23,2022-08-15,Central,Chonburi,13.40688,101.06802,National Highway (ทางหลวงแผ่นดิน),Department of Highways (DOH - กรมทางหลวง),Motorcycle,Drunk driving (เมาแล้วขับ),Normal Period (ช่วงเวลาปกติ),Level 3: Critical Blackspot (Red Zone),No,2,1,0,3,11555661.03,59.0,96.2
THA-2026-100279,2025,6,23,22,2025-06-23,Central,Chonburi,13.48923,101.09158,National Highway (ทางหลวงแผ่นดิน),Department of Highways (DOH - กรมทางหลวง),Motorcycle,Cutting off abruptly (ตัดหน้ากระชั้นชิด),Normal Period (ช่วงเวลาปกติ),Level 2: Moderate Risk (Surveillance Zone),Yes,0,2,1,3,1287807.52,32.5,37.7
THA-2020-100280,2023,11,25,16,2023-11-25,South,Phuket,7.95749,98.47863,Rural Road (ทางหลวงชนบท),Department of Rural Roads (DRR - กรมทางหลวงชนบท),Private Car,Speeding (ขับรถเร็วเกินกำหนด),Normal Period (ช่วงเวลาปกติ),Level 1: Low Risk (Baseline Zone),No,0,0,0,0,344550.23,24.7,60.2
THA-2021-100281,2021,2,11,15,2021-02-11,North,Chiang Mai,18.89492,99.04918,Urban / City Road (ถนนในเมือง/ท้องถิ่น),Local Administration / BMA (อปท./กทม.),Motorcycle,Speeding (ขับรถเร็วเกินกำหนด),Normal Period (ช่วงเวลาปกติ),Level 1: Low Risk (Baseline Zone),Yes,0,0,0,0,45342.85,49.1,60.0
THA-2022-100282,2025,8,19,5,2025-08-19,North,Chiang Mai,18.64561,99.03009,National Highway (ทางหลวงแผ่นดิน),Department of Highways (DOH - กรมทางหลวง),Public Bus/Van,Speeding (ขับรถเร็วเกินกำหนด),Normal Period (ช่วงเวลาปกติ),Level 1: Low Risk (Baseline Zone),No,0,0,0,0,885040.99,58.5,86.0
THA-2023-100283,2026,5,21,7,2026-05-21,Bangkok & Vicinity,Bangkok,13.88023,100.42955,National Highway (ทางหลวงแผ่นดิน),Department of Highways (DOH - กรมทางหลวง),Motorcycle,Speeding (ขับรถเร็วเกินกำหนด),Normal Period (ช่วงเวลาปกติ),Level 1: Low Risk (Baseline Zone),Yes,0,0,0,0,78448.41,46.9,48.6
THA-2024-100284,2023,8,10,18,2023-08-10,Northeast,Nakhon Ratchasima,14.94462,102.09239,Expressway (ทางพิเศษ),EXAT (การทางพิเศษแห่งประเทศไทย),Commercial Truck,Cutting off abruptly (ตัดหน้ากระชั้นชิด),Normal Period (ช่วงเวลาปกติ),Level 2: Moderate Risk (Surveillance Zone),Yes,0,2,2,4,3034927.0,41.0,19.6
THA-2025-100285,2020,8,24,1,2020-08-24,Bangkok & Vicinity,Bangkok,13.77341,100.45184,Rural Road (ทางหลวงชนบท),Department of Rural Roads (DRR - กรมทางหลวงชนบท),Motorcycle,Cutting off abruptly (ตัดหน้ากระชั้นชิด),Normal Period (ช่วงเวลาปกติ),Level 2: Moderate Risk (Surveillance Zone),No,0,1,2,3,550344.1,22.4,37.1
THA-2026-100286,2022,6,12,13,2022-06-12,North,Phitsanulok,16.82625,100.31209,National Highway (ทางหลวงแผ่นดิน),Department of Highways (DOH - กรมทางหลวง),Public Bus/Van,Speeding (ขับรถเร็วเกินกำหนด),Normal Period (ช่วงเวลาปกติ),Level 2: Moderate Risk (Surveillance Zone),Yes,0,2,1,3,3043266.02,70.7,60.8
THA-2020-100287,2025,2,1,21,2025-02-01,Northeast,Nakhon Ratchasima,14.79898,102.10453,Rural Road (ทางหลวงชนบท),Department of Rural Roads (DRR - กรมทางหลวงชนบท),Public Bus/Van,Speeding (ขับรถเร็วเกินกำหนด),Normal Period (ช่วงเวลาปกติ),Level 1: Low Risk (Baseline Zone),Yes,0,0,1,1,1190297.36,38.6,49.0
THA-2021-100288,2026,8,24,11,2026-08-24,North,Chiang Mai,18.75387,98.83168,Expressway (ทางพิเศษ),EXAT (การทางพิเศษแห่งประเทศไทย),Motorcycle,Speeding (ขับรถเร็วเกินกำหนด),Normal Period (ช่วงเวลาปกติ),Level 2: Moderate Risk (Surveillance Zone),Yes,0,1,1,2,1197109.6,26.6,57.1
THA-2022-100289,2021,11,7,16,2021-11-07,Northeast,Khon Kaen,16.48298,102.85162,Urban / City Road (ถนนในเมือง/ท้องถิ่น),Local Administration / BMA (อปท./กทม.),Commercial Truck,Running red light / Signal violation (ฝ่าฝืนสัญญาณไฟ),Normal Period (ช่วงเวลาปกติ),Level 2: Moderate Risk (Surveillance Zone),Yes,0,2,3,5,2515471.62,10.0,48.1
THA-2023-100290,2020,6,17,14,2020-06-17,Bangkok & Vicinity,Bangkok,13.77114,100.55674,Urban / City Road (ถนนในเมือง/ท้องถิ่น),Local Administration / BMA (อปท./กทม.),Commercial Truck,Cutting off abruptly (ตัดหน้ากระชั้นชิด),Normal Period (ช่วงเวลาปกติ),Level 1: Low Risk (Baseline Zone),No,0,0,0,0,1217987.63,22.4,63.2
THA-2024-100291,2026,6,26,17,2026-06-26,Bangkok & Vicinity,Bangkok,13.78521,100.43539,National Highway (ทางหลวงแผ่นดิน),Department of Highways (DOH - กรมทางหลวง),Motorcycle,Fatigue / Falling asleep (หลับใน),Normal Period (ช่วงเวลาปกติ),Level 2: Moderate Risk (Surveillance Zone),Yes,0,1,1,2,541491.31,66.4,18.0
THA-2025-100292,2022,8,28,15,2022-08-28,Central,Ayutthaya,14.41827,100.64888,Urban / City Road (ถนนในเมือง/ท้องถิ่น),Local Administration / BMA (อปท./กทม.),Private Car,Fatigue / Falling asleep (หลับใน),Normal Period (ช่วงเวลาปกติ),Level 1: Low Risk (Baseline Zone),Yes,0,0,1,1,346738.4,39.2,47.8
THA-2026-100293,2023,1,10,12,2023-01-10,North,Chiang Mai,18.69058,99.06455,Rural Road (ทางหลวงชนบท),Department of Rural Roads (DRR - กรมทางหลวงชนบท),Motorcycle,Cutting off abruptly (ตัดหน้ากระชั้นชิด),Normal Period (ช่วงเวลาปกติ),Level 1: Low Risk (Baseline Zone),Yes,0,0,1,1,102531.41,55.5,42.0
THA-2020-100294,2026,2,28,20,2026-02-28,Bangkok & Vicinity,Bangkok,13.73078,100.55695,Urban / City Road (ถนนในเมือง/ท้องถิ่น),Local Administration / BMA (อปท./กทม.),Commercial Truck,Drunk driving (เมาแล้วขับ),Normal Period (ช่วงเวลาปกติ),Level 1: Low Risk (Baseline Zone),Yes,0,0,1,1,1241814.5,37.6,61.0
THA-2021-100295,2020,12,6,16,2020-12-06,Northeast,Nakhon Ratchasima,14.99358,102.08232,National Highway (ทางหลวงแผ่นดิน),Department of Highways (DOH - กรมทางหลวง),Motorcycle,Speeding (ขับรถเร็วเกินกำหนด),Normal Period (ช่วงเวลาปกติ),Level 2: Moderate Risk (Surveillance Zone),Yes,0,1,1,2,1226321.38,36.0,37.3
THA-2022-100296,2024,12,17,7,2024-12-17,Central,Chonburi,13.40963,100.95472,National Highway (ทางหลวงแผ่นดิน),Department of Highways (DOH - กรมทางหลวง),Motorcycle,Drunk driving (เมาแล้วขับ),Normal Period (ช่วงเวลาปกติ),Level 2: Moderate Risk (Surveillance Zone),No,0,1,1,2,509683.33,28.9,59.1
THA-2023-100297,2020,9,18,0,2020-09-18,Bangkok & Vicinity,Bangkok,13.85353,100.61383,National Highway (ทางหลวงแผ่นดิน),Department of Highways (DOH - กรมทางหลวง),Motorcycle,Speeding (ขับรถเร็วเกินกำหนด),Normal Period (ช่วงเวลาปกติ),Level 1: Low Risk (Baseline Zone),Yes,0,0,1,1,73374.73,80.6,46.7
THA-2024-100298,2022,11,5,2,2022-11-05,Northeast,Khon Kaen,16.38296,102.80855,National Highway (ทางหลวงแผ่นดิน),Department of Highways (DOH - กรมทางหลวง),Private Car,Fatigue / Falling asleep (หลับใน),Normal Period (ช่วงเวลาปกติ),Level 2: Moderate Risk (Surveillance Zone),No,0,2,3,5,2535254.58,57.2,36.2
THA-2025-100299,2025,12,18,15,2025-12-18,Bangkok & Vicinity,Bangkok,13.72263,100.53557,Rural Road (ทางหลวงชนบท),Department of Rural Roads (DRR - กรมทางหลวงชนบท),Commercial Truck,Speeding (ขับรถเร็วเกินกำหนด),Normal Period (ช่วงเวลาปกติ),Level 1: Low Risk (Baseline Zone),Yes,0,0,0,0,1006377.01,51.7,70.6
THA-2026-100300,2023,8,26,1,2023-08-26,Bangkok & Vicinity,Bangkok,13.87421,100.35172,Expressway (ทางพิเศษ),EXAT (การทางพิเศษแห่งประเทศไทย),Public Bus/Van,Fatigue / Falling asleep (หลับใน),Normal Period (ช่วงเวลาปกติ),Level 1: Low Risk (Baseline Zone),No,0,0,1,1,514594.93,27.9,32.7
THA-2020-100301,2026,12,17,14,2026-12-17,Northeast,Nakhon Ratchasima,14.85225,102.09028,Rural Road (ทางหลวงชนบท),Department of Rural Roads (DRR - กรมทางหลวงชนบท),Motorcycle,Speeding (ขับรถเร็วเกินกำหนด),Normal Period (ช่วงเวลาปกติ),Level 3: Critical Blackspot (Red Zone),No,1,2,0,3,7193603.16,33.5,65.0
THA-2021-100302,2023,7,22,0,2023-07-22,Northeast,Nakhon Ratchasima,14.99663,102.01308,Urban / City Road (ถนนในเมือง/ท้องถิ่น),Local Administration / BMA (อปท./กทม.),Motorcycle,Road defect / Slippery surface (ถนนชำรุด/ลื่น),Normal Period (ช่วงเวลาปกติ),Level 2: Moderate Risk (Surveillance Zone),Yes,0,2,1,3,1217542.15,18.6,30.8
THA-2022-100303,2022,7,16,8,2022-07-16,Northeast,Khon Kaen,16.44847,102.75691,National Highway (ทางหลวงแผ่นดิน),Department of Highways (DOH - กรมทางหลวง),Private Car,Speeding (ขับรถเร็วเกินกำหนด),Normal Period (ช่วงเวลาปกติ),Level 1: Low Risk (Baseline Zone),Yes,0,0,0,0,157878.15,23.9,60.6
THA-2023-100304,2021,5,8,15,2021-05-08,Central,Chonburi,13.32089,101.09897,Urban / City Road (ถนนในเมือง/ท้องถิ่น),Local Administration / BMA (อปท./กทม.),Private Car,Drunk driving (เมาแล้วขับ),Normal Period (ช่วงเวลาปกติ),Level 3: Critical Blackspot (Red Zone),Yes,2,0,0,2,8457784.15,39.4,56.7
THA-2024-100305,2022,2,24,3,2022-02-24,South,Songkhla,7.14472,100.58183,Urban / City Road (ถนนในเมือง/ท้องถิ่น),Local Administration / BMA (อปท./กทม.),Motorcycle,Cutting off abruptly (ตัดหน้ากระชั้นชิด),Normal Period (ช่วงเวลาปกติ),Level 2: Moderate Risk (Surveillance Zone),No,0,2,1,3,1300000.56,31.3,33.5
THA-2025-100306,2022,11,13,11,2022-11-13,Northeast,Nakhon Ratchasima,14.99176,102.19611,Rural Road (ทางหลวงชนบท),Department of Rural Roads (DRR - กรมทางหลวงชนบท),Motorcycle,Speeding (ขับรถเร็วเกินกำหนด),Normal Period (ช่วงเวลาปกติ),Level 3: Critical Blackspot (Red Zone),No,2,0,1,3,8526210.37,67.5,93.6
THA-2026-100307,2020,6,24,0,2020-06-24,North,Chiang Mai,18.78443,98.93506,Rural Road (ทางหลวงชนบท),Department of Rural Roads (DRR - กรมทางหลวงชนบท),Motorcycle,Drunk driving (เมาแล้วขับ),Normal Period (ช่วงเวลาปกติ),Level 1: Low Risk (Baseline Zone),No,0,0,1,1,100585.78,22.1,57.6
THA-2020-100308,2022,10,16,0,2022-10-16,Central,Chonburi,13.41322,101.05785,Rural Road (ทางหลวงชนบท),Department of Rural Roads (DRR - กรมทางหลวงชนบท),Motorcycle,Road defect / Slippery surface (ถนนชำรุด/ลื่น),Normal Period (ช่วงเวลาปกติ),Level 2: Moderate Risk (Surveillance Zone),Yes,0,2,1,3,2279521.5,26.9,13.0
THA-2021-100309,2023,3,11,6,2023-03-11,Bangkok & Vicinity,Nonthaburi,13.96512,100.51019,Rural Road (ทางหลวงชนบท),Department of Rural Roads (DRR - กรมทางหลวงชนบท),Private Car,Speeding (ขับรถเร็วเกินกำหนด),Normal Period (ช่วงเวลาปกติ),Level 3: Critical Blackspot (Red Zone),Yes,1,1,0,2,5856660.89,46.4,61.2
THA-2022-100310,2025,4,6,17,2025-04-06,North,Phitsanulok,16.86387,100.33704,National Highway (ทางหลวงแผ่นดิน),Department of Highways (DOH - กรมทางหลวง),Motorcycle,Road defect / Slippery surface (ถนนชำรุด/ลื่น),Normal Period (ช่วงเวลาปกติ),Level 3: Critical Blackspot (Red Zone),Yes,1,0,1,2,5430106.56,45.2,42.5
THA-2023-100311,2024,10,27,22,2024-10-27,Bangkok & Vicinity,Bangkok,13.77267,100.62055,Urban / City Road (ถนนในเมือง/ท้องถิ่น),Local Administration / BMA (อปท./กทม.),Commercial Truck,Drunk driving (เมาแล้วขับ),Normal Period (ช่วงเวลาปกติ),Level 1: Low Risk (Baseline Zone),No,0,0,1,1,935735.12,41.8,71.9
THA-2024-100312,2024,12,3,22,2024-12-03,Bangkok & Vicinity,Bangkok,13.81492,100.67126,Expressway (ทางพิเศษ),EXAT (การทางพิเศษแห่งประเทศไทย),Motorcycle,Fatigue / Falling asleep (หลับใน),Normal Period (ช่วงเวลาปกติ),Level 2: Moderate Risk (Surveillance Zone),No,0,1,2,3,683968.65,38.5,55.1
THA-2025-100313,2020,11,1,14,2020-11-01,South,Surat Thani,9.22079,99.1481,National Highway (ทางหลวงแผ่นดิน),Department of Highways (DOH - กรมทางหลวง),Motorcycle,Cutting off abruptly (ตัดหน้ากระชั้นชิด),Normal Period (ช่วงเวลาปกติ),Level 1: Low Risk (Baseline Zone),No,0,0,1,1,115855.5,69.3,36.7
THA-2026-100314,2021,2,18,12,2021-02-18,Central,Ayutthaya,14.31735,100.42279,Rural Road (ทางหลวงชนบท),Department of Rural Roads (DRR - กรมทางหลวงชนบท),Commercial Truck,Cutting off abruptly (ตัดหน้ากระชั้นชิด),Normal Period (ช่วงเวลาปกติ),Level 2: Moderate Risk (Surveillance Zone),Yes,0,2,1,3,3098016.8,40.4,45.8
THA-2020-100315,2024,2,5,15,2024-02-05,Northeast,Ubon Ratchathani,15.18731,104.81388,Urban / City Road (ถนนในเมือง/ท้องถิ่น),Local Administration / BMA (อปท./กทม.),Private Car,Fatigue / Falling asleep (หลับใน),Normal Period (ช่วงเวลาปกติ),Level 1: Low Risk (Baseline Zone),No,0,0,0,0,379544.35,42.6,10.0
THA-2021-100316,2023,12,13,6,2023-12-13,North,Chiang Rai,19.98869,99.80103,Rural Road (ทางหลวงชนบท),Department of Rural Roads (DRR - กรมทางหลวงชนบท),Motorcycle,Cutting off abruptly (ตัดหน้ากระชั้นชิด),Normal Period (ช่วงเวลาปกติ),Level 2: Moderate Risk (Surveillance Zone),Yes,0,1,2,3,1216600.82,26.8,56.0
THA-2022-100317,2020,8,10,15,2020-08-10,Bangkok & Vicinity,Bangkok,13.88178,100.44163,Rural Road (ทางหลวงชนบท),Department of Rural Roads (DRR - กรมทางหลวงชนบท),Private Car,Cutting off abruptly (ตัดหน้ากระชั้นชิด),Normal Period (ช่วงเวลาปกติ),Level 1: Low Risk (Baseline Zone),Yes,0,0,0,0,347943.94,43.4,28.6
THA-2023-100318,2025,8,5,12,2025-08-05,Bangkok & Vicinity,Bangkok,13.73034,100.39023,Urban / City Road (ถนนในเมือง/ท้องถิ่น),Local Administration / BMA (อปท./กทม.),Motorcycle,Speeding (ขับรถเร็วเกินกำหนด),Normal Period (ช่วงเวลาปกติ),Level 2: Moderate Risk (Surveillance Zone),Yes,0,1,3,4,994893.83,40.7,77.0
THA-2024-100319,2025,10,26,13,2025-10-26,Bangkok & Vicinity,Nonthaburi,13.99211,100.65545,National Highway (ทางหลวงแผ่นดิน),Department of Highways (DOH - กรมทางหลวง),Commercial Truck,Speeding (ขับรถเร็วเกินกำหนด),Normal Period (ช่วงเวลาปกติ),Level 2: Moderate Risk (Surveillance Zone),No,0,1,2,3,1993410.96,74.9,63.8
THA-2025-100320,2023,6,14,16,2023-06-14,Northeast,Nakhon Ratchasima,14.96801,101.96454,National Highway (ทางหลวงแผ่นดิน),Department of Highways (DOH - กรมทางหลวง),Motorcycle,Drunk driving (เมาแล้วขับ),Normal Period (ช่วงเวลาปกติ),Level 2: Moderate Risk (Surveillance Zone),Yes,0,2,2,4,1991970.39,41.2,65.9
THA-2026-100321,2020,5,17,11,2020-05-17,Central,Chonburi,13.34236,101.00559,Urban / City Road (ถนนในเมือง/ท้องถิ่น),Local Administration / BMA (อปท./กทม.),Private Car,Drunk driving (เมาแล้วขับ),Normal Period (ช่วงเวลาปกติ),Level 1: Low Risk (Baseline Zone),Yes,0,0,0,0,179893.43,15.8,96.2
THA-2020-100322,2025,8,1,23,2025-08-01,Northeast,Ubon Ratchathani,15.18766,105.05888,Rural Road (ทางหลวงชนบท),Department of Rural Roads (DRR - กรมทางหลวงชนบท),Motorcycle,Cutting off abruptly (ตัดหน้ากระชั้นชิด),Normal Period (ช่วงเวลาปกติ),Level 1: Low Risk (Baseline Zone),Yes,0,0,1,1,144488.71,44.4,17.0
THA-2021-100323,2024,4,25,23,2024-04-25,Bangkok & Vicinity,Nonthaburi,14.02638,100.35601,Urban / City Road (ถนนในเมือง/ท้องถิ่น),Local Administration / BMA (อปท./กทม.),Motorcycle,Speeding (ขับรถเร็วเกินกำหนด),Normal Period (ช่วงเวลาปกติ),Level 2: Moderate Risk (Surveillance Zone),Yes,0,2,1,3,1381567.73,34.0,63.7
THA-2022-100324,2025,11,2,19,2025-11-02,South,Surat Thani,9.03436,99.36279,National Highway (ทางหลวงแผ่นดิน),Department of Highways (DOH - กรมทางหลวง),Public Bus/Van,Cutting off abruptly (ตัดหน้ากระชั้นชิด),Normal Period (ช่วงเวลาปกติ),Level 2: Moderate Risk (Surveillance Zone),Yes,0,1,1,2,1015748.66,47.3,41.7
THA-2023-100325,2025,4,7,12,2025-04-07,Central,Chonburi,13.26463,101.00116,National Highway (ทางหลวงแผ่นดิน),Department of Highways (DOH - กรมทางหลวง),Commercial Truck,Speeding (ขับรถเร็วเกินกำหนด),Normal Period (ช่วงเวลาปกติ),Level 1: Low Risk (Baseline Zone),Yes,0,0,1,1,648842.05,61.1,64.3
THA-2024-100326,2025,5,10,23,2025-05-10,Northeast,Nakhon Ratchasima,14.98086,102.09424,Expressway (ทางพิเศษ),EXAT (การทางพิเศษแห่งประเทศไทย),Motorcycle,Cutting off abruptly (ตัดหน้ากระชั้นชิด),Normal Period (ช่วงเวลาปกติ),Level 1: Low Risk (Baseline Zone),Yes,0,0,1,1,123082.21,16.0,48.6
THA-2025-100327,2023,1,20,19,2023-01-20,Northeast,Khon Kaen,16.52389,102.98627,National Highway (ทางหลวงแผ่นดิน),Department of Highways (DOH - กรมทางหลวง),Motorcycle,Road defect / Slippery surface (ถนนชำรุด/ลื่น),Normal Period (ช่วงเวลาปกติ),Level 2: Moderate Risk (Surveillance Zone),No,0,1,2,3,669242.85,46.5,10.0
THA-2026-100328,2021,1,7,14,2021-01-07,North,Chiang Rai,19.94615,99.73151,Urban / City Road (ถนนในเมือง/ท้องถิ่น),Local Administration / BMA (อปท./กทม.),Motorcycle,Fatigue / Falling asleep (หลับใน),Normal Period (ช่วงเวลาปกติ),Level 1: Low Risk (Baseline Zone),Yes,0,0,0,0,55293.77,38.0,63.9
THA-2020-100329,2024,2,24,23,2024-02-24,Bangkok & Vicinity,Nonthaburi,13.87505,100.46083,Urban / City Road (ถนนในเมือง/ท้องถิ่น),Local Administration / BMA (อปท./กทม.),Private Car,Speeding (ขับรถเร็วเกินกำหนด),Normal Period (ช่วงเวลาปกติ),Level 1: Low Risk (Baseline Zone),Yes,0,0,1,1,329295.92,25.5,71.8
THA-2021-100330,2024,8,16,20,2024-08-16,North,Chiang Mai,18.9676,99.04768,Rural Road (ทางหลวงชนบท),Department of Rural Roads (DRR - กรมทางหลวงชนบท),Private Car,Road defect / Slippery surface (ถนนชำรุด/ลื่น),Normal Period (ช่วงเวลาปกติ),Level 1: Low Risk (Baseline Zone),Yes,0,0,1,1,420081.5,48.2,54.3
THA-2022-100331,2025,7,5,3,2025-07-05,Central,Chonburi,13.39733,101.04316,National Highway (ทางหลวงแผ่นดิน),Department of Highways (DOH - กรมทางหลวง),Private Car,Cutting off abruptly (ตัดหน้ากระชั้นชิด),Normal Period (ช่วงเวลาปกติ),Level 1: Low Risk (Baseline Zone),Yes,0,0,0,0,236478.82,79.7,10.0
THA-2023-100332,2021,10,28,21,2021-10-28,Bangkok & Vicinity,Bangkok,13.75285,100.61448,Rural Road (ทางหลวงชนบท),Department of Rural Roads (DRR - กรมทางหลวงชนบท),Motorcycle,Drunk driving (เมาแล้วขับ),Normal Period (ช่วงเวลาปกติ),Level 2: Moderate Risk (Surveillance Zone),Yes,0,1,1,2,731268.23,57.8,32.5
THA-2024-100333,2021,9,12,1,2021-09-12,Bangkok & Vicinity,Bangkok,13.70492,100.5882,Urban / City Road (ถนนในเมือง/ท้องถิ่น),Local Administration / BMA (อปท./กทม.),Commercial Truck,Speeding (ขับรถเร็วเกินกำหนด),Normal Period (ช่วงเวลาปกติ),Level 1: Low Risk (Baseline Zone),Yes,0,0,0,0,1067730.98,52.3,57.9
THA-2025-100334,2026,5,17,17,2026-05-17,Bangkok & Vicinity,Bangkok,13.89958,100.42854,National Highway (ทางหลวงแผ่นดิน),Department of Highways (DOH - กรมทางหลวง),Motorcycle,Drunk driving (เมาแล้วขับ),Normal Period (ช่วงเวลาปกติ),Level 2: Moderate Risk (Surveillance Zone),Yes,0,1,1,2,1122721.55,61.3,63.8
THA-2026-100335,2025,2,16,1,2025-02-16,Bangkok & Vicinity,Bangkok,13.78669,100.53929,National Highway (ทางหลวงแผ่นดิน),Department of Highways (DOH - กรมทางหลวง),Motorcycle,Speeding (ขับรถเร็วเกินกำหนด),Normal Period (ช่วงเวลาปกติ),Level 1: Low Risk (Baseline Zone),Yes,0,0,0,0,33834.67,42.0,92.6
THA-2020-100336,2026,7,20,14,2026-07-20,Central,Saraburi,14.43219,100.78759,National Highway (ทางหลวงแผ่นดิน),Department of Highways (DOH - กรมทางหลวง),Private Car,Cutting off abruptly (ตัดหน้ากระชั้นชิด),Normal Period (ช่วงเวลาปกติ),Level 1: Low Risk (Baseline Zone),Yes,0,0,1,1,320279.56,35.7,50.5
THA-2021-100337,2025,8,26,18,2025-08-26,Central,Chonburi,13.27866,100.98001,National Highway (ทางหลวงแผ่นดิน),Department of Highways (DOH - กรมทางหลวง),Public Bus/Van,Speeding (ขับรถเร็วเกินกำหนด),Normal Period (ช่วงเวลาปกติ),Level 2: Moderate Risk (Surveillance Zone),Yes,0,1,3,4,1723906.5,75.1,66.3
THA-2022-100338,2024,12,16,14,2024-12-16,Northeast,Nakhon Ratchasima,15.0176,102.06453,Urban / City Road (ถนนในเมือง/ท้องถิ่น),Local Administration / BMA (อปท./กทม.),Private Car,Speeding (ขับรถเร็วเกินกำหนด),Normal Period (ช่วงเวลาปกติ),Level 1: Low Risk (Baseline Zone),No,0,0,0,0,218386.35,10.0,60.0
THA-2023-100339,2024,7,19,19,2024-07-19,Bangkok & Vicinity,Bangkok,13.93006,100.59416,Urban / City Road (ถนนในเมือง/ท้องถิ่น),Local Administration / BMA (อปท./กทม.),Private Car,Speeding (ขับรถเร็วเกินกำหนด),Normal Period (ช่วงเวลาปกติ),Level 3: Critical Blackspot (Red Zone),Yes,1,2,1,4,6938716.69,62.2,75.3
THA-2024-100340,2026,7,26,9,2026-07-26,Northeast,Nakhon Ratchasima,15.02064,102.05906,Expressway (ทางพิเศษ),EXAT (การทางพิเศษแห่งประเทศไทย),Private Car,Speeding (ขับรถเร็วเกินกำหนด),Normal Period (ช่วงเวลาปกติ),Level 1: Low Risk (Baseline Zone),Yes,0,0,1,1,355960.11,37.1,62.4
THA-2025-100341,2024,12,15,23,2024-12-15,Northeast,Nakhon Ratchasima,14.98618,102.19694,Rural Road (ทางหลวงชนบท),Department of Rural Roads (DRR - กรมทางหลวงชนบท),Public Bus/Van,Speeding (ขับรถเร็วเกินกำหนด),Normal Period (ช่วงเวลาปกติ),Level 3: Critical Blackspot (Red Zone),Yes,1,1,0,2,4562053.81,36.9,63.5
THA-2026-100342,2024,5,12,19,2024-05-12,Bangkok & Vicinity,Bangkok,13.8391,100.58363,Urban / City Road (ถนนในเมือง/ท้องถิ่น),Local Administration / BMA (อปท./กทม.),Motorcycle,Drunk driving (เมาแล้วขับ),Normal Period (ช่วงเวลาปกติ),Level 2: Moderate Risk (Surveillance Zone),Yes,0,2,2,4,1720020.3,16.2,35.1
THA-2020-100343,2021,2,21,10,2021-02-21,North,Phitsanulok,16.79377,100.21884,National Highway (ทางหลวงแผ่นดิน),Department of Highways (DOH - กรมทางหลวง),Motorcycle,Speeding (ขับรถเร็วเกินกำหนด),Normal Period (ช่วงเวลาปกติ),Level 2: Moderate Risk (Surveillance Zone),Yes,0,1,2,3,590420.59,35.1,52.7
THA-2021-100344,2023,6,10,9,2023-06-10,North,Chiang Rai,19.78204,99.88817,Rural Road (ทางหลวงชนบท),Department of Rural Roads (DRR - กรมทางหลวงชนบท),Public Bus/Van,Drunk driving (เมาแล้วขับ),Normal Period (ช่วงเวลาปกติ),Level 2: Moderate Risk (Surveillance Zone),No,0,2,1,3,3238347.13,32.4,75.5
THA-2022-100345,2024,4,26,22,2024-04-26,Northeast,Khon Kaen,16.29553,102.8222,Rural Road (ทางหลวงชนบท),Department of Rural Roads (DRR - กรมทางหลวงชนบท),Commercial Truck,Speeding (ขับรถเร็วเกินกำหนด),Normal Period (ช่วงเวลาปกติ),Level 3: Critical Blackspot (Red Zone),Yes,1,1,0,2,7167465.31,38.9,71.5
THA-2023-100346,2022,10,22,4,2022-10-22,Northeast,Khon Kaen,16.39438,102.84362,Urban / City Road (ถนนในเมือง/ท้องถิ่น),Local Administration / BMA (อปท./กทม.),Motorcycle,Road defect / Slippery surface (ถนนชำรุด/ลื่น),Normal Period (ช่วงเวลาปกติ),Level 1: Low Risk (Baseline Zone),No,0,0,1,1,138404.44,14.8,38.0
THA-2024-100347,2021,2,2,8,2021-02-02,Bangkok & Vicinity,Bangkok,13.8612,100.62363,Urban / City Road (ถนนในเมือง/ท้องถิ่น),Local Administration / BMA (อปท./กทม.),Motorcycle,Road defect / Slippery surface (ถนนชำรุด/ลื่น),Normal Period (ช่วงเวลาปกติ),Level 1: Low Risk (Baseline Zone),Yes,0,0,0,0,67795.32,54.4,33.3
THA-2025-100348,2022,12,7,19,2022-12-07,North,Chiang Mai,18.85151,98.91652,Expressway (ทางพิเศษ),EXAT (การทางพิเศษแห่งประเทศไทย),Motorcycle,Speeding (ขับรถเร็วเกินกำหนด),Normal Period (ช่วงเวลาปกติ),Level 1: Low Risk (Baseline Zone),Yes,0,0,1,1,98590.96,28.3,28.2
THA-2026-100349,2021,9,13,18,2021-09-13,Northeast,Khon Kaen,16.43019,102.74496,Urban / City Road (ถนนในเมือง/ท้องถิ่น),Local Administration / BMA (อปท./กทม.),Motorcycle,Drunk driving (เมาแล้วขับ),Normal Period (ช่วงเวลาปกติ),Level 1: Low Risk (Baseline Zone),Yes,0,0,0,0,51487.71,57.7,58.5
THA-2020-100350,2021,7,3,12,2021-07-03,Northeast,Nakhon Ratchasima,14.92102,102.14122,Urban / City Road (ถนนในเมือง/ท้องถิ่น),Local Administration / BMA (อปท./กทม.),Public Bus/Van,Speeding (ขับรถเร็วเกินกำหนด),Normal Period (ช่วงเวลาปกติ),Level 1: Low Risk (Baseline Zone),No,0,0,1,1,622827.2,36.5,58.6
THA-2021-100351,2023,6,15,17,2023-06-15,Central,Saraburi,14.44122,100.8699,National Highway (ทางหลวงแผ่นดิน),Department of Highways (DOH - กรมทางหลวง),Motorcycle,Road defect / Slippery surface (ถนนชำรุด/ลื่น),Normal Period (ช่วงเวลาปกติ),Level 1: Low Risk (Baseline Zone),Yes,0,0,1,1,146924.85,63.0,30.8
THA-2022-100352,2026,12,1,16,2026-12-01,Northeast,Ubon Ratchathani,15.14852,104.90655,Urban / City Road (ถนนในเมือง/ท้องถิ่น),Local Administration / BMA (อปท./กทม.),Commercial Truck,Cutting off abruptly (ตัดหน้ากระชั้นชิด),Normal Period (ช่วงเวลาปกติ),Level 3: Critical Blackspot (Red Zone),Yes,1,1,0,2,6040142.88,16.3,16.7
THA-2023-100353,2023,5,26,5,2023-05-26,Bangkok & Vicinity,Bangkok,13.72385,100.30233,Rural Road (ทางหลวงชนบท),Department of Rural Roads (DRR - กรมทางหลวงชนบท),Motorcycle,Speeding (ขับรถเร็วเกินกำหนด),Normal Period (ช่วงเวลาปกติ),Level 3: Critical Blackspot (Red Zone),Yes,1,0,0,1,4086907.17,30.1,64.4
THA-2024-100354,2021,3,3,9,2021-03-03,Bangkok & Vicinity,Bangkok,13.90333,100.593,National Highway (ทางหลวงแผ่นดิน),Department of Highways (DOH - กรมทางหลวง),Motorcycle,Speeding (ขับรถเร็วเกินกำหนด),Normal Period (ช่วงเวลาปกติ),Level 3: Critical Blackspot (Red Zone),Yes,1,2,1,4,5437039.82,77.2,76.9
THA-2025-100355,2020,12,25,1,2020-12-25,Northeast,Khon Kaen,16.25082,102.88973,National Highway (ทางหลวงแผ่นดิน),Department of Highways (DOH - กรมทางหลวง),Motorcycle,Speeding (ขับรถเร็วเกินกำหนด),Normal Period (ช่วงเวลาปกติ),Level 1: Low Risk (Baseline Zone),No,0,0,0,0,32481.13,55.5,64.2
THA-2026-100356,2024,10,10,23,2024-10-10,Bangkok & Vicinity,Bangkok,13.89334,100.48502,Rural Road (ทางหลวงชนบท),Department of Rural Roads (DRR - กรมทางหลวงชนบท),Private Car,Cutting off abruptly (ตัดหน้ากระชั้นชิด),Normal Period (ช่วงเวลาปกติ),Level 3: Critical Blackspot (Red Zone),No,2,1,1,4,10747574.58,29.7,27.3
THA-2020-100357,2022,10,27,5,2022-10-27,Northeast,Khon Kaen,16.44561,102.79492,National Highway (ทางหลวงแผ่นดิน),Department of Highways (DOH - กรมทางหลวง),Private Car,Drunk driving (เมาแล้วขับ),Normal Period (ช่วงเวลาปกติ),Level 1: Low Risk (Baseline Zone),No,0,0,0,0,434160.86,51.1,93.9
THA-2021-100358,2025,4,27,20,2025-04-27,South,Surat Thani,9.18498,99.41449,National Highway (ทางหลวงแผ่นดิน),Department of Highways (DOH - กรมทางหลวง),Private Car,Cutting off abruptly (ตัดหน้ากระชั้นชิด),Normal Period (ช่วงเวลาปกติ),Level 1: Low Risk (Baseline Zone),Yes,0,0,1,1,357515.08,35.5,34.8
THA-2022-100359,2024,3,15,12,2024-03-15,Northeast,Nakhon Ratchasima,14.8727,102.03425,Rural Road (ทางหลวงชนบท),Department of Rural Roads (DRR - กรมทางหลวงชนบท),Motorcycle,Cutting off abruptly (ตัดหน้ากระชั้นชิด),Normal Period (ช่วงเวลาปกติ),Level 2: Moderate Risk (Surveillance Zone),No,0,2,2,4,1927267.34,62.5,25.0
THA-2023-100360,2025,12,22,17,2025-12-22,North,Chiang Rai,19.91965,99.86852,Urban / City Road (ถนนในเมือง/ท้องถิ่น),Local Administration / BMA (อปท./กทม.),Motorcycle,Speeding (ขับรถเร็วเกินกำหนด),Normal Period (ช่วงเวลาปกติ),Level 1: Low Risk (Baseline Zone),No,0,0,1,1,82544.56,14.6,64.5
THA-2024-100361,2022,11,27,6,2022-11-27,Northeast,Khon Kaen,16.46887,102.80627,Urban / City Road (ถนนในเมือง/ท้องถิ่น),Local Administration / BMA (อปท./กทม.),Motorcycle,Speeding (ขับรถเร็วเกินกำหนด),Normal Period (ช่วงเวลาปกติ),Level 1: Low Risk (Baseline Zone),Yes,0,0,0,0,30071.89,44.7,82.7
THA-2025-100362,2024,8,6,1,2024-08-06,North,Phitsanulok,16.74171,100.35457,National Highway (ทางหลวงแผ่นดิน),Department of Highways (DOH - กรมทางหลวง),Motorcycle,Speeding (ขับรถเร็วเกินกำหนด),Normal Period (ช่วงเวลาปกติ),Level 1: Low Risk (Baseline Zone),Yes,0,0,1,1,149408.15,33.0,62.5
THA-2026-100363,2022,3,20,13,2022-03-20,Northeast,Nakhon Ratchasima,14.86995,102.0535,National Highway (ทางหลวงแผ่นดิน),Department of Highways (DOH - กรมทางหลวง),Private Car,Fatigue / Falling asleep (หลับใน),Normal Period (ช่วงเวลาปกติ),Level 2: Moderate Risk (Surveillance Zone),Yes,0,1,2,3,889495.63,56.4,10.0
THA-2020-100364,2026,7,15,4,2026-07-15,South,Surat Thani,9.1398,99.36516,National Highway (ทางหลวงแผ่นดิน),Department of Highways (DOH - กรมทางหลวง),Private Car,Speeding (ขับรถเร็วเกินกำหนด),Normal Period (ช่วงเวลาปกติ),Level 2: Moderate Risk (Surveillance Zone),Yes,0,1,2,3,1011706.92,54.0,75.7
THA-2021-100365,2024,7,24,17,2024-07-24,North,Chiang Rai,19.88423,99.90838,National Highway (ทางหลวงแผ่นดิน),Department of Highways (DOH - กรมทางหลวง),Private Car,Cutting off abruptly (ตัดหน้ากระชั้นชิด),Normal Period (ช่วงเวลาปกติ),Level 2: Moderate Risk (Surveillance Zone),No,0,1,1,2,897860.52,57.3,38.5
THA-2022-100366,2022,7,21,10,2022-07-21,South,Surat Thani,9.25077,99.26545,National Highway (ทางหลวงแผ่นดิน),Department of Highways (DOH - กรมทางหลวง),Motorcycle,Speeding (ขับรถเร็วเกินกำหนด),Normal Period (ช่วงเวลาปกติ),Level 2: Moderate Risk (Surveillance Zone),Yes,0,1,2,3,732071.8,48.6,95.3
THA-2023-100367,2022,7,7,9,2022-07-07,South,Phuket,7.91564,98.41446,Expressway (ทางพิเศษ),EXAT (การทางพิเศษแห่งประเทศไทย),Motorcycle,Speeding (ขับรถเร็วเกินกำหนด),Normal Period (ช่วงเวลาปกติ),Level 1: Low Risk (Baseline Zone),Yes,0,0,0,0,54524.25,47.6,74.0
THA-2024-100368,2021,2,25,10,2021-02-25,Bangkok & Vicinity,Bangkok,13.72561,100.33024,Rural Road (ทางหลวงชนบท),Department of Rural Roads (DRR - กรมทางหลวงชนบท),Motorcycle,Drunk driving (เมาแล้วขับ),Normal Period (ช่วงเวลาปกติ),Level 3: Critical Blackspot (Red Zone),Yes,2,0,0,2,8127904.71,44.6,52.0
THA-2025-100369,2024,10,21,1,2024-10-21,Bangkok & Vicinity,Bangkok,13.78818,100.54357,National Highway (ทางหลวงแผ่นดิน),Department of Highways (DOH - กรมทางหลวง),Motorcycle,Cutting off abruptly (ตัดหน้ากระชั้นชิด),Normal Period (ช่วงเวลาปกติ),Level 1: Low Risk (Baseline Zone),Yes,0,0,1,1,104739.14,58.3,21.5
THA-2026-100370,2021,3,27,14,2021-03-27,Bangkok & Vicinity,Bangkok,13.85416,100.47165,National Highway (ทางหลวงแผ่นดิน),Department of Highways (DOH - กรมทางหลวง),Commercial Truck,Cutting off abruptly (ตัดหน้ากระชั้นชิด),Normal Period (ช่วงเวลาปกติ),Level 2: Moderate Risk (Surveillance Zone),Yes,0,1,1,2,2478113.36,63.2,55.6
THA-2020-100371,2024,10,5,6,2024-10-05,Bangkok & Vicinity,Bangkok,13.69626,100.41949,Rural Road (ทางหลวงชนบท),Department of Rural Roads (DRR - กรมทางหลวงชนบท),Private Car,Cutting off abruptly (ตัดหน้ากระชั้นชิด),Normal Period (ช่วงเวลาปกติ),Level 1: Low Risk (Baseline Zone),Yes,0,0,1,1,254798.54,45.4,39.2
THA-2021-100372,2022,9,4,8,2022-09-04,Bangkok & Vicinity,Bangkok,13.48646,100.46538,Rural Road (ทางหลวงชนบท),Department of Rural Roads (DRR - กรมทางหลวงชนบท),Motorcycle,Cutting off abruptly (ตัดหน้ากระชั้นชิด),Normal Period (ช่วงเวลาปกติ),Level 2: Moderate Risk (Surveillance Zone),Yes,0,1,1,2,1209067.82,30.4,19.0
THA-2022-100373,2024,3,22,4,2024-03-22,Northeast,Ubon Ratchathani,15.49378,104.96168,National Highway (ทางหลวงแผ่นดิน),Department of Highways (DOH - กรมทางหลวง),Motorcycle,Speeding (ขับรถเร็วเกินกำหนด),Normal Period (ช่วงเวลาปกติ),Level 1: Low Risk (Baseline Zone),Yes,0,0,1,1,96303.88,61.6,74.2
THA-2023-100374,2025,2,18,6,2025-02-18,Bangkok & Vicinity,Bangkok,13.667,100.45548,Expressway (ทางพิเศษ),EXAT (การทางพิเศษแห่งประเทศไทย),Commercial Truck,Cutting off abruptly (ตัดหน้ากระชั้นชิด),Normal Period (ช่วงเวลาปกติ),Level 2: Moderate Risk (Surveillance Zone),No,0,1,1,2,1638153.7,28.9,22.8
THA-2024-100375,2025,9,3,19,2025-09-03,North,Chiang Mai,18.74141,99.11117,National Highway (ทางหลวงแผ่นดิน),Department of Highways (DOH - กรมทางหลวง),Private Car,Drunk driving (เมาแล้วขับ),Normal Period (ช่วงเวลาปกติ),Level 1: Low Risk (Baseline Zone),No,0,0,0,0,259035.88,57.2,94.7
THA-2025-100376,2025,10,17,1,2025-10-17,Central,Saraburi,14.72911,100.91888,National Highway (ทางหลวงแผ่นดิน),Department of Highways (DOH - กรมทางหลวง),Private Car,Speeding (ขับรถเร็วเกินกำหนด),Normal Period (ช่วงเวลาปกติ),Level 2: Moderate Risk (Surveillance Zone),No,0,2,1,3,1854476.12,66.4,53.6
THA-2026-100377,2021,9,18,2,2021-09-18,Bangkok & Vicinity,Bangkok,13.78003,100.54864,National Highway (ทางหลวงแผ่นดิน),Department of Highways (DOH - กรมทางหลวง),Motorcycle,Cutting off abruptly (ตัดหน้ากระชั้นชิด),Normal Period (ช่วงเวลาปกติ),Level 2: Moderate Risk (Surveillance Zone),Yes,0,1,2,3,620484.97,49.4,40.7
THA-2020-100378,2020,4,18,1,2020-04-18,Central,Ayutthaya,14.35177,100.59378,Rural Road (ทางหลวงชนบท),Department of Rural Roads (DRR - กรมทางหลวงชนบท),Motorcycle,Speeding (ขับรถเร็วเกินกำหนด),Normal Period (ช่วงเวลาปกติ),Level 2: Moderate Risk (Surveillance Zone),Yes,0,2,2,4,1560402.24,61.0,51.0
THA-2021-100379,2024,12,24,20,2024-12-24,North,Chiang Mai,18.79264,99.02832,National Highway (ทางหลวงแผ่นดิน),Department of Highways (DOH - กรมทางหลวง),Public Bus/Van,Speeding (ขับรถเร็วเกินกำหนด),Normal Period (ช่วงเวลาปกติ),Level 1: Low Risk (Baseline Zone),Yes,0,0,1,1,1162132.25,43.2,77.9
THA-2022-100380,2022,9,24,21,2022-09-24,Bangkok & Vicinity,Bangkok,13.57614,100.45865,National Highway (ทางหลวงแผ่นดิน),Department of Highways (DOH - กรมทางหลวง),Private Car,Cutting off abruptly (ตัดหน้ากระชั้นชิด),Normal Period (ช่วงเวลาปกติ),Level 1: Low Risk (Baseline Zone),Yes,0,0,0,0,274359.38,80.4,76.5
THA-2023-100381,2023,3,2,22,2023-03-02,Northeast,Ubon Ratchathani,15.13829,104.90941,National Highway (ทางหลวงแผ่นดิน),Department of Highways (DOH - กรมทางหลวง),Motorcycle,Fatigue / Falling asleep (หลับใน),Normal Period (ช่วงเวลาปกติ),Level 1: Low Risk (Baseline Zone),No,0,0,1,1,89807.17,64.9,22.2
THA-2024-100382,2020,7,13,18,2020-07-13,Northeast,Khon Kaen,16.3615,102.68276,Rural Road (ทางหลวงชนบท),Department of Rural Roads (DRR - กรมทางหลวงชนบท),Commercial Truck,Road defect / Slippery surface (ถนนชำรุด/ลื่น),Normal Period (ช่วงเวลาปกติ),Level 3: Critical Blackspot (Red Zone),Yes,1,0,1,2,5746358.39,20.6,68.0
THA-2025-100383,2022,7,22,3,2022-07-22,Central,Saraburi,14.36794,100.95124,National Highway (ทางหลวงแผ่นดิน),Department of Highways (DOH - กรมทางหลวง),Private Car,Speeding (ขับรถเร็วเกินกำหนด),Normal Period (ช่วงเวลาปกติ),Level 2: Moderate Risk (Surveillance Zone),No,0,2,3,5,2648701.68,52.2,63.2
THA-2026-100384,2020,11,15,23,2020-11-15,Central,Chonburi,13.27751,100.97226,National Highway (ทางหลวงแผ่นดิน),Department of Highways (DOH - กรมทางหลวง),Motorcycle,Cutting off abruptly (ตัดหน้ากระชั้นชิด),Normal Period (ช่วงเวลาปกติ),Level 3: Critical Blackspot (Red Zone),Yes,2,1,0,3,7556015.51,89.7,19.8
THA-2020-100385,2026,8,5,19,2026-08-05,Central,Ayutthaya,14.49566,100.60217,National Highway (ทางหลวงแผ่นดิน),Department of Highways (DOH - กรมทางหลวง),Motorcycle,Cutting off abruptly (ตัดหน้ากระชั้นชิด),Normal Period (ช่วงเวลาปกติ),Level 2: Moderate Risk (Surveillance Zone),Yes,0,2,1,3,2183420.11,55.1,19.9
THA-2021-100386,2021,10,3,6,2021-10-03,North,Chiang Mai,18.74239,98.87954,National Highway (ทางหลวงแผ่นดิน),Department of Highways (DOH - กรมทางหลวง),Motorcycle,Speeding (ขับรถเร็วเกินกำหนด),Normal Period (ช่วงเวลาปกติ),Level 2: Moderate Risk (Surveillance Zone),No,0,1,3,4,1096467.33,59.4,85.5
THA-2022-100387,2023,4,5,21,2023-04-05,Bangkok & Vicinity,Bangkok,13.79545,100.49018,Rural Road (ทางหลวงชนบท),Department of Rural Roads (DRR - กรมทางหลวงชนบท),Motorcycle,Fatigue / Falling asleep (หลับใน),Normal Period (ช่วงเวลาปกติ),Level 3: Critical Blackspot (Red Zone),No,2,1,1,4,9816357.98,25.6,46.2
THA-2023-100388,2020,3,5,6,2020-03-05,Central,Chonburi,13.41317,100.77017,National Highway (ทางหลวงแผ่นดิน),Department of Highways (DOH - กรมทางหลวง),Private Car,Drunk driving (เมาแล้วขับ),Normal Period (ช่วงเวลาปกติ),Level 1: Low Risk (Baseline Zone),No,0,0,1,1,293499.36,46.4,78.6
THA-2024-100389,2024,3,5,16,2024-03-05,Central,Ayutthaya,14.45557,100.41425,National Highway (ทางหลวงแผ่นดิน),Department of Highways (DOH - กรมทางหลวง),Motorcycle,Road defect / Slippery surface (ถนนชำรุด/ลื่น),Normal Period (ช่วงเวลาปกติ),Level 2: Moderate Risk (Surveillance Zone),Yes,0,2,1,3,1636508.41,36.7,42.5
THA-2025-100390,2022,12,3,18,2022-12-03,South,Songkhla,7.13203,100.7394,Rural Road (ทางหลวงชนบท),Department of Rural Roads (DRR - กรมทางหลวงชนบท),Commercial Truck,Speeding (ขับรถเร็วเกินกำหนด),Normal Period (ช่วงเวลาปกติ),Level 1: Low Risk (Baseline Zone),No,0,0,1,1,430728.36,61.9,82.4
THA-2026-100391,2026,5,3,21,2026-05-03,North,Chiang Rai,19.70948,99.83279,National Highway (ทางหลวงแผ่นดิน),Department of Highways (DOH - กรมทางหลวง),Public Bus/Van,Speeding (ขับรถเร็วเกินกำหนด),Normal Period (ช่วงเวลาปกติ),Level 2: Moderate Risk (Surveillance Zone),Yes,0,1,2,3,1704317.02,49.2,66.3
THA-2020-100392,2026,11,20,15,2026-11-20,North,Chiang Mai,18.76357,98.98271,National Highway (ทางหลวงแผ่นดิน),Department of Highways (DOH - กรมทางหลวง),Motorcycle,Fatigue / Falling asleep (หลับใน),Normal Period (ช่วงเวลาปกติ),Level 2: Moderate Risk (Surveillance Zone),Yes,0,1,1,2,737030.23,80.6,52.8
THA-2021-100393,2022,1,23,2,2022-01-23,Central,Chonburi,13.39316,100.98606,National Highway (ทางหลวงแผ่นดิน),Department of Highways (DOH - กรมทางหลวง),Motorcycle,Drunk driving (เมาแล้วขับ),Normal Period (ช่วงเวลาปกติ),Level 2: Moderate Risk (Surveillance Zone),Yes,0,1,1,2,950601.01,50.6,69.4
THA-2022-100394,2026,10,28,14,2026-10-28,North,Chiang Mai,18.6677,98.99406,Urban / City Road (ถนนในเมือง/ท้องถิ่น),Local Administration / BMA (อปท./กทม.),Commercial Truck,Road defect / Slippery surface (ถนนชำรุด/ลื่น),Normal Period (ช่วงเวลาปกติ),Level 1: Low Risk (Baseline Zone),Yes,0,0,1,1,1147719.7,25.9,11.7
THA-2023-100395,2026,3,28,13,2026-03-28,South,Surat Thani,9.13655,99.31608,Urban / City Road (ถนนในเมือง/ท้องถิ่น),Local Administration / BMA (อปท./กทม.),Private Car,Speeding (ขับรถเร็วเกินกำหนด),Normal Period (ช่วงเวลาปกติ),Level 1: Low Risk (Baseline Zone),Yes,0,0,1,1,190301.65,11.4,81.1
THA-2024-100396,2025,6,28,14,2025-06-28,Central,Saraburi,14.71664,101.03117,Urban / City Road (ถนนในเมือง/ท้องถิ่น),Local Administration / BMA (อปท./กทม.),Private Car,Cutting off abruptly (ตัดหน้ากระชั้นชิด),Normal Period (ช่วงเวลาปกติ),Level 1: Low Risk (Baseline Zone),Yes,0,0,1,1,481759.92,31.3,47.5
THA-2025-100397,2025,3,18,13,2025-03-18,North,Chiang Rai,20.07494,99.87157,Urban / City Road (ถนนในเมือง/ท้องถิ่น),Local Administration / BMA (อปท./กทม.),Motorcycle,Cutting off abruptly (ตัดหน้ากระชั้นชิด),Normal Period (ช่วงเวลาปกติ),Level 2: Moderate Risk (Surveillance Zone),No,0,1,1,2,819275.69,43.3,24.6
THA-2026-100398,2021,5,26,6,2021-05-26,Central,Chonburi,13.52178,100.90766,Expressway (ทางพิเศษ),EXAT (การทางพิเศษแห่งประเทศไทย),Motorcycle,Speeding (ขับรถเร็วเกินกำหนด),Normal Period (ช่วงเวลาปกติ),Level 2: Moderate Risk (Surveillance Zone),Yes,0,1,1,2,959513.16,34.9,57.3
THA-2020-100399,2024,9,20,2,2024-09-20,Central,Chonburi,13.32877,100.93249,Urban / City Road (ถนนในเมือง/ท้องถิ่น),Local Administration / BMA (อปท./กทม.),Private Car,Cutting off abruptly (ตัดหน้ากระชั้นชิด),Normal Period (ช่วงเวลาปกติ),Level 1: Low Risk (Baseline Zone),Yes,0,0,1,1,435783.84,36.5,12.8
THA-2021-100400,2020,2,4,16,2020-02-04,Bangkok & Vicinity,Bangkok,13.71167,100.50552,Rural Road (ทางหลวงชนบท),Department of Rural Roads (DRR - กรมทางหลวงชนบท),Public Bus/Van,Drunk driving (เมาแล้วขับ),Normal Period (ช่วงเวลาปกติ),Level 2: Moderate Risk (Surveillance Zone),No,0,1,2,3,2261941.62,56.4,56.2
THA-2022-100401,2020,11,1,9,2020-11-01,South,Phuket,7.89876,98.43109,National Highway (ทางหลวงแผ่นดิน),Department of Highways (DOH - กรมทางหลวง),Motorcycle,Speeding (ขับรถเร็วเกินกำหนด),Normal Period (ช่วงเวลาปกติ),Level 1: Low Risk (Baseline Zone),Yes,0,0,0,0,69488.39,62.0,44.8
THA-2023-100402,2026,2,26,14,2026-02-26,Northeast,Nakhon Ratchasima,15.13692,101.96058,National Highway (ทางหลวงแผ่นดิน),Department of Highways (DOH - กรมทางหลวง),Public Bus/Van,Speeding (ขับรถเร็วเกินกำหนด),Normal Period (ช่วงเวลาปกติ),Level 2: Moderate Risk (Surveillance Zone),No,0,1,3,4,2366504.22,43.6,69.8
THA-2024-100403,2022,12,16,5,2022-12-16,Central,Ayutthaya,14.24473,100.34863,Rural Road (ทางหลวงชนบท),Department of Rural Roads (DRR - กรมทางหลวงชนบท),Motorcycle,Drunk driving (เมาแล้วขับ),Normal Period (ช่วงเวลาปกติ),Level 1: Low Risk (Baseline Zone),Yes,0,0,1,1,133245.37,20.3,88.4
THA-2025-100404,2025,6,8,16,2025-06-08,North,Chiang Mai,18.71252,98.94532,Expressway (ทางพิเศษ),EXAT (การทางพิเศษแห่งประเทศไทย),Public Bus/Van,Cutting off abruptly (ตัดหน้ากระชั้นชิด),Normal Period (ช่วงเวลาปกติ),Level 1: Low Risk (Baseline Zone),Yes,0,0,1,1,456245.51,43.4,47.3
THA-2026-100405,2025,6,17,16,2025-06-17,South,Phuket,7.81754,98.28979,National Highway (ทางหลวงแผ่นดิน),Department of Highways (DOH - กรมทางหลวง),Private Car,Fatigue / Falling asleep (หลับใน),Normal Period (ช่วงเวลาปกติ),Level 1: Low Risk (Baseline Zone),Yes,0,0,1,1,269975.43,44.8,34.7
THA-2020-100406,2025,11,8,13,2025-11-08,North,Chiang Rai,19.91852,99.8058,Urban / City Road (ถนนในเมือง/ท้องถิ่น),Local Administration / BMA (อปท./กทม.),Motorcycle,Speeding (ขับรถเร็วเกินกำหนด),Normal Period (ช่วงเวลาปกติ),Level 1: Low Risk (Baseline Zone),No,0,0,0,0,64731.31,43.4,69.2
THA-2021-100407,2026,11,7,23,2026-11-07,Bangkok & Vicinity,Bangkok,13.67667,100.5154,Rural Road (ทางหลวงชนบท),Department of Rural Roads (DRR - กรมทางหลวงชนบท),Private Car,Speeding (ขับรถเร็วเกินกำหนด),Normal Period (ช่วงเวลาปกติ),Level 3: Critical Blackspot (Red Zone),Yes,1,2,1,4,4866966.14,44.8,86.3
THA-2022-100408,2021,8,25,17,2021-08-25,South,Phuket,7.82881,98.49639,National Highway (ทางหลวงแผ่นดิน),Department of Highways (DOH - กรมทางหลวง),Motorcycle,Running red light / Signal violation (ฝ่าฝืนสัญญาณไฟ),Normal Period (ช่วงเวลาปกติ),Level 2: Moderate Risk (Surveillance Zone),Yes,0,1,2,3,979381.3,24.2,47.8
THA-2023-100409,2020,12,8,4,2020-12-08,Bangkok & Vicinity,Bangkok,13.74157,100.4703,National Highway (ทางหลวงแผ่นดิน),Department of Highways (DOH - กรมทางหลวง),Motorcycle,Road defect / Slippery surface (ถนนชำรุด/ลื่น),Normal Period (ช่วงเวลาปกติ),Level 3: Critical Blackspot (Red Zone),Yes,1,0,0,1,5370335.82,82.7,42.3
THA-2024-100410,2023,11,21,7,2023-11-21,North,Chiang Mai,18.81184,98.80478,Rural Road (ทางหลวงชนบท),Department of Rural Roads (DRR - กรมทางหลวงชนบท),Motorcycle,Speeding (ขับรถเร็วเกินกำหนด),Normal Period (ช่วงเวลาปกติ),Level 3: Critical Blackspot (Red Zone),No,1,0,0,1,5948566.46,17.9,59.3
THA-2025-100411,2021,2,24,6,2021-02-24,South,Surat Thani,9.24742,99.39214,National Highway (ทางหลวงแผ่นดิน),Department of Highways (DOH - กรมทางหลวง),Motorcycle,Fatigue / Falling asleep (หลับใน),Normal Period (ช่วงเวลาปกติ),Level 1: Low Risk (Baseline Zone),Yes,0,0,1,1,91079.44,56.1,48.5
THA-2026-100412,2020,9,27,22,2020-09-27,South,Surat Thani,9.06682,99.21974,Urban / City Road (ถนนในเมือง/ท้องถิ่น),Local Administration / BMA (อปท./กทม.),Motorcycle,Speeding (ขับรถเร็วเกินกำหนด),Normal Period (ช่วงเวลาปกติ),Level 3: Critical Blackspot (Red Zone),Yes,1,2,0,3,5136260.67,24.0,75.6
THA-2020-100413,2022,2,26,3,2022-02-26,Northeast,Nakhon Ratchasima,14.889,101.9709,Urban / City Road (ถนนในเมือง/ท้องถิ่น),Local Administration / BMA (อปท./กทม.),Private Car,Speeding (ขับรถเร็วเกินกำหนด),Normal Period (ช่วงเวลาปกติ),Level 1: Low Risk (Baseline Zone),Yes,0,0,0,0,228522.73,41.7,68.3
THA-2021-100414,2025,1,12,17,2025-01-12,Northeast,Khon Kaen,16.27949,102.69378,Urban / City Road (ถนนในเมือง/ท้องถิ่น),Local Administration / BMA (อปท./กทม.),Private Car,Speeding (ขับรถเร็วเกินกำหนด),Normal Period (ช่วงเวลาปกติ),Level 2: Moderate Risk (Surveillance Zone),No,0,2,3,5,1812050.32,49.5,46.9
THA-2022-100415,2024,10,16,4,2024-10-16,North,Phitsanulok,16.58286,100.23318,National Highway (ทางหลวงแผ่นดิน),Department of Highways (DOH - กรมทางหลวง),Motorcycle,Speeding (ขับรถเร็วเกินกำหนด),Normal Period (ช่วงเวลาปกติ),Level 2: Moderate Risk (Surveillance Zone),No,0,1,2,3,1091656.86,46.5,53.7
THA-2023-100416,2022,2,12,15,2022-02-12,North,Chiang Mai,18.77601,99.1006,Urban / City Road (ถนนในเมือง/ท้องถิ่น),Local Administration / BMA (อปท./กทม.),Commercial Truck,Fatigue / Falling asleep (หลับใน),Normal Period (ช่วงเวลาปกติ),Level 2: Moderate Risk (Surveillance Zone),No,0,1,2,3,1354422.68,55.1,36.3
THA-2024-100417,2024,12,19,13,2024-12-19,North,Chiang Mai,18.87714,98.91924,National Highway (ทางหลวงแผ่นดิน),Department of Highways (DOH - กรมทางหลวง),Private Car,Drunk driving (เมาแล้วขับ),Normal Period (ช่วงเวลาปกติ),Level 1: Low Risk (Baseline Zone),No,0,0,1,1,386392.47,55.6,82.4
THA-2025-100418,2021,7,10,18,2021-07-10,Northeast,Ubon Ratchathani,15.22251,104.94658,National Highway (ทางหลวงแผ่นดิน),Department of Highways (DOH - กรมทางหลวง),Public Bus/Van,Running red light / Signal violation (ฝ่าฝืนสัญญาณไฟ),Normal Period (ช่วงเวลาปกติ),Level 1: Low Risk (Baseline Zone),Yes,0,0,1,1,470926.53,67.9,49.3
THA-2026-100419,2020,8,7,13,2020-08-07,Central,Chonburi,13.32073,101.00005,Urban / City Road (ถนนในเมือง/ท้องถิ่น),Local Administration / BMA (อปท./กทม.),Private Car,Drunk driving (เมาแล้วขับ),Normal Period (ช่วงเวลาปกติ),Level 2: Moderate Risk (Surveillance Zone),Yes,0,1,2,3,1079485.06,49.8,87.1
THA-2020-100420,2025,5,12,8,2025-05-12,Central,Chonburi,13.30657,100.98823,National Highway (ทางหลวงแผ่นดิน),Department of Highways (DOH - กรมทางหลวง),Motorcycle,Cutting off abruptly (ตัดหน้ากระชั้นชิด),Normal Period (ช่วงเวลาปกติ),Level 1: Low Risk (Baseline Zone),No,0,0,1,1,154726.28,65.4,40.0
THA-2021-100421,2024,6,20,5,2024-06-20,Central,Chonburi,13.36863,100.9533,National Highway (ทางหลวงแผ่นดิน),Department of Highways (DOH - กรมทางหลวง),Motorcycle,Drunk driving (เมาแล้วขับ),Normal Period (ช่วงเวลาปกติ),Level 1: Low Risk (Baseline Zone),Yes,0,0,1,1,113297.39,57.9,63.2
THA-2022-100422,2025,12,5,16,2025-12-05,Bangkok & Vicinity,Bangkok,13.85223,100.42401,National Highway (ทางหลวงแผ่นดิน),Department of Highways (DOH - กรมทางหลวง),Private Car,Running red light / Signal violation (ฝ่าฝืนสัญญาณไฟ),Normal Period (ช่วงเวลาปกติ),Level 2: Moderate Risk (Surveillance Zone),Yes,0,1,3,4,1398264.53,35.0,39.7
THA-2023-100423,2020,1,16,18,2020-01-16,Northeast,Nakhon Ratchasima,14.99028,102.25832,Urban / City Road (ถนนในเมือง/ท้องถิ่น),Local Administration / BMA (อปท./กทม.),Motorcycle,Drunk driving (เมาแล้วขับ),Normal Period (ช่วงเวลาปกติ),Level 1: Low Risk (Baseline Zone),No,0,0,1,1,112297.76,45.5,52.3
THA-2024-100424,2025,6,9,11,2025-06-09,Bangkok & Vicinity,Bangkok,13.78432,100.43011,National Highway (ทางหลวงแผ่นดิน),Department of Highways (DOH - กรมทางหลวง),Motorcycle,Fatigue / Falling asleep (หลับใน),Normal Period (ช่วงเวลาปกติ),Level 2: Moderate Risk (Surveillance Zone),No,0,2,1,3,2441211.82,44.5,32.7
THA-2025-100425,2024,12,7,3,2024-12-07,Northeast,Nakhon Ratchasima,15.01118,102.31668,Rural Road (ทางหลวงชนบท),Department of Rural Roads (DRR - กรมทางหลวงชนบท),Motorcycle,Road defect / Slippery surface (ถนนชำรุด/ลื่น),Normal Period (ช่วงเวลาปกติ),Level 1: Low Risk (Baseline Zone),Yes,0,0,1,1,98749.47,25.3,10.0
THA-2026-100426,2024,8,20,15,2024-08-20,North,Phitsanulok,16.82463,100.33733,Rural Road (ทางหลวงชนบท),Department of Rural Roads (DRR - กรมทางหลวงชนบท),Motorcycle,Speeding (ขับรถเร็วเกินกำหนด),Normal Period (ช่วงเวลาปกติ),Level 1: Low Risk (Baseline Zone),Yes,0,0,0,0,55037.62,49.8,60.8
THA-2020-100427,2024,3,22,10,2024-03-22,South,Phuket,7.88087,98.41709,Urban / City Road (ถนนในเมือง/ท้องถิ่น),Local Administration / BMA (อปท./กทม.),Motorcycle,Drunk driving (เมาแล้วขับ),Normal Period (ช่วงเวลาปกติ),Level 1: Low Risk (Baseline Zone),No,0,0,1,1,86065.51,34.4,63.6
THA-2021-100428,2025,11,26,21,2025-11-26,North,Chiang Mai,18.78126,98.89368,Urban / City Road (ถนนในเมือง/ท้องถิ่น),Local Administration / BMA (อปท./กทม.),Motorcycle,Fatigue / Falling asleep (หลับใน),Normal Period (ช่วงเวลาปกติ),Level 3: Critical Blackspot (Red Zone),Yes,1,1,1,3,5975243.51,50.7,33.6
THA-2022-100429,2024,1,14,3,2024-01-14,Bangkok & Vicinity,Bangkok,13.78996,100.39173,National Highway (ทางหลวงแผ่นดิน),Department of Highways (DOH - กรมทางหลวง),Motorcycle,Running red light / Signal violation (ฝ่าฝืนสัญญาณไฟ),Normal Period (ช่วงเวลาปกติ),Level 1: Low Risk (Baseline Zone),No,0,0,1,1,73412.17,98.0,18.7
THA-2023-100430,2024,11,11,16,2024-11-11,Bangkok & Vicinity,Bangkok,13.72818,100.67385,National Highway (ทางหลวงแผ่นดิน),Department of Highways (DOH - กรมทางหลวง),Private Car,Speeding (ขับรถเร็วเกินกำหนด),Normal Period (ช่วงเวลาปกติ),Level 2: Moderate Risk (Surveillance Zone),Yes,0,2,1,3,2073897.66,38.7,57.9
THA-2024-100431,2026,4,7,7,2026-04-07,Central,Chonburi,13.35462,100.90161,National Highway (ทางหลวงแผ่นดิน),Department of Highways (DOH - กรมทางหลวง),Private Car,Cutting off abruptly (ตัดหน้ากระชั้นชิด),Normal Period (ช่วงเวลาปกติ),Level 2: Moderate Risk (Surveillance Zone),Yes,0,1,1,2,918439.24,89.0,47.5
THA-2025-100432,2025,1,10,13,2025-01-10,Northeast,Khon Kaen,16.45388,102.77378,National Highway (ทางหลวงแผ่นดิน),Department of Highways (DOH - กรมทางหลวง),Motorcycle,Drunk driving (เมาแล้วขับ),Normal Period (ช่วงเวลาปกติ),Level 1: Low Risk (Baseline Zone),No,0,0,1,1,62726.49,52.2,71.6
THA-2026-100433,2023,8,9,1,2023-08-09,Bangkok & Vicinity,Bangkok,13.76608,100.39591,Rural Road (ทางหลวงชนบท),Department of Rural Roads (DRR - กรมทางหลวงชนบท),Motorcycle,Speeding (ขับรถเร็วเกินกำหนด),Normal Period (ช่วงเวลาปกติ),Level 2: Moderate Risk (Surveillance Zone),Yes,0,1,1,2,1290408.57,21.1,67.4
THA-2020-100434,2024,5,4,10,2024-05-04,Bangkok & Vicinity,Bangkok,13.82647,100.51302,National Highway (ทางหลวงแผ่นดิน),Department of Highways (DOH - กรมทางหลวง),Motorcycle,Drunk driving (เมาแล้วขับ),Normal Period (ช่วงเวลาปกติ),Level 2: Moderate Risk (Surveillance Zone),Yes,0,1,1,2,622091.61,41.5,67.1
THA-2021-100435,2022,1,16,10,2022-01-16,Central,Chonburi,13.27093,101.01708,National Highway (ทางหลวงแผ่นดิน),Department of Highways (DOH - กรมทางหลวง),Motorcycle,Speeding (ขับรถเร็วเกินกำหนด),Normal Period (ช่วงเวลาปกติ),Level 1: Low Risk (Baseline Zone),Yes,0,0,1,1,83287.93,33.9,56.1
THA-2022-100436,2021,8,10,23,2021-08-10,Bangkok & Vicinity,Bangkok,13.93047,100.43017,Urban / City Road (ถนนในเมือง/ท้องถิ่น),Local Administration / BMA (อปท./กทม.),Motorcycle,Speeding (ขับรถเร็วเกินกำหนด),Normal Period (ช่วงเวลาปกติ),Level 1: Low Risk (Baseline Zone),Yes,0,0,1,1,106944.3,73.1,82.8
THA-2023-100437,2024,9,19,21,2024-09-19,Central,Ayutthaya,14.42139,100.60601,Rural Road (ทางหลวงชนบท),Department of Rural Roads (DRR - กรมทางหลวงชนบท),Motorcycle,Cutting off abruptly (ตัดหน้ากระชั้นชิด),Normal Period (ช่วงเวลาปกติ),Level 1: Low Risk (Baseline Zone),No,0,0,0,0,38563.48,52.2,39.7
THA-2024-100438,2026,10,24,23,2026-10-24,Central,Chonburi,13.3974,101.06572,Urban / City Road (ถนนในเมือง/ท้องถิ่น),Local Administration / BMA (อปท./กทม.),Private Car,Cutting off abruptly (ตัดหน้ากระชั้นชิด),Normal Period (ช่วงเวลาปกติ),Level 1: Low Risk (Baseline Zone),Yes,0,0,0,0,298351.52,44.9,61.1
THA-2025-100439,2026,2,17,5,2026-02-17,Bangkok & Vicinity,Bangkok,13.73137,100.51551,Urban / City Road (ถนนในเมือง/ท้องถิ่น),Local Administration / BMA (อปท./กทม.),Motorcycle,Cutting off abruptly (ตัดหน้ากระชั้นชิด),Normal Period (ช่วงเวลาปกติ),Level 3: Critical Blackspot (Red Zone),No,2,2,0,4,12878396.29,30.4,47.6
THA-2026-100440,2022,9,9,20,2022-09-09,Bangkok & Vicinity,Bangkok,13.76514,100.42478,Urban / City Road (ถนนในเมือง/ท้องถิ่น),Local Administration / BMA (อปท./กทม.),Motorcycle,Cutting off abruptly (ตัดหน้ากระชั้นชิด),Normal Period (ช่วงเวลาปกติ),Level 3: Critical Blackspot (Red Zone),Yes,1,0,0,1,4214135.25,40.1,38.7
THA-2020-100441,2023,8,13,20,2023-08-13,South,Songkhla,7.21689,100.58168,Rural Road (ทางหลวงชนบท),Department of Rural Roads (DRR - กรมทางหลวงชนบท),Motorcycle,Speeding (ขับรถเร็วเกินกำหนด),Normal Period (ช่วงเวลาปกติ),Level 2: Moderate Risk (Surveillance Zone),Yes,0,1,2,3,1175445.41,48.2,66.8
THA-2021-100442,2021,7,1,13,2021-07-01,North,Chiang Mai,18.95302,98.93959,National Highway (ทางหลวงแผ่นดิน),Department of Highways (DOH - กรมทางหลวง),Private Car,Speeding (ขับรถเร็วเกินกำหนด),Normal Period (ช่วงเวลาปกติ),Level 3: Critical Blackspot (Red Zone),Yes,1,2,0,3,6375406.22,83.6,72.5
THA-2022-100443,2026,3,2,9,2026-03-02,North,Chiang Mai,18.66947,99.08614,Expressway (ทางพิเศษ),EXAT (การทางพิเศษแห่งประเทศไทย),Commercial Truck,Speeding (ขับรถเร็วเกินกำหนด),Normal Period (ช่วงเวลาปกติ),Level 1: Low Risk (Baseline Zone),Yes,0,0,0,0,583119.69,31.5,75.1
THA-2023-100444,2026,2,13,7,2026-02-13,Central,Ayutthaya,14.28622,100.4592,Rural Road (ทางหลวงชนบท),Department of Rural Roads (DRR - กรมทางหลวงชนบท),Private Car,Speeding (ขับรถเร็วเกินกำหนด),Normal Period (ช่วงเวลาปกติ),Level 1: Low Risk (Baseline Zone),No,0,0,0,0,154431.48,27.7,89.1
THA-2024-100445,2024,7,24,6,2024-07-24,South,Surat Thani,9.17308,99.44142,National Highway (ทางหลวงแผ่นดิน),Department of Highways (DOH - กรมทางหลวง),Private Car,Cutting off abruptly (ตัดหน้ากระชั้นชิด),Normal Period (ช่วงเวลาปกติ),Level 2: Moderate Risk (Surveillance Zone),Yes,0,1,1,2,1124122.34,46.7,33.4
THA-2025-100446,2025,5,9,7,2025-05-09,South,Songkhla,7.24196,100.56284,National Highway (ทางหลวงแผ่นดิน),Department of Highways (DOH - กรมทางหลวง),Motorcycle,Fatigue / Falling asleep (หลับใน),Normal Period (ช่วงเวลาปกติ),Level 1: Low Risk (Baseline Zone),No,0,0,1,1,70357.56,62.9,13.3
THA-2026-100447,2024,6,7,7,2024-06-07,Central,Chonburi,13.37267,100.95884,Rural Road (ทางหลวงชนบท),Department of Rural Roads (DRR - กรมทางหลวงชนบท),Motorcycle,Speeding (ขับรถเร็วเกินกำหนด),Normal Period (ช่วงเวลาปกติ),Level 1: Low Risk (Baseline Zone),No,0,0,0,0,84670.56,49.6,52.0
THA-2020-100448,2024,4,16,22,2024-04-16,North,Chiang Mai,18.93778,98.94594,Expressway (ทางพิเศษ),EXAT (การทางพิเศษแห่งประเทศไทย),Commercial Truck,Speeding (ขับรถเร็วเกินกำหนด),Songkran Festival (เทศกาลสงกรานต์),Level 1: Low Risk (Baseline Zone),Yes,0,0,1,1,473317.92,56.2,77.5
THA-2021-100449,2020,2,19,1,2020-02-19,Bangkok & Vicinity,Bangkok,13.76521,100.51703,National Highway (ทางหลวงแผ่นดิน),Department of Highways (DOH - กรมทางหลวง),Motorcycle,Drunk driving (เมาแล้วขับ),Normal Period (ช่วงเวลาปกติ),Level 1: Low Risk (Baseline Zone),Yes,0,0,1,1,139597.28,66.3,70.8
THA-2022-100450,2023,9,7,15,2023-09-07,Central,Chonburi,13.25668,100.96734,National Highway (ทางหลวงแผ่นดิน),Department of Highways (DOH - กรมทางหลวง),Public Bus/Van,Speeding (ขับรถเร็วเกินกำหนด),Normal Period (ช่วงเวลาปกติ),Level 1: Low Risk (Baseline Zone),No,0,0,0,0,1026429.62,53.4,78.0
THA-2023-100451,2024,3,6,8,2024-03-06,Northeast,Nakhon Ratchasima,14.96401,102.22172,Urban / City Road (ถนนในเมือง/ท้องถิ่น),Local Administration / BMA (อปท./กทม.),Private Car,Running red light / Signal violation (ฝ่าฝืนสัญญาณไฟ),Normal Period (ช่วงเวลาปกติ),Level 2: Moderate Risk (Surveillance Zone),Yes,0,1,3,4,807366.05,41.3,53.8
THA-2024-100452,2024,12,18,12,2024-12-18,North,Chiang Rai,19.92806,99.80655,Urban / City Road (ถนนในเมือง/ท้องถิ่น),Local Administration / BMA (อปท./กทม.),Private Car,Drunk driving (เมาแล้วขับ),Normal Period (ช่วงเวลาปกติ),Level 1: Low Risk (Baseline Zone),Yes,0,0,1,1,385298.43,24.0,73.9
THA-2025-100453,2022,7,19,22,2022-07-19,South,Phuket,7.86734,98.38627,National Highway (ทางหลวงแผ่นดิน),Department of Highways (DOH - กรมทางหลวง),Motorcycle,Speeding (ขับรถเร็วเกินกำหนด),Normal Period (ช่วงเวลาปกติ),Level 3: Critical Blackspot (Red Zone),No,1,1,1,3,5791646.42,60.2,65.2
THA-2026-100454,2026,8,11,11,2026-08-11,Bangkok & Vicinity,Bangkok,13.7528,100.58527,National Highway (ทางหลวงแผ่นดิน),Department of Highways (DOH - กรมทางหลวง),Private Car,Speeding (ขับรถเร็วเกินกำหนด),Normal Period (ช่วงเวลาปกติ),Level 1: Low Risk (Baseline Zone),Yes,0,0,1,1,200503.13,67.5,64.2
THA-2020-100455,2021,2,12,21,2021-02-12,Northeast,Nakhon Ratchasima,15.06798,102.00864,Rural Road (ทางหลวงชนบท),Department of Rural Roads (DRR - กรมทางหลวงชนบท),Motorcycle,Cutting off abruptly (ตัดหน้ากระชั้นชิด),Normal Period (ช่วงเวลาปกติ),Level 3: Critical Blackspot (Red Zone),Yes,1,1,0,2,5254628.02,27.1,64.9
THA-2021-100456,2023,6,26,16,2023-06-26,Bangkok & Vicinity,Bangkok,13.85242,100.56942,National Highway (ทางหลวงแผ่นดิน),Department of Highways (DOH - กรมทางหลวง),Motorcycle,Speeding (ขับรถเร็วเกินกำหนด),Normal Period (ช่วงเวลาปกติ),Level 3: Critical Blackspot (Red Zone),Yes,1,1,0,2,6714071.15,52.5,65.5
THA-2022-100457,2024,11,10,1,2024-11-10,North,Phitsanulok,16.81635,100.13324,Urban / City Road (ถนนในเมือง/ท้องถิ่น),Local Administration / BMA (อปท./กทม.),Motorcycle,Speeding (ขับรถเร็วเกินกำหนด),Normal Period (ช่วงเวลาปกติ),Level 1: Low Risk (Baseline Zone),No,0,0,1,1,96604.42,24.2,67.5
THA-2023-100458,2024,8,13,12,2024-08-13,Bangkok & Vicinity,Bangkok,13.77544,100.46995,National Highway (ทางหลวงแผ่นดิน),Department of Highways (DOH - กรมทางหลวง),Commercial Truck,Speeding (ขับรถเร็วเกินกำหนด),Normal Period (ช่วงเวลาปกติ),Level 1: Low Risk (Baseline Zone),Yes,0,0,0,0,685378.88,49.5,70.7
THA-2024-100459,2024,7,12,0,2024-07-12,Bangkok & Vicinity,Bangkok,13.80624,100.55999,National Highway (ทางหลวงแผ่นดิน),Department of Highways (DOH - กรมทางหลวง),Motorcycle,Fatigue / Falling asleep (หลับใน),Normal Period (ช่วงเวลาปกติ),Level 3: Critical Blackspot (Red Zone),No,1,2,0,3,6336800.13,75.1,51.9
THA-2025-100460,2022,11,21,18,2022-11-21,Bangkok & Vicinity,Bangkok,13.87502,100.40629,National Highway (ทางหลวงแผ่นดิน),Department of Highways (DOH - กรมทางหลวง),Motorcycle,Cutting off abruptly (ตัดหน้ากระชั้นชิด),Normal Period (ช่วงเวลาปกติ),Level 2: Moderate Risk (Surveillance Zone),Yes,0,1,2,3,746998.3,32.3,20.6
THA-2026-100461,2021,3,10,10,2021-03-10,Northeast,Khon Kaen,16.62465,102.90418,National Highway (ทางหลวงแผ่นดิน),Department of Highways (DOH - กรมทางหลวง),Motorcycle,Speeding (ขับรถเร็วเกินกำหนด),Normal Period (ช่วงเวลาปกติ),Level 2: Moderate Risk (Surveillance Zone),No,0,1,1,2,1307378.27,37.7,75.6
THA-2020-100462,2024,1,20,4,2024-01-20,Central,Chonburi,13.42538,101.15718,National Highway (ทางหลวงแผ่นดิน),Department of Highways (DOH - กรมทางหลวง),Private Car,Drunk driving (เมาแล้วขับ),Normal Period (ช่วงเวลาปกติ),Level 3: Critical Blackspot (Red Zone),No,1,1,1,3,5653773.58,55.8,77.0
THA-2021-100463,2024,6,18,0,2024-06-18,Northeast,Khon Kaen,16.46081,102.91663,National Highway (ทางหลวงแผ่นดิน),Department of Highways (DOH - กรมทางหลวง),Private Car,Cutting off abruptly (ตัดหน้ากระชั้นชิด),Normal Period (ช่วงเวลาปกติ),Level 1: Low Risk (Baseline Zone),Yes,0,0,1,1,435342.17,56.2,46.6
THA-2022-100464,2021,8,4,19,2021-08-04,South,Surat Thani,9.15348,99.39717,Urban / City Road (ถนนในเมือง/ท้องถิ่น),Local Administration / BMA (อปท./กทม.),Private Car,Cutting off abruptly (ตัดหน้ากระชั้นชิด),Normal Period (ช่วงเวลาปกติ),Level 2: Moderate Risk (Surveillance Zone),Yes,0,2,2,4,2147625.87,44.5,60.1
THA-2023-100465,2024,6,28,12,2024-06-28,North,Chiang Mai,18.89284,99.0806,National Highway (ทางหลวงแผ่นดิน),Department of Highways (DOH - กรมทางหลวง),Motorcycle,Speeding (ขับรถเร็วเกินกำหนด),Normal Period (ช่วงเวลาปกติ),Level 3: Critical Blackspot (Red Zone),Yes,1,1,1,3,6916789.5,48.3,57.2
THA-2024-100466,2023,5,24,7,2023-05-24,North,Chiang Mai,18.65222,98.94806,Urban / City Road (ถนนในเมือง/ท้องถิ่น),Local Administration / BMA (อปท./กทม.),Motorcycle,Cutting off abruptly (ตัดหน้ากระชั้นชิด),Normal Period (ช่วงเวลาปกติ),Level 2: Moderate Risk (Surveillance Zone),No,0,1,1,2,1209746.42,32.2,26.1
THA-2025-100467,2024,11,5,5,2024-11-05,Central,Saraburi,14.63436,100.95563,National Highway (ทางหลวงแผ่นดิน),Department of Highways (DOH - กรมทางหลวง),Private Car,Running red light / Signal violation (ฝ่าฝืนสัญญาณไฟ),Normal Period (ช่วงเวลาปกติ),Level 1: Low Risk (Baseline Zone),No,0,0,0,0,130804.52,46.1,46.9
THA-2026-100468,2025,12,5,16,2025-12-05,Bangkok & Vicinity,Nonthaburi,13.85765,100.55909,Rural Road (ทางหลวงชนบท),Department of Rural Roads (DRR - กรมทางหลวงชนบท),Motorcycle,Speeding (ขับรถเร็วเกินกำหนด),Normal Period (ช่วงเวลาปกติ),Level 1: Low Risk (Baseline Zone),No,0,0,1,1,77655.26,58.7,64.1
THA-2020-100469,2021,8,28,11,2021-08-28,South,Surat Thani,9.03887,99.39228,National Highway (ทางหลวงแผ่นดิน),Department of Highways (DOH - กรมทางหลวง),Public Bus/Van,Speeding (ขับรถเร็วเกินกำหนด),Normal Period (ช่วงเวลาปกติ),Level 2: Moderate Risk (Surveillance Zone),Yes,0,1,3,4,1566688.15,49.2,64.2
THA-2021-100470,2020,2,12,0,2020-02-12,Bangkok & Vicinity,Bangkok,13.78973,100.50947,National Highway (ทางหลวงแผ่นดิน),Department of Highways (DOH - กรมทางหลวง),Private Car,Speeding (ขับรถเร็วเกินกำหนด),Normal Period (ช่วงเวลาปกติ),Level 1: Low Risk (Baseline Zone),Yes,0,0,1,1,401814.1,34.4,66.5
THA-2022-100471,2025,12,26,2,2025-12-26,South,Surat Thani,9.1221,99.3423,Rural Road (ทางหลวงชนบท),Department of Rural Roads (DRR - กรมทางหลวงชนบท),Motorcycle,Speeding (ขับรถเร็วเกินกำหนด),Normal Period (ช่วงเวลาปกติ),Level 3: Critical Blackspot (Red Zone),No,1,1,0,2,6230197.67,44.8,75.5
THA-2023-100472,2024,1,3,13,2024-01-03,Bangkok & Vicinity,Bangkok,13.73162,100.47265,Rural Road (ทางหลวงชนบท),Department of Rural Roads (DRR - กรมทางหลวงชนบท),Motorcycle,Speeding (ขับรถเร็วเกินกำหนด),New Year Festival (เทศกาลปีใหม่),Level 1: Low Risk (Baseline Zone),No,0,0,1,1,113711.43,59.3,57.2
THA-2024-100473,2024,1,8,7,2024-01-08,South,Phuket,8.0414,98.24951,Urban / City Road (ถนนในเมือง/ท้องถิ่น),Local Administration / BMA (อปท./กทม.),Commercial Truck,Fatigue / Falling asleep (หลับใน),Normal Period (ช่วงเวลาปกติ),Level 1: Low Risk (Baseline Zone),Yes,0,0,0,0,988440.49,46.3,10.0
THA-2025-100474,2025,4,22,10,2025-04-22,Northeast,Nakhon Ratchasima,14.83896,102.16814,Urban / City Road (ถนนในเมือง/ท้องถิ่น),Local Administration / BMA (อปท./กทม.),Motorcycle,Road defect / Slippery surface (ถนนชำรุด/ลื่น),Normal Period (ช่วงเวลาปกติ),Level 1: Low Risk (Baseline Zone),Yes,0,0,0,0,73059.57,39.2,10.0
THA-2026-100475,2025,6,2,13,2025-06-02,South,Songkhla,7.06582,100.43398,Rural Road (ทางหลวงชนบท),Department of Rural Roads (DRR - กรมทางหลวงชนบท),Motorcycle,Speeding (ขับรถเร็วเกินกำหนด),Normal Period (ช่วงเวลาปกติ),Level 2: Moderate Risk (Surveillance Zone),No,0,2,1,3,2341405.97,37.8,98.0
THA-2020-100476,2026,9,18,7,2026-09-18,Bangkok & Vicinity,Bangkok,13.84758,100.61521,National Highway (ทางหลวงแผ่นดิน),Department of Highways (DOH - กรมทางหลวง),Private Car,Cutting off abruptly (ตัดหน้ากระชั้นชิด),Normal Period (ช่วงเวลาปกติ),Level 3: Critical Blackspot (Red Zone),Yes,2,1,1,4,8533988.74,81.1,25.2
THA-2021-100477,2023,1,9,2,2023-01-09,Northeast,Nakhon Ratchasima,14.86218,101.93622,Urban / City Road (ถนนในเมือง/ท้องถิ่น),Local Administration / BMA (อปท./กทม.),Motorcycle,Drunk driving (เมาแล้วขับ),Normal Period (ช่วงเวลาปกติ),Level 3: Critical Blackspot (Red Zone),Yes,1,0,0,1,5410154.15,42.1,64.0
THA-2022-100478,2023,12,13,6,2023-12-13,South,Surat Thani,9.02851,99.25851,Rural Road (ทางหลวงชนบท),Department of Rural Roads (DRR - กรมทางหลวงชนบท),Private Car,Cutting off abruptly (ตัดหน้ากระชั้นชิด),Normal Period (ช่วงเวลาปกติ),Level 2: Moderate Risk (Surveillance Zone),Yes,0,1,1,2,798099.87,44.4,21.3
THA-2023-100479,2023,1,7,18,2023-01-07,Northeast,Nakhon Ratchasima,15.15215,102.05912,Expressway (ทางพิเศษ),EXAT (การทางพิเศษแห่งประเทศไทย),Motorcycle,Cutting off abruptly (ตัดหน้ากระชั้นชิด),Normal Period (ช่วงเวลาปกติ),Level 1: Low Risk (Baseline Zone),Yes,0,0,1,1,111972.92,33.6,47.0
THA-2024-100480,2021,5,10,3,2021-05-10,Northeast,Khon Kaen,16.50707,102.88856,Urban / City Road (ถนนในเมือง/ท้องถิ่น),Local Administration / BMA (อปท./กทม.),Private Car,Speeding (ขับรถเร็วเกินกำหนด),Normal Period (ช่วงเวลาปกติ),Level 2: Moderate Risk (Surveillance Zone),Yes,0,1,1,2,1028150.91,14.7,66.6
THA-2025-100481,2024,10,9,15,2024-10-09,Northeast,Ubon Ratchathani,15.36382,104.79096,National Highway (ทางหลวงแผ่นดิน),Department of Highways (DOH - กรมทางหลวง),Motorcycle,Cutting off abruptly (ตัดหน้ากระชั้นชิด),Normal Period (ช่วงเวลาปกติ),Level 2: Moderate Risk (Surveillance Zone),No,0,1,1,2,537739.54,61.5,31.2
THA-2026-100482,2022,5,22,12,2022-05-22,North,Phitsanulok,16.82018,100.24617,National Highway (ทางหลวงแผ่นดิน),Department of Highways (DOH - กรมทางหลวง),Motorcycle,Cutting off abruptly (ตัดหน้ากระชั้นชิด),Normal Period (ช่วงเวลาปกติ),Level 1: Low Risk (Baseline Zone),Yes,0,0,1,1,104879.66,36.5,31.1
THA-2020-100483,2026,5,15,19,2026-05-15,Northeast,Khon Kaen,16.48062,102.93303,Rural Road (ทางหลวงชนบท),Department of Rural Roads (DRR - กรมทางหลวงชนบท),Commercial Truck,Fatigue / Falling asleep (หลับใน),Normal Period (ช่วงเวลาปกติ),Level 1: Low Risk (Baseline Zone),Yes,0,0,1,1,827554.2,36.5,19.7
THA-2021-100484,2024,10,5,18,2024-10-05,Northeast,Khon Kaen,16.62826,102.78844,Urban / City Road (ถนนในเมือง/ท้องถิ่น),Local Administration / BMA (อปท./กทม.),Private Car,Fatigue / Falling asleep (หลับใน),Normal Period (ช่วงเวลาปกติ),Level 1: Low Risk (Baseline Zone),Yes,0,0,0,0,236594.07,61.7,47.6
THA-2022-100485,2024,6,12,4,2024-06-12,South,Phuket,7.89312,98.4703,Rural Road (ทางหลวงชนบท),Department of Rural Roads (DRR - กรมทางหลวงชนบท),Motorcycle,Speeding (ขับรถเร็วเกินกำหนด),Normal Period (ช่วงเวลาปกติ),Level 2: Moderate Risk (Surveillance Zone),Yes,0,1,1,2,1235197.61,56.8,64.7
THA-2023-100486,2022,8,1,22,2022-08-01,Bangkok & Vicinity,Bangkok,13.81136,100.65616,Urban / City Road (ถนนในเมือง/ท้องถิ่น),Local Administration / BMA (อปท./กทม.),Motorcycle,Speeding (ขับรถเร็วเกินกำหนด),Normal Period (ช่วงเวลาปกติ),Level 2: Moderate Risk (Surveillance Zone),Yes,0,1,2,3,725983.26,47.3,58.0
THA-2024-100487,2020,3,12,4,2020-03-12,North,Chiang Mai,18.77859,98.94953,National Highway (ทางหลวงแผ่นดิน),Department of Highways (DOH - กรมทางหลวง),Private Car,Road defect / Slippery surface (ถนนชำรุด/ลื่น),Normal Period (ช่วงเวลาปกติ),Level 1: Low Risk (Baseline Zone),Yes,0,0,1,1,386721.22,72.3,26.8
THA-2025-100488,2020,9,22,19,2020-09-22,South,Surat Thani,9.26207,99.34877,National Highway (ทางหลวงแผ่นดิน),Department of Highways (DOH - กรมทางหลวง),Motorcycle,Cutting off abruptly (ตัดหน้ากระชั้นชิด),Normal Period (ช่วงเวลาปกติ),Level 2: Moderate Risk (Surveillance Zone),No,0,1,3,4,986044.63,60.5,47.4
THA-2026-100489,2023,1,6,23,2023-01-06,South,Phuket,7.92902,98.38576,National Highway (ทางหลวงแผ่นดิน),Department of Highways (DOH - กรมทางหลวง),Public Bus/Van,Fatigue / Falling asleep (หลับใน),Normal Period (ช่วงเวลาปกติ),Level 1: Low Risk (Baseline Zone),No,0,0,1,1,873241.56,62.2,24.4
THA-2020-100490,2020,4,19,3,2020-04-19,North,Phitsanulok,16.90454,100.18804,Rural Road (ทางหลวงชนบท),Department of Rural Roads (DRR - กรมทางหลวงชนบท),Public Bus/Van,Speeding (ขับรถเร็วเกินกำหนด),Normal Period (ช่วงเวลาปกติ),Level 2: Moderate Risk (Surveillance Zone),Yes,0,2,1,3,2366390.04,42.2,52.9
THA-2021-100491,2024,9,19,1,2024-09-19,Northeast,Khon Kaen,16.39096,102.58526,Rural Road (ทางหลวงชนบท),Department of Rural Roads (DRR - กรมทางหลวงชนบท),Private Car,Cutting off abruptly (ตัดหน้ากระชั้นชิด),Normal Period (ช่วงเวลาปกติ),Level 1: Low Risk (Baseline Zone),Yes,0,0,0,0,158336.04,45.4,40.2
THA-2022-100492,2026,8,16,12,2026-08-16,Bangkok & Vicinity,Nonthaburi,13.80562,100.59724,National Highway (ทางหลวงแผ่นดิน),Department of Highways (DOH - กรมทางหลวง),Motorcycle,Cutting off abruptly (ตัดหน้ากระชั้นชิด),Normal Period (ช่วงเวลาปกติ),Level 2: Moderate Risk (Surveillance Zone),No,0,1,1,2,732832.17,42.9,10.0
THA-2023-100493,2026,10,19,15,2026-10-19,Bangkok & Vicinity,Bangkok,13.76048,100.41865,Rural Road (ทางหลวงชนบท),Department of Rural Roads (DRR - กรมทางหลวงชนบท),Motorcycle,Fatigue / Falling asleep (หลับใน),Normal Period (ช่วงเวลาปกติ),Level 2: Moderate Risk (Surveillance Zone),Yes,0,2,1,3,1566985.65,17.7,18.5
THA-2024-100494,2024,9,3,21,2024-09-03,North,Phitsanulok,16.94975,100.27837,National Highway (ทางหลวงแผ่นดิน),Department of Highways (DOH - กรมทางหลวง),Private Car,Speeding (ขับรถเร็วเกินกำหนด),Normal Period (ช่วงเวลาปกติ),Level 2: Moderate Risk (Surveillance Zone),Yes,0,1,2,3,817129.35,78.0,81.9
THA-2025-100495,2021,1,23,1,2021-01-23,North,Chiang Mai,18.94074,99.0624,National Highway (ทางหลวงแผ่นดิน),Department of Highways (DOH - กรมทางหลวง),Motorcycle,Speeding (ขับรถเร็วเกินกำหนด),Normal Period (ช่วงเวลาปกติ),Level 1: Low Risk (Baseline Zone),No,0,0,0,0,75587.78,48.5,83.3
THA-2026-100496,2025,9,10,18,2025-09-10,Northeast,Khon Kaen,16.44914,102.98875,Rural Road (ทางหลวงชนบท),Department of Rural Roads (DRR - กรมทางหลวงชนบท),Motorcycle,Cutting off abruptly (ตัดหน้ากระชั้นชิด),Normal Period (ช่วงเวลาปกติ),Level 2: Moderate Risk (Surveillance Zone),No,0,1,1,2,875664.58,23.4,30.3
THA-2020-100497,2026,3,27,16,2026-03-27,Bangkok & Vicinity,Bangkok,13.72258,100.40326,National Highway (ทางหลวงแผ่นดิน),Department of Highways (DOH - กรมทางหลวง),Motorcycle,Fatigue / Falling asleep (หลับใน),Normal Period (ช่วงเวลาปกติ),Level 1: Low Risk (Baseline Zone),Yes,0,0,0,0,68745.05,73.6,32.8
THA-2021-100498,2021,11,18,4,2021-11-18,South,Songkhla,7.31954,100.66871,Rural Road (ทางหลวงชนบท),Department of Rural Roads (DRR - กรมทางหลวงชนบท),Motorcycle,Road defect / Slippery surface (ถนนชำรุด/ลื่น),Normal Period (ช่วงเวลาปกติ),Level 1: Low Risk (Baseline Zone),Yes,0,0,1,1,102051.49,71.5,47.2
THA-2022-100499,2025,12,26,17,2025-12-26,South,Songkhla,7.30104,100.69362,Urban / City Road (ถนนในเมือง/ท้องถิ่น),Local Administration / BMA (อปท./กทม.),Motorcycle,Running red light / Signal violation (ฝ่าฝืนสัญญาณไฟ),Normal Period (ช่วงเวลาปกติ),Level 1: Low Risk (Baseline Zone),Yes,0,0,0,0,74585.36,36.7,33.8
THA-2023-100500,2022,10,13,22,2022-10-13,Northeast,Ubon Ratchathani,15.39271,104.80126,Urban / City Road (ถนนในเมือง/ท้องถิ่น),Local Administration / BMA (อปท./กทม.),Motorcycle,Running red light / Signal violation (ฝ่าฝืนสัญญาณไฟ),Normal Period (ช่วงเวลาปกติ),Level 2: Moderate Risk (Surveillance Zone),Yes,0,1,1,2,611690.72,51.4,45.1
THA-2024-100501,2025,9,26,20,2025-09-26,Northeast,Nakhon Ratchasima,14.96292,102.07987,National Highway (ทางหลวงแผ่นดิน),Department of Highways (DOH - กรมทางหลวง),Private Car,Speeding (ขับรถเร็วเกินกำหนด),Normal Period (ช่วงเวลาปกติ),Level 2: Moderate Risk (Surveillance Zone),No,0,1,2,3,1366888.72,53.3,67.5
THA-2025-100502,2026,1,18,17,2026-01-18,North,Chiang Mai,18.77159,98.84427,Rural Road (ทางหลวงชนบท),Department of Rural Roads (DRR - กรมทางหลวงชนบท),Motorcycle,Speeding (ขับรถเร็วเกินกำหนด),Normal Period (ช่วงเวลาปกติ),Level 2: Moderate Risk (Surveillance Zone),No,0,1,2,3,1009925.39,45.4,34.1
THA-2026-100503,2020,1,3,7,2020-01-03,Central,Ayutthaya,14.36791,100.6396,Urban / City Road (ถนนในเมือง/ท้องถิ่น),Local Administration / BMA (อปท./กทม.),Motorcycle,Speeding (ขับรถเร็วเกินกำหนด),New Year Festival (เทศกาลปีใหม่),Level 1: Low Risk (Baseline Zone),No,0,0,0,0,60640.56,54.1,47.5
THA-2020-100504,2026,9,26,14,2026-09-26,Northeast,Ubon Ratchathani,15.18355,104.76507,Urban / City Road (ถนนในเมือง/ท้องถิ่น),Local Administration / BMA (อปท./กทม.),Motorcycle,Speeding (ขับรถเร็วเกินกำหนด),Normal Period (ช่วงเวลาปกติ),Level 3: Critical Blackspot (Red Zone),Yes,1,1,0,2,4179273.95,24.9,71.9
THA-2021-100505,2024,11,28,12,2024-11-28,Bangkok & Vicinity,Bangkok,13.74406,100.57241,Urban / City Road (ถนนในเมือง/ท้องถิ่น),Local Administration / BMA (อปท./กทม.),Private Car,Fatigue / Falling asleep (หลับใน),Normal Period (ช่วงเวลาปกติ),Level 1: Low Risk (Baseline Zone),Yes,0,0,0,0,341633.98,53.3,29.2
THA-2022-100506,2026,6,23,12,2026-06-23,South,Phuket,7.78359,98.60248,National Highway (ทางหลวงแผ่นดิน),Department of Highways (DOH - กรมทางหลวง),Motorcycle,Road defect / Slippery surface (ถนนชำรุด/ลื่น),Normal Period (ช่วงเวลาปกติ),Level 2: Moderate Risk (Surveillance Zone),Yes,0,1,2,3,1219180.06,71.1,19.1
THA-2023-100507,2023,4,3,15,2023-04-03,Central,Ayutthaya,14.23628,100.51704,National Highway (ทางหลวงแผ่นดิน),Department of Highways (DOH - กรมทางหลวง),Private Car,Speeding (ขับรถเร็วเกินกำหนด),Normal Period (ช่วงเวลาปกติ),Level 1: Low Risk (Baseline Zone),Yes,0,0,0,0,351628.46,49.3,77.0
THA-2024-100508,2025,7,23,21,2025-07-23,South,Surat Thani,9.24027,99.40858,Rural Road (ทางหลวงชนบท),Department of Rural Roads (DRR - กรมทางหลวงชนบท),Public Bus/Van,Drunk driving (เมาแล้วขับ),Normal Period (ช่วงเวลาปกติ),Level 1: Low Risk (Baseline Zone),Yes,0,0,0,0,1044913.59,42.7,70.1
THA-2025-100509,2020,5,25,19,2020-05-25,Central,Chonburi,13.4403,100.92301,Urban / City Road (ถนนในเมือง/ท้องถิ่น),Local Administration / BMA (อปท./กทม.),Motorcycle,Road defect / Slippery surface (ถนนชำรุด/ลื่น),Normal Period (ช่วงเวลาปกติ),Level 1: Low Risk (Baseline Zone),Yes,0,0,0,0,44350.32,51.0,34.8
THA-2026-100510,2022,10,27,12,2022-10-27,Northeast,Khon Kaen,16.38759,102.74652,National Highway (ทางหลวงแผ่นดิน),Department of Highways (DOH - กรมทางหลวง),Motorcycle,Cutting off abruptly (ตัดหน้ากระชั้นชิด),Normal Period (ช่วงเวลาปกติ),Level 2: Moderate Risk (Surveillance Zone),No,0,2,2,4,1651779.82,41.8,28.6
THA-2020-100511,2020,7,26,19,2020-07-26,North,Chiang Rai,19.88168,99.87505,National Highway (ทางหลวงแผ่นดิน),Department of Highways (DOH - กรมทางหลวง),Motorcycle,Speeding (ขับรถเร็วเกินกำหนด),Normal Period (ช่วงเวลาปกติ),Level 2: Moderate Risk (Surveillance Zone),No,0,1,3,4,910145.19,41.7,76.4
THA-2021-100512,2026,8,12,1,2026-08-12,South,Surat Thani,9.06069,99.16416,Rural Road (ทางหลวงชนบท),Department of Rural Roads (DRR - กรมทางหลวงชนบท),Public Bus/Van,Cutting off abruptly (ตัดหน้ากระชั้นชิด),Normal Period (ช่วงเวลาปกติ),Level 1: Low Risk (Baseline Zone),No,0,0,1,1,445557.19,48.1,10.0
THA-2022-100513,2025,8,27,2,2025-08-27,Central,Saraburi,14.63413,100.89459,National Highway (ทางหลวงแผ่นดิน),Department of Highways (DOH - กรมทางหลวง),Private Car,Speeding (ขับรถเร็วเกินกำหนด),Normal Period (ช่วงเวลาปกติ),Level 3: Critical Blackspot (Red Zone),Yes,1,0,1,2,6056353.12,41.7,47.9
THA-2023-100514,2025,1,20,14,2025-01-20,Bangkok & Vicinity,Bangkok,13.82363,100.47398,National Highway (ทางหลวงแผ่นดิน),Department of Highways (DOH - กรมทางหลวง),Commercial Truck,Cutting off abruptly (ตัดหน้ากระชั้นชิด),Normal Period (ช่วงเวลาปกติ),Level 1: Low Risk (Baseline Zone),Yes,0,0,1,1,769037.34,77.0,24.2
THA-2024-100515,2026,8,7,22,2026-08-07,Bangkok & Vicinity,Bangkok,13.80515,100.71116,National Highway (ทางหลวงแผ่นดิน),Department of Highways (DOH - กรมทางหลวง),Motorcycle,Cutting off abruptly (ตัดหน้ากระชั้นชิด),Normal Period (ช่วงเวลาปกติ),Level 1: Low Risk (Baseline Zone),Yes,0,0,1,1,126742.27,78.9,41.6
THA-2025-100516,2020,6,25,18,2020-06-25,North,Chiang Mai,18.6854,98.91529,National Highway (ทางหลวงแผ่นดิน),Department of Highways (DOH - กรมทางหลวง),Public Bus/Van,Speeding (ขับรถเร็วเกินกำหนด),Normal Period (ช่วงเวลาปกติ),Level 1: Low Risk (Baseline Zone),Yes,0,0,1,1,496914.92,67.7,67.5
THA-2026-100517,2022,4,24,12,2022-04-24,Central,Ayutthaya,14.27213,100.75778,Rural Road (ทางหลวงชนบท),Department of Rural Roads (DRR - กรมทางหลวงชนบท),Motorcycle,Running red light / Signal violation (ฝ่าฝืนสัญญาณไฟ),Normal Period (ช่วงเวลาปกติ),Level 1: Low Risk (Baseline Zone),No,0,0,1,1,145926.94,31.8,23.6
THA-2020-100518,2020,12,8,4,2020-12-08,South,Songkhla,7.17397,100.69417,National Highway (ทางหลวงแผ่นดิน),Department of Highways (DOH - กรมทางหลวง),Motorcycle,Cutting off abruptly (ตัดหน้ากระชั้นชิด),Normal Period (ช่วงเวลาปกติ),Level 2: Moderate Risk (Surveillance Zone),No,0,1,3,4,1236321.66,42.7,14.5
THA-2021-100519,2021,8,9,21,2021-08-09,Bangkok & Vicinity,Bangkok,13.51836,100.5355,National Highway (ทางหลวงแผ่นดิน),Department of Highways (DOH - กรมทางหลวง),Commercial Truck,Cutting off abruptly (ตัดหน้ากระชั้นชิด),Normal Period (ช่วงเวลาปกติ),Level 2: Moderate Risk (Surveillance Zone),No,0,1,2,3,2485284.35,56.6,51.5
THA-2022-100520,2021,3,14,5,2021-03-14,Northeast,Khon Kaen,16.39973,102.94857,National Highway (ทางหลวงแผ่นดิน),Department of Highways (DOH - กรมทางหลวง),Public Bus/Van,Running red light / Signal violation (ฝ่าฝืนสัญญาณไฟ),Normal Period (ช่วงเวลาปกติ),Level 3: Critical Blackspot (Red Zone),Yes,1,1,1,3,7555852.33,41.6,31.0
THA-2023-100521,2023,4,5,13,2023-04-05,North,Chiang Rai,19.96979,99.80283,National Highway (ทางหลวงแผ่นดิน),Department of Highways (DOH - กรมทางหลวง),Motorcycle,Speeding (ขับรถเร็วเกินกำหนด),Normal Period (ช่วงเวลาปกติ),Level 2: Moderate Risk (Surveillance Zone),Yes,0,2,2,4,1812510.06,23.2,64.9
THA-2024-100522,2022,6,21,3,2022-06-21,South,Surat Thani,9.28038,99.47195,Rural Road (ทางหลวงชนบท),Department of Rural Roads (DRR - กรมทางหลวงชนบท),Motorcycle,Speeding (ขับรถเร็วเกินกำหนด),Normal Period (ช่วงเวลาปกติ),Level 2: Moderate Risk (Surveillance Zone),Yes,0,1,1,2,960803.31,54.7,67.7
THA-2025-100523,2020,11,19,21,2020-11-19,Central,Saraburi,14.66441,100.97942,National Highway (ทางหลวงแผ่นดิน),Department of Highways (DOH - กรมทางหลวง),Motorcycle,Fatigue / Falling asleep (หลับใน),Normal Period (ช่วงเวลาปกติ),Level 1: Low Risk (Baseline Zone),No,0,0,0,0,42320.06,55.0,45.5
THA-2026-100524,2021,7,21,18,2021-07-21,Central,Ayutthaya,14.32824,100.58929,Rural Road (ทางหลวงชนบท),Department of Rural Roads (DRR - กรมทางหลวงชนบท),Motorcycle,Speeding (ขับรถเร็วเกินกำหนด),Normal Period (ช่วงเวลาปกติ),Level 3: Critical Blackspot (Red Zone),Yes,2,1,1,4,9869269.99,21.2,70.9
THA-2020-100525,2021,4,16,22,2021-04-16,North,Phitsanulok,16.7836,100.28582,National Highway (ทางหลวงแผ่นดิน),Department of Highways (DOH - กรมทางหลวง),Motorcycle,Fatigue / Falling asleep (หลับใน),Songkran Festival (เทศกาลสงกรานต์),Level 1: Low Risk (Baseline Zone),Yes,0,0,1,1,135486.42,40.7,27.5
THA-2021-100526,2026,4,24,6,2026-04-24,North,Chiang Rai,19.85698,99.82533,National Highway (ทางหลวงแผ่นดิน),Department of Highways (DOH - กรมทางหลวง),Public Bus/Van,Speeding (ขับรถเร็วเกินกำหนด),Normal Period (ช่วงเวลาปกติ),Level 3: Critical Blackspot (Red Zone),Yes,1,0,0,1,5544085.92,36.2,33.6
THA-2022-100527,2025,7,12,3,2025-07-12,Bangkok & Vicinity,Nonthaburi,14.05502,100.54138,National Highway (ทางหลวงแผ่นดิน),Department of Highways (DOH - กรมทางหลวง),Private Car,Speeding (ขับรถเร็วเกินกำหนด),Normal Period (ช่วงเวลาปกติ),Level 2: Moderate Risk (Surveillance Zone),Yes,0,2,1,3,1705323.19,51.3,60.9
THA-2023-100528,2026,6,21,1,2026-06-21,Bangkok & Vicinity,Bangkok,13.71761,100.40278,National Highway (ทางหลวงแผ่นดิน),Department of Highways (DOH - กรมทางหลวง),Private Car,Cutting off abruptly (ตัดหน้ากระชั้นชิด),Normal Period (ช่วงเวลาปกติ),Level 1: Low Risk (Baseline Zone),No,0,0,1,1,507650.69,75.9,19.0
THA-2024-100529,2023,11,4,6,2023-11-04,Central,Saraburi,14.51992,100.97788,Rural Road (ทางหลวงชนบท),Department of Rural Roads (DRR - กรมทางหลวงชนบท),Private Car,Speeding (ขับรถเร็วเกินกำหนด),Normal Period (ช่วงเวลาปกติ),Level 2: Moderate Risk (Surveillance Zone),No,0,1,1,2,1135876.88,62.6,95.2
THA-2025-100530,2022,8,8,2,2022-08-08,Central,Ayutthaya,14.3655,100.56354,National Highway (ทางหลวงแผ่นดิน),Department of Highways (DOH - กรมทางหลวง),Motorcycle,Drunk driving (เมาแล้วขับ),Normal Period (ช่วงเวลาปกติ),Level 3: Critical Blackspot (Red Zone),No,1,1,1,3,5234594.32,44.8,73.2
THA-2026-100531,2025,1,7,14,2025-01-07,South,Songkhla,7.2139,100.64979,Urban / City Road (ถนนในเมือง/ท้องถิ่น),Local Administration / BMA (อปท./กทม.),Private Car,Drunk driving (เมาแล้วขับ),Normal Period (ช่วงเวลาปกติ),Level 2: Moderate Risk (Surveillance Zone),Yes,0,1,2,3,1232662.44,51.7,64.7
THA-2020-100532,2022,10,15,0,2022-10-15,South,Songkhla,7.23908,100.68017,National Highway (ทางหลวงแผ่นดิน),Department of Highways (DOH - กรมทางหลวง),Private Car,Road defect / Slippery surface (ถนนชำรุด/ลื่น),Normal Period (ช่วงเวลาปกติ),Level 2: Moderate Risk (Surveillance Zone),Yes,0,1,2,3,715537.61,53.2,49.4
THA-2021-100533,2022,11,6,1,2022-11-06,Northeast,Nakhon Ratchasima,14.97193,102.08533,National Highway (ทางหลวงแผ่นดิน),Department of Highways (DOH - กรมทางหลวง),Motorcycle,Fatigue / Falling asleep (หลับใน),Normal Period (ช่วงเวลาปกติ),Level 2: Moderate Risk (Surveillance Zone),Yes,0,1,2,3,898964.68,71.3,52.3
THA-2022-100534,2021,7,5,9,2021-07-05,Central,Chonburi,13.36117,101.03512,National Highway (ทางหลวงแผ่นดิน),Department of Highways (DOH - กรมทางหลวง),Private Car,Speeding (ขับรถเร็วเกินกำหนด),Normal Period (ช่วงเวลาปกติ),Level 3: Critical Blackspot (Red Zone),Yes,1,0,1,2,6150704.35,83.0,74.7
THA-2023-100535,2021,12,14,15,2021-12-14,South,Surat Thani,9.2391,99.29118,Urban / City Road (ถนนในเมือง/ท้องถิ่น),Local Administration / BMA (อปท./กทม.),Motorcycle,Fatigue / Falling asleep (หลับใน),Normal Period (ช่วงเวลาปกติ),Level 2: Moderate Risk (Surveillance Zone),Yes,0,2,1,3,1569454.95,47.2,63.1
THA-2024-100536,2022,7,21,14,2022-07-21,Central,Saraburi,14.51416,100.83759,National Highway (ทางหลวงแผ่นดิน),Department of Highways (DOH - กรมทางหลวง),Commercial Truck,Drunk driving (เมาแล้วขับ),Normal Period (ช่วงเวลาปกติ),Level 1: Low Risk (Baseline Zone),Yes,0,0,0,0,863048.16,49.3,46.4
THA-2025-100537,2022,11,13,23,2022-11-13,Bangkok & Vicinity,Nonthaburi,13.72753,100.40199,National Highway (ทางหลวงแผ่นดิน),Department of Highways (DOH - กรมทางหลวง),Public Bus/Van,Drunk driving (เมาแล้วขับ),Normal Period (ช่วงเวลาปกติ),Level 1: Low Risk (Baseline Zone),Yes,0,0,0,0,1266341.62,72.9,59.2
THA-2026-100538,2024,7,10,14,2024-07-10,North,Phitsanulok,16.73077,100.20598,National Highway (ทางหลวงแผ่นดิน),Department of Highways (DOH - กรมทางหลวง),Motorcycle,Fatigue / Falling asleep (หลับใน),Normal Period (ช่วงเวลาปกติ),Level 3: Critical Blackspot (Red Zone),No,1,0,0,1,4473360.06,54.9,31.8
THA-2020-100539,2020,7,18,13,2020-07-18,Bangkok & Vicinity,Bangkok,13.79769,100.40538,National Highway (ทางหลวงแผ่นดิน),Department of Highways (DOH - กรมทางหลวง),Private Car,Cutting off abruptly (ตัดหน้ากระชั้นชิด),Normal Period (ช่วงเวลาปกติ),Level 3: Critical Blackspot (Red Zone),Yes,1,1,0,2,6503087.95,33.2,36.8
THA-2021-100540,2021,10,4,21,2021-10-04,South,Surat Thani,9.13979,99.39691,Expressway (ทางพิเศษ),EXAT (การทางพิเศษแห่งประเทศไทย),Motorcycle,Cutting off abruptly (ตัดหน้ากระชั้นชิด),Normal Period (ช่วงเวลาปกติ),Level 2: Moderate Risk (Surveillance Zone),Yes,0,1,2,3,1212313.04,34.6,27.5
THA-2022-100541,2025,10,8,13,2025-10-08,Northeast,Khon Kaen,16.35751,102.77933,Rural Road (ทางหลวงชนบท),Department of Rural Roads (DRR - กรมทางหลวงชนบท),Private Car,Drunk driving (เมาแล้วขับ),Normal Period (ช่วงเวลาปกติ),Level 2: Moderate Risk (Surveillance Zone),Yes,0,2,2,4,2639022.81,10.0,60.5
THA-2023-100542,2021,8,24,5,2021-08-24,Bangkok & Vicinity,Nonthaburi,13.74329,100.42767,Urban / City Road (ถนนในเมือง/ท้องถิ่น),Local Administration / BMA (อปท./กทม.),Motorcycle,Speeding (ขับรถเร็วเกินกำหนด),Normal Period (ช่วงเวลาปกติ),Level 2: Moderate Risk (Surveillance Zone),Yes,0,2,2,4,1247905.32,27.8,62.6
THA-2024-100543,2022,9,11,13,2022-09-11,Northeast,Ubon Ratchathani,15.36809,104.89275,Rural Road (ทางหลวงชนบท),Department of Rural Roads (DRR - กรมทางหลวงชนบท),Motorcycle,Speeding (ขับรถเร็วเกินกำหนด),Normal Period (ช่วงเวลาปกติ),Level 3: Critical Blackspot (Red Zone),Yes,1,1,0,2,4473871.91,55.2,81.1
THA-2025-100544,2025,9,17,16,2025-09-17,Northeast,Khon Kaen,16.62566,102.75727,Rural Road (ทางหลวงชนบท),Department of Rural Roads (DRR - กรมทางหลวงชนบท),Motorcycle,Drunk driving (เมาแล้วขับ),Normal Period (ช่วงเวลาปกติ),Level 1: Low Risk (Baseline Zone),No,0,0,1,1,105091.08,25.9,26.6
THA-2026-100545,2021,2,18,17,2021-02-18,North,Chiang Mai,18.92406,98.91971,National Highway (ทางหลวงแผ่นดิน),Department of Highways (DOH - กรมทางหลวง),Private Car,Speeding (ขับรถเร็วเกินกำหนด),Normal Period (ช่วงเวลาปกติ),Level 2: Moderate Risk (Surveillance Zone),Yes,0,2,2,4,1178858.0,80.4,65.6
THA-2020-100546,2020,7,21,19,2020-07-21,Bangkok & Vicinity,Bangkok,13.71119,100.74681,Rural Road (ทางหลวงชนบท),Department of Rural Roads (DRR - กรมทางหลวงชนบท),Motorcycle,Speeding (ขับรถเร็วเกินกำหนด),Normal Period (ช่วงเวลาปกติ),Level 3: Critical Blackspot (Red Zone),No,1,1,0,2,5502866.28,66.4,88.1
THA-2021-100547,2023,7,25,18,2023-07-25,Northeast,Ubon Ratchathani,15.16964,104.9901,National Highway (ทางหลวงแผ่นดิน),Department of Highways (DOH - กรมทางหลวง),Public Bus/Van,Speeding (ขับรถเร็วเกินกำหนด),Normal Period (ช่วงเวลาปกติ),Level 2: Moderate Risk (Surveillance Zone),Yes,0,1,1,2,1684787.94,31.7,56.4
THA-2022-100548,2022,4,26,16,2022-04-26,Northeast,Nakhon Ratchasima,14.97702,102.00088,National Highway (ทางหลวงแผ่นดิน),Department of Highways (DOH - กรมทางหลวง),Motorcycle,Drunk driving (เมาแล้วขับ),Normal Period (ช่วงเวลาปกติ),Level 1: Low Risk (Baseline Zone),No,0,0,0,0,26378.52,38.1,69.0
THA-2023-100549,2024,9,11,15,2024-09-11,Central,Chonburi,13.23234,100.99417,Rural Road (ทางหลวงชนบท),Department of Rural Roads (DRR - กรมทางหลวงชนบท),Public Bus/Van,Speeding (ขับรถเร็วเกินกำหนด),Normal Period (ช่วงเวลาปกติ),Level 3: Critical Blackspot (Red Zone),No,1,1,0,2,6937294.89,36.7,63.0
THA-2024-100550,2025,8,16,7,2025-08-16,Northeast,Nakhon Ratchasima,14.87878,102.0712,Urban / City Road (ถนนในเมือง/ท้องถิ่น),Local Administration / BMA (อปท./กทม.),Private Car,Drunk driving (เมาแล้วขับ),Normal Period (ช่วงเวลาปกติ),Level 1: Low Risk (Baseline Zone),Yes,0,0,1,1,393150.36,39.7,64.1
THA-2025-100551,2021,12,12,6,2021-12-12,Central,Saraburi,14.35749,100.9427,Rural Road (ทางหลวงชนบท),Department of Rural Roads (DRR - กรมทางหลวงชนบท),Motorcycle,Speeding (ขับรถเร็วเกินกำหนด),Normal Period (ช่วงเวลาปกติ),Level 3: Critical Blackspot (Red Zone),No,1,0,0,1,4535324.99,45.8,48.2
THA-2026-100552,2024,1,13,19,2024-01-13,Northeast,Nakhon Ratchasima,14.84108,102.09239,Rural Road (ทางหลวงชนบท),Department of Rural Roads (DRR - กรมทางหลวงชนบท),Motorcycle,Cutting off abruptly (ตัดหน้ากระชั้นชิด),Normal Period (ช่วงเวลาปกติ),Level 1: Low Risk (Baseline Zone),Yes,0,0,0,0,61234.58,18.3,27.3
THA-2020-100553,2023,2,27,11,2023-02-27,Northeast,Nakhon Ratchasima,14.85536,102.20813,National Highway (ทางหลวงแผ่นดิน),Department of Highways (DOH - กรมทางหลวง),Private Car,Cutting off abruptly (ตัดหน้ากระชั้นชิด),Normal Period (ช่วงเวลาปกติ),Level 1: Low Risk (Baseline Zone),Yes,0,0,0,0,364591.06,10.7,81.3
THA-2021-100554,2021,2,16,8,2021-02-16,Central,Saraburi,14.33901,100.88533,National Highway (ทางหลวงแผ่นดิน),Department of Highways (DOH - กรมทางหลวง),Private Car,Drunk driving (เมาแล้วขับ),Normal Period (ช่วงเวลาปกติ),Level 3: Critical Blackspot (Red Zone),Yes,1,1,1,3,4901116.82,66.4,70.7
THA-2022-100555,2024,12,23,13,2024-12-23,North,Chiang Rai,19.96085,99.8729,National Highway (ทางหลวงแผ่นดิน),Department of Highways (DOH - กรมทางหลวง),Private Car,Speeding (ขับรถเร็วเกินกำหนด),Normal Period (ช่วงเวลาปกติ),Level 2: Moderate Risk (Surveillance Zone),Yes,0,1,3,4,1060812.23,72.5,83.4
THA-2023-100556,2022,12,26,19,2022-12-26,Bangkok & Vicinity,Bangkok,13.64409,100.34522,Rural Road (ทางหลวงชนบท),Department of Rural Roads (DRR - กรมทางหลวงชนบท),Motorcycle,Running red light / Signal violation (ฝ่าฝืนสัญญาณไฟ),Normal Period (ช่วงเวลาปกติ),Level 2: Moderate Risk (Surveillance Zone),Yes,0,1,3,4,894446.75,55.1,48.5
THA-2024-100557,2023,11,21,0,2023-11-21,Bangkok & Vicinity,Bangkok,13.82663,100.49067,Expressway (ทางพิเศษ),EXAT (การทางพิเศษแห่งประเทศไทย),Motorcycle,Road defect / Slippery surface (ถนนชำรุด/ลื่น),Normal Period (ช่วงเวลาปกติ),Level 1: Low Risk (Baseline Zone),No,0,0,1,1,100357.32,34.8,39.9
THA-2025-100558,2020,8,1,9,2020-08-01,Central,Chonburi,13.26465,101.0583,National Highway (ทางหลวงแผ่นดิน),Department of Highways (DOH - กรมทางหลวง),Public Bus/Van,Fatigue / Falling asleep (หลับใน),Normal Period (ช่วงเวลาปกติ),Level 2: Moderate Risk (Surveillance Zone),Yes,0,1,3,4,1604970.19,37.7,42.0
THA-2026-100559,2023,1,16,16,2023-01-16,Northeast,Khon Kaen,16.38156,102.76444,National Highway (ทางหลวงแผ่นดิน),Department of Highways (DOH - กรมทางหลวง),Motorcycle,Road defect / Slippery surface (ถนนชำรุด/ลื่น),Normal Period (ช่วงเวลาปกติ),Level 1: Low Risk (Baseline Zone),Yes,0,0,0,0,52700.7,64.2,56.3
THA-2020-100560,2022,4,15,16,2022-04-15,Central,Chonburi,13.2831,100.91635,National Highway (ทางหลวงแผ่นดิน),Department of Highways (DOH - กรมทางหลวง),Motorcycle,Cutting off abruptly (ตัดหน้ากระชั้นชิด),Songkran Festival (เทศกาลสงกรานต์),Level 3: Critical Blackspot (Red Zone),No,1,1,0,2,6923730.65,46.1,55.1
THA-2021-100561,2025,10,6,16,2025-10-06,Bangkok & Vicinity,Bangkok,13.68471,100.53135,Urban / City Road (ถนนในเมือง/ท้องถิ่น),Local Administration / BMA (อปท./กทม.),Motorcycle,Cutting off abruptly (ตัดหน้ากระชั้นชิด),Normal Period (ช่วงเวลาปกติ),Level 1: Low Risk (Baseline Zone),No,0,0,0,0,54678.48,31.4,63.3
THA-2022-100562,2020,12,12,3,2020-12-12,Bangkok & Vicinity,Bangkok,13.89586,100.37609,Rural Road (ทางหลวงชนบท),Department of Rural Roads (DRR - กรมทางหลวงชนบท),Private Car,Drunk driving (เมาแล้วขับ),Normal Period (ช่วงเวลาปกติ),Level 1: Low Risk (Baseline Zone),Yes,0,0,1,1,259570.24,38.8,44.2
THA-2023-100563,2023,5,8,16,2023-05-08,Bangkok & Vicinity,Bangkok,13.72561,100.48704,National Highway (ทางหลวงแผ่นดิน),Department of Highways (DOH - กรมทางหลวง),Private Car,Drunk driving (เมาแล้วขับ),Normal Period (ช่วงเวลาปกติ),Level 2: Moderate Risk (Surveillance Zone),No,0,1,1,2,1359905.69,56.9,53.8
THA-2024-100564,2023,9,7,17,2023-09-07,North,Chiang Mai,18.83011,99.07425,Expressway (ทางพิเศษ),EXAT (การทางพิเศษแห่งประเทศไทย),Motorcycle,Road defect / Slippery surface (ถนนชำรุด/ลื่น),Normal Period (ช่วงเวลาปกติ),Level 1: Low Risk (Baseline Zone),Yes,0,0,0,0,88668.78,21.3,22.2
THA-2025-100565,2025,7,2,19,2025-07-02,Northeast,Khon Kaen,16.41786,102.76626,Urban / City Road (ถนนในเมือง/ท้องถิ่น),Local Administration / BMA (อปท./กทม.),Motorcycle,Drunk driving (เมาแล้วขับ),Normal Period (ช่วงเวลาปกติ),Level 2: Moderate Risk (Surveillance Zone),No,0,1,3,4,1188044.43,10.0,60.1
THA-2026-100566,2024,8,12,22,2024-08-12,North,Chiang Rai,19.96253,99.69299,National Highway (ทางหลวงแผ่นดิน),Department of Highways (DOH - กรมทางหลวง),Motorcycle,Running red light / Signal violation (ฝ่าฝืนสัญญาณไฟ),Normal Period (ช่วงเวลาปกติ),Level 1: Low Risk (Baseline Zone),No,0,0,1,1,148152.41,64.0,40.9
THA-2020-100567,2024,11,21,1,2024-11-21,North,Phitsanulok,16.62814,100.49903,Expressway (ทางพิเศษ),EXAT (การทางพิเศษแห่งประเทศไทย),Motorcycle,Speeding (ขับรถเร็วเกินกำหนด),Normal Period (ช่วงเวลาปกติ),Level 3: Critical Blackspot (Red Zone),Yes,1,1,1,3,4663121.62,35.5,51.2
THA-2021-100568,2025,9,14,7,2025-09-14,South,Phuket,7.80769,98.35506,National Highway (ทางหลวงแผ่นดิน),Department of Highways (DOH - กรมทางหลวง),Motorcycle,Fatigue / Falling asleep (หลับใน),Normal Period (ช่วงเวลาปกติ),Level 3: Critical Blackspot (Red Zone),No,1,0,1,2,5359194.16,69.1,33.6
THA-2022-100569,2025,7,16,12,2025-07-16,North,Chiang Mai,18.83724,99.01653,National Highway (ทางหลวงแผ่นดิน),Department of Highways (DOH - กรมทางหลวง),Public Bus/Van,Drunk driving (เมาแล้วขับ),Normal Period (ช่วงเวลาปกติ),Level 2: Moderate Risk (Surveillance Zone),Yes,0,1,1,2,2139156.58,80.6,79.8
THA-2023-100570,2022,5,11,22,2022-05-11,Northeast,Nakhon Ratchasima,15.05957,102.18219,National Highway (ทางหลวงแผ่นดิน),Department of Highways (DOH - กรมทางหลวง),Motorcycle,Drunk driving (เมาแล้วขับ),Normal Period (ช่วงเวลาปกติ),Level 2: Moderate Risk (Surveillance Zone),No,0,2,1,3,1647798.23,50.6,32.5
THA-2024-100571,2023,5,20,21,2023-05-20,Central,Chonburi,13.23128,101.09894,Urban / City Road (ถนนในเมือง/ท้องถิ่น),Local Administration / BMA (อปท./กทม.),Motorcycle,Speeding (ขับรถเร็วเกินกำหนด),Normal Period (ช่วงเวลาปกติ),Level 1: Low Risk (Baseline Zone),Yes,0,0,0,0,37126.12,40.4,64.1
THA-2025-100572,2025,10,9,19,2025-10-09,North,Chiang Rai,19.95646,99.87462,Rural Road (ทางหลวงชนบท),Department of Rural Roads (DRR - กรมทางหลวงชนบท),Commercial Truck,Fatigue / Falling asleep (หลับใน),Normal Period (ช่วงเวลาปกติ),Level 1: Low Risk (Baseline Zone),Yes,0,0,1,1,1088140.58,61.9,40.8
THA-2026-100573,2026,11,10,21,2026-11-10,Northeast,Khon Kaen,16.47023,102.62269,National Highway (ทางหลวงแผ่นดิน),Department of Highways (DOH - กรมทางหลวง),Motorcycle,Road defect / Slippery surface (ถนนชำรุด/ลื่น),Normal Period (ช่วงเวลาปกติ),Level 1: Low Risk (Baseline Zone),Yes,0,0,0,0,71840.07,49.8,32.7
THA-2020-100574,2026,6,17,14,2026-06-17,Central,Saraburi,14.51001,100.82381,Expressway (ทางพิเศษ),EXAT (การทางพิเศษแห่งประเทศไทย),Private Car,Speeding (ขับรถเร็วเกินกำหนด),Normal Period (ช่วงเวลาปกติ),Level 2: Moderate Risk (Surveillance Zone),Yes,0,2,2,4,2123672.4,29.8,57.6
THA-2021-100575,2022,5,12,19,2022-05-12,South,Surat Thani,9.03824,99.27759,National Highway (ทางหลวงแผ่นดิน),Department of Highways (DOH - กรมทางหลวง),Motorcycle,Drunk driving (เมาแล้วขับ),Normal Period (ช่วงเวลาปกติ),Level 1: Low Risk (Baseline Zone),No,0,0,1,1,83334.42,10.0,92.3
THA-2022-100576,2021,12,6,22,2021-12-06,Bangkok & Vicinity,Bangkok,13.83059,100.52765,Urban / City Road (ถนนในเมือง/ท้องถิ่น),Local Administration / BMA (อปท./กทม.),Motorcycle,Cutting off abruptly (ตัดหน้ากระชั้นชิด),Normal Period (ช่วงเวลาปกติ),Level 2: Moderate Risk (Surveillance Zone),No,0,1,1,2,629665.1,36.8,32.8
THA-2023-100577,2023,11,19,8,2023-11-19,South,Phuket,7.91977,98.35213,Rural Road (ทางหลวงชนบท),Department of Rural Roads (DRR - กรมทางหลวงชนบท),Public Bus/Van,Running red light / Signal violation (ฝ่าฝืนสัญญาณไฟ),Normal Period (ช่วงเวลาปกติ),Level 3: Critical Blackspot (Red Zone),Yes,1,0,0,1,5996808.13,57.5,46.2
THA-2024-100578,2025,9,11,2,2025-09-11,Northeast,Nakhon Ratchasima,15.01377,102.07989,National Highway (ทางหลวงแผ่นดิน),Department of Highways (DOH - กรมทางหลวง),Private Car,Cutting off abruptly (ตัดหน้ากระชั้นชิด),Normal Period (ช่วงเวลาปกติ),Level 3: Critical Blackspot (Red Zone),Yes,1,1,1,3,4786786.82,36.5,37.4
THA-2025-100579,2023,3,9,2,2023-03-09,Bangkok & Vicinity,Nonthaburi,13.94752,100.57601,National Highway (ทางหลวงแผ่นดิน),Department of Highways (DOH - กรมทางหลวง),Motorcycle,Speeding (ขับรถเร็วเกินกำหนด),Normal Period (ช่วงเวลาปกติ),Level 1: Low Risk (Baseline Zone),Yes,0,0,0,0,70110.73,65.4,28.8
THA-2026-100580,2023,3,21,1,2023-03-21,North,Phitsanulok,16.83548,100.19378,Urban / City Road (ถนนในเมือง/ท้องถิ่น),Local Administration / BMA (อปท./กทม.),Private Car,Cutting off abruptly (ตัดหน้ากระชั้นชิด),Normal Period (ช่วงเวลาปกติ),Level 1: Low Risk (Baseline Zone),Yes,0,0,1,1,310534.63,32.2,42.1
THA-2020-100581,2025,7,6,0,2025-07-06,South,Songkhla,7.20017,100.63612,National Highway (ทางหลวงแผ่นดิน),Department of Highways (DOH - กรมทางหลวง),Commercial Truck,Drunk driving (เมาแล้วขับ),Normal Period (ช่วงเวลาปกติ),Level 3: Critical Blackspot (Red Zone),Yes,1,2,0,3,6310205.3,20.8,63.3
THA-2021-100582,2022,7,27,13,2022-07-27,Northeast,Nakhon Ratchasima,14.99064,102.05497,Rural Road (ทางหลวงชนบท),Department of Rural Roads (DRR - กรมทางหลวงชนบท),Motorcycle,Speeding (ขับรถเร็วเกินกำหนด),Normal Period (ช่วงเวลาปกติ),Level 1: Low Risk (Baseline Zone),Yes,0,0,1,1,124293.46,62.1,24.2
THA-2022-100583,2025,6,25,16,2025-06-25,North,Chiang Mai,18.72939,99.01431,Rural Road (ทางหลวงชนบท),Department of Rural Roads (DRR - กรมทางหลวงชนบท),Motorcycle,Drunk driving (เมาแล้วขับ),Normal Period (ช่วงเวลาปกติ),Level 3: Critical Blackspot (Red Zone),Yes,1,1,1,3,6650585.84,52.3,45.3
THA-2023-100584,2023,3,25,12,2023-03-25,Northeast,Khon Kaen,16.35501,102.80094,Urban / City Road (ถนนในเมือง/ท้องถิ่น),Local Administration / BMA (อปท./กทม.),Public Bus/Van,Road defect / Slippery surface (ถนนชำรุด/ลื่น),Normal Period (ช่วงเวลาปกติ),Level 3: Critical Blackspot (Red Zone),No,1,0,0,1,5495995.44,33.3,16.1
THA-2024-100585,2022,7,24,18,2022-07-24,Bangkok & Vicinity,Nonthaburi,13.91492,100.55313,National Highway (ทางหลวงแผ่นดิน),Department of Highways (DOH - กรมทางหลวง),Motorcycle,Fatigue / Falling asleep (หลับใน),Normal Period (ช่วงเวลาปกติ),Level 3: Critical Blackspot (Red Zone),No,3,0,1,4,12277024.39,96.5,68.4
THA-2025-100586,2023,5,25,22,2023-05-25,Bangkok & Vicinity,Bangkok,13.65215,100.52867,National Highway (ทางหลวงแผ่นดิน),Department of Highways (DOH - กรมทางหลวง),Private Car,Speeding (ขับรถเร็วเกินกำหนด),Normal Period (ช่วงเวลาปกติ),Level 3: Critical Blackspot (Red Zone),No,1,0,0,1,5141355.36,68.3,65.0
THA-2026-100587,2025,7,16,14,2025-07-16,Bangkok & Vicinity,Bangkok,13.93917,100.5626,National Highway (ทางหลวงแผ่นดิน),Department of Highways (DOH - กรมทางหลวง),Private Car,Running red light / Signal violation (ฝ่าฝืนสัญญาณไฟ),Normal Period (ช่วงเวลาปกติ),Level 3: Critical Blackspot (Red Zone),No,1,0,1,2,6323633.97,22.7,24.6
THA-2020-100588,2021,2,20,13,2021-02-20,Bangkok & Vicinity,Bangkok,13.73159,100.61947,Urban / City Road (ถนนในเมือง/ท้องถิ่น),Local Administration / BMA (อปท./กทม.),Private Car,Drunk driving (เมาแล้วขับ),Normal Period (ช่วงเวลาปกติ),Level 1: Low Risk (Baseline Zone),Yes,0,0,0,0,211573.45,29.1,52.3
THA-2021-100589,2021,6,16,1,2021-06-16,Bangkok & Vicinity,Bangkok,13.95423,100.5795,National Highway (ทางหลวงแผ่นดิน),Department of Highways (DOH - กรมทางหลวง),Motorcycle,Speeding (ขับรถเร็วเกินกำหนด),Normal Period (ช่วงเวลาปกติ),Level 3: Critical Blackspot (Red Zone),Yes,1,2,1,4,7459074.5,70.5,65.8
THA-2022-100590,2026,8,6,6,2026-08-06,Bangkok & Vicinity,Bangkok,13.60046,100.55731,National Highway (ทางหลวงแผ่นดิน),Department of Highways (DOH - กรมทางหลวง),Motorcycle,Speeding (ขับรถเร็วเกินกำหนด),Normal Period (ช่วงเวลาปกติ),Level 3: Critical Blackspot (Red Zone),Yes,1,1,1,3,6358782.19,41.9,75.0
THA-2023-100591,2021,1,5,16,2021-01-05,Northeast,Khon Kaen,16.55359,102.63785,Expressway (ทางพิเศษ),EXAT (การทางพิเศษแห่งประเทศไทย),Private Car,Speeding (ขับรถเร็วเกินกำหนด),Normal Period (ช่วงเวลาปกติ),Level 1: Low Risk (Baseline Zone),Yes,0,0,1,1,334363.32,65.7,32.8
THA-2024-100592,2024,4,21,17,2024-04-21,Bangkok & Vicinity,Bangkok,13.84064,100.48352,Urban / City Road (ถนนในเมือง/ท้องถิ่น),Local Administration / BMA (อปท./กทม.),Motorcycle,Fatigue / Falling asleep (หลับใน),Normal Period (ช่วงเวลาปกติ),Level 1: Low Risk (Baseline Zone),No,0,0,1,1,162380.12,19.3,17.2
THA-2025-100593,2024,11,4,5,2024-11-04,North,Chiang Mai,18.90669,98.9789,National Highway (ทางหลวงแผ่นดิน),Department of Highways (DOH - กรมทางหลวง),Motorcycle,Speeding (ขับรถเร็วเกินกำหนด),Normal Period (ช่วงเวลาปกติ),Level 3: Critical Blackspot (Red Zone),Yes,1,0,0,1,5178955.98,46.2,62.7
THA-2026-100594,2023,1,2,20,2023-01-02,South,Phuket,7.91129,98.4247,Expressway (ทางพิเศษ),EXAT (การทางพิเศษแห่งประเทศไทย),Motorcycle,Speeding (ขับรถเร็วเกินกำหนด),New Year Festival (เทศกาลปีใหม่),Level 3: Critical Blackspot (Red Zone),No,1,2,1,4,7639803.89,42.0,74.2
THA-2020-100595,2024,1,28,7,2024-01-28,Northeast,Nakhon Ratchasima,15.04417,102.13804,Rural Road (ทางหลวงชนบท),Department of Rural Roads (DRR - กรมทางหลวงชนบท),Motorcycle,Drunk driving (เมาแล้วขับ),Normal Period (ช่วงเวลาปกติ),Level 3: Critical Blackspot (Red Zone),No,1,0,1,2,5106880.23,66.0,55.7
THA-2021-100596,2021,10,6,1,2021-10-06,Northeast,Ubon Ratchathani,15.16388,104.82362,National Highway (ทางหลวงแผ่นดิน),Department of Highways (DOH - กรมทางหลวง),Public Bus/Van,Cutting off abruptly (ตัดหน้ากระชั้นชิด),Normal Period (ช่วงเวลาปกติ),Level 1: Low Risk (Baseline Zone),Yes,0,0,1,1,1197139.06,52.7,18.3
THA-2022-100597,2023,12,9,0,2023-12-09,Bangkok & Vicinity,Bangkok,13.75571,100.61253,National Highway (ทางหลวงแผ่นดิน),Department of Highways (DOH - กรมทางหลวง),Motorcycle,Fatigue / Falling asleep (หลับใน),Normal Period (ช่วงเวลาปกติ),Level 1: Low Risk (Baseline Zone),No,0,0,1,1,117044.09,46.3,85.1
THA-2023-100598,2022,11,28,15,2022-11-28,Bangkok & Vicinity,Bangkok,13.79989,100.44262,Rural Road (ทางหลวงชนบท),Department of Rural Roads (DRR - กรมทางหลวงชนบท),Public Bus/Van,Drunk driving (เมาแล้วขับ),Normal Period (ช่วงเวลาปกติ),Level 1: Low Risk (Baseline Zone),Yes,0,0,1,1,673940.6,74.7,63.1
THA-2024-100599,2024,8,17,6,2024-08-17,Bangkok & Vicinity,Bangkok,13.67353,100.56073,Urban / City Road (ถนนในเมือง/ท้องถิ่น),Local Administration / BMA (อปท./กทม.),Motorcycle,Speeding (ขับรถเร็วเกินกำหนด),Normal Period (ช่วงเวลาปกติ),Level 1: Low Risk (Baseline Zone),Yes,0,0,0,0,87930.27,33.8,76.5
THA-2025-100600,2021,7,14,21,2021-07-14,Bangkok & Vicinity,Bangkok,13.71357,100.56959,National Highway (ทางหลวงแผ่นดิน),Department of Highways (DOH - กรมทางหลวง),Private Car,Road defect / Slippery surface (ถนนชำรุด/ลื่น),Normal Period (ช่วงเวลาปกติ),Level 2: Moderate Risk (Surveillance Zone),Yes,0,2,2,4,1508310.48,65.9,61.0
THA-2026-100601,2024,12,7,23,2024-12-07,Bangkok & Vicinity,Nonthaburi,13.85708,100.64481,National Highway (ทางหลวงแผ่นดิน),Department of Highways (DOH - กรมทางหลวง),Motorcycle,Speeding (ขับรถเร็วเกินกำหนด),Normal Period (ช่วงเวลาปกติ),Level 3: Critical Blackspot (Red Zone),No,1,1,1,3,5299033.39,46.0,73.5
THA-2020-100602,2021,10,22,10,2021-10-22,Bangkok & Vicinity,Bangkok,13.68997,100.63129,National Highway (ทางหลวงแผ่นดิน),Department of Highways (DOH - กรมทางหลวง),Private Car,Cutting off abruptly (ตัดหน้ากระชั้นชิด),Normal Period (ช่วงเวลาปกติ),Level 1: Low Risk (Baseline Zone),Yes,0,0,1,1,436529.73,23.1,15.8
THA-2021-100603,2022,1,19,14,2022-01-19,Bangkok & Vicinity,Bangkok,13.84481,100.46216,Rural Road (ทางหลวงชนบท),Department of Rural Roads (DRR - กรมทางหลวงชนบท),Private Car,Drunk driving (เมาแล้วขับ),Normal Period (ช่วงเวลาปกติ),Level 1: Low Risk (Baseline Zone),Yes,0,0,1,1,279364.63,50.9,50.0
THA-2022-100604,2021,11,1,12,2021-11-01,Bangkok & Vicinity,Bangkok,13.67725,100.67529,National Highway (ทางหลวงแผ่นดิน),Department of Highways (DOH - กรมทางหลวง),Motorcycle,Speeding (ขับรถเร็วเกินกำหนด),Normal Period (ช่วงเวลาปกติ),Level 2: Moderate Risk (Surveillance Zone),No,0,1,2,3,908202.24,38.5,44.3
THA-2023-100605,2021,2,20,23,2021-02-20,North,Phitsanulok,16.73986,100.29347,National Highway (ทางหลวงแผ่นดิน),Department of Highways (DOH - กรมทางหลวง),Commercial Truck,Running red light / Signal violation (ฝ่าฝืนสัญญาณไฟ),Normal Period (ช่วงเวลาปกติ),Level 1: Low Risk (Baseline Zone),Yes,0,0,1,1,469494.44,43.4,41.4
THA-2024-100606,2025,4,25,1,2025-04-25,Bangkok & Vicinity,Bangkok,13.78738,100.5027,Rural Road (ทางหลวงชนบท),Department of Rural Roads (DRR - กรมทางหลวงชนบท),Motorcycle,Cutting off abruptly (ตัดหน้ากระชั้นชิด),Normal Period (ช่วงเวลาปกติ),Level 1: Low Risk (Baseline Zone),Yes,0,0,1,1,93222.48,38.2,50.0
THA-2025-100607,2022,1,15,13,2022-01-15,North,Chiang Mai,18.85862,98.90155,Urban / City Road (ถนนในเมือง/ท้องถิ่น),Local Administration / BMA (อปท./กทม.),Private Car,Speeding (ขับรถเร็วเกินกำหนด),Normal Period (ช่วงเวลาปกติ),Level 2: Moderate Risk (Surveillance Zone),No,0,1,2,3,1136976.77,10.0,59.1
THA-2026-100608,2026,3,18,23,2026-03-18,Northeast,Nakhon Ratchasima,15.15388,102.02359,Rural Road (ทางหลวงชนบท),Department of Rural Roads (DRR - กรมทางหลวงชนบท),Public Bus/Van,Road defect / Slippery surface (ถนนชำรุด/ลื่น),Normal Period (ช่วงเวลาปกติ),Level 3: Critical Blackspot (Red Zone),Yes,1,2,1,4,7302652.43,39.2,15.4
THA-2020-100609,2026,8,3,5,2026-08-03,Northeast,Ubon Ratchathani,15.23185,104.71786,National Highway (ทางหลวงแผ่นดิน),Department of Highways (DOH - กรมทางหลวง),Commercial Truck,Cutting off abruptly (ตัดหน้ากระชั้นชิด),Normal Period (ช่วงเวลาปกติ),Level 1: Low Risk (Baseline Zone),No,0,0,1,1,657091.29,44.2,37.7
THA-2021-100610,2024,8,18,8,2024-08-18,Bangkok & Vicinity,Bangkok,13.85045,100.67173,National Highway (ทางหลวงแผ่นดิน),Department of Highways (DOH - กรมทางหลวง),Public Bus/Van,Drunk driving (เมาแล้วขับ),Normal Period (ช่วงเวลาปกติ),Level 1: Low Risk (Baseline Zone),No,0,0,1,1,773793.86,67.5,93.4
THA-2022-100611,2021,8,2,6,2021-08-02,Central,Chonburi,13.54183,101.08682,National Highway (ทางหลวงแผ่นดิน),Department of Highways (DOH - กรมทางหลวง),Motorcycle,Cutting off abruptly (ตัดหน้ากระชั้นชิด),Normal Period (ช่วงเวลาปกติ),Level 1: Low Risk (Baseline Zone),No,0,0,1,1,101177.93,33.3,64.9
THA-2023-100612,2022,6,10,17,2022-06-10,Northeast,Khon Kaen,16.3988,102.82375,Expressway (ทางพิเศษ),EXAT (การทางพิเศษแห่งประเทศไทย),Motorcycle,Fatigue / Falling asleep (หลับใน),Normal Period (ช่วงเวลาปกติ),Level 1: Low Risk (Baseline Zone),Yes,0,0,1,1,68748.01,15.1,29.8
THA-2024-100613,2025,6,11,23,2025-06-11,Bangkok & Vicinity,Bangkok,13.72724,100.39262,Urban / City Road (ถนนในเมือง/ท้องถิ่น),Local Administration / BMA (อปท./กทม.),Motorcycle,Speeding (ขับรถเร็วเกินกำหนด),Normal Period (ช่วงเวลาปกติ),Level 3: Critical Blackspot (Red Zone),Yes,1,1,0,2,6380269.07,62.1,92.4
THA-2025-100614,2022,5,27,8,2022-05-27,Central,Saraburi,14.50231,100.99259,National Highway (ทางหลวงแผ่นดิน),Department of Highways (DOH - กรมทางหลวง),Motorcycle,Speeding (ขับรถเร็วเกินกำหนด),Normal Period (ช่วงเวลาปกติ),Level 1: Low Risk (Baseline Zone),No,0,0,1,1,70020.87,55.3,64.7
THA-2026-100615,2020,9,24,22,2020-09-24,South,Phuket,7.80237,98.18701,National Highway (ทางหลวงแผ่นดิน),Department of Highways (DOH - กรมทางหลวง),Private Car,Cutting off abruptly (ตัดหน้ากระชั้นชิด),Normal Period (ช่วงเวลาปกติ),Level 2: Moderate Risk (Surveillance Zone),No,0,2,1,3,2207411.5,46.1,31.6
THA-2020-100616,2023,4,3,3,2023-04-03,Bangkok & Vicinity,Bangkok,13.64353,100.57544,Rural Road (ทางหลวงชนบท),Department of Rural Roads (DRR - กรมทางหลวงชนบท),Motorcycle,Speeding (ขับรถเร็วเกินกำหนด),Normal Period (ช่วงเวลาปกติ),Level 2: Moderate Risk (Surveillance Zone),Yes,0,1,2,3,898834.02,71.4,74.4
THA-2021-100617,2025,10,7,8,2025-10-07,Bangkok & Vicinity,Nonthaburi,13.70746,100.47092,Rural Road (ทางหลวงชนบท),Department of Rural Roads (DRR - กรมทางหลวงชนบท),Private Car,Drunk driving (เมาแล้วขับ),Normal Period (ช่วงเวลาปกติ),Level 1: Low Risk (Baseline Zone),Yes,0,0,1,1,428898.32,47.2,87.8
THA-2022-100618,2025,12,8,3,2025-12-08,Central,Ayutthaya,14.31867,100.59162,National Highway (ทางหลวงแผ่นดิน),Department of Highways (DOH - กรมทางหลวง),Motorcycle,Cutting off abruptly (ตัดหน้ากระชั้นชิด),Normal Period (ช่วงเวลาปกติ),Level 3: Critical Blackspot (Red Zone),Yes,1,2,0,3,5595733.42,57.5,30.4
THA-2023-100619,2021,12,19,11,2021-12-19,Central,Chonburi,13.38221,101.02072,Urban / City Road (ถนนในเมือง/ท้องถิ่น),Local Administration / BMA (อปท./กทม.),Motorcycle,Speeding (ขับรถเร็วเกินกำหนด),Normal Period (ช่วงเวลาปกติ),Level 3: Critical Blackspot (Red Zone),No,2,1,0,3,9481105.58,21.3,75.3
THA-2024-100620,2024,12,18,3,2024-12-18,Bangkok & Vicinity,Bangkok,13.74292,100.41679,Urban / City Road (ถนนในเมือง/ท้องถิ่น),Local Administration / BMA (อปท./กทม.),Private Car,Speeding (ขับรถเร็วเกินกำหนด),Normal Period (ช่วงเวลาปกติ),Level 1: Low Risk (Baseline Zone),Yes,0,0,1,1,467815.2,75.3,67.2
THA-2025-100621,2021,7,13,23,2021-07-13,Bangkok & Vicinity,Bangkok,13.83743,100.34306,Rural Road (ทางหลวงชนบท),Department of Rural Roads (DRR - กรมทางหลวงชนบท),Motorcycle,Drunk driving (เมาแล้วขับ),Normal Period (ช่วงเวลาปกติ),Level 3: Critical Blackspot (Red Zone),Yes,1,1,1,3,4189945.41,49.9,39.4
THA-2026-100622,2021,1,13,19,2021-01-13,North,Chiang Mai,18.85861,99.08827,Urban / City Road (ถนนในเมือง/ท้องถิ่น),Local Administration / BMA (อปท./กทม.),Commercial Truck,Fatigue / Falling asleep (หลับใน),Normal Period (ช่วงเวลาปกติ),Level 2: Moderate Risk (Surveillance Zone),Yes,0,2,2,4,2608920.14,23.4,41.8
THA-2020-100623,2026,9,24,13,2026-09-24,Northeast,Nakhon Ratchasima,15.19021,102.02992,Urban / City Road (ถนนในเมือง/ท้องถิ่น),Local Administration / BMA (อปท./กทม.),Motorcycle,Cutting off abruptly (ตัดหน้ากระชั้นชิด),Normal Period (ช่วงเวลาปกติ),Level 1: Low Risk (Baseline Zone),Yes,0,0,1,1,68581.1,45.5,20.8
THA-2021-100624,2021,7,19,23,2021-07-19,Northeast,Khon Kaen,16.38178,102.8284,Urban / City Road (ถนนในเมือง/ท้องถิ่น),Local Administration / BMA (อปท./กทม.),Private Car,Cutting off abruptly (ตัดหน้ากระชั้นชิด),Normal Period (ช่วงเวลาปกติ),Level 1: Low Risk (Baseline Zone),Yes,0,0,1,1,205725.74,45.0,24.8
THA-2022-100625,2022,10,23,23,2022-10-23,North,Chiang Mai,18.78639,99.06042,Expressway (ทางพิเศษ),EXAT (การทางพิเศษแห่งประเทศไทย),Motorcycle,Speeding (ขับรถเร็วเกินกำหนด),Normal Period (ช่วงเวลาปกติ),Level 2: Moderate Risk (Surveillance Zone),Yes,0,1,3,4,750720.79,40.8,22.1
THA-2023-100626,2020,12,12,6,2020-12-12,North,Phitsanulok,16.86812,100.23423,National Highway (ทางหลวงแผ่นดิน),Department of Highways (DOH - กรมทางหลวง),Motorcycle,Drunk driving (เมาแล้วขับ),Normal Period (ช่วงเวลาปกติ),Level 1: Low Risk (Baseline Zone),Yes,0,0,1,1,93864.59,58.1,72.6
THA-2024-100627,2026,9,17,12,2026-09-17,Central,Chonburi,13.35227,101.0687,National Highway (ทางหลวงแผ่นดิน),Department of Highways (DOH - กรมทางหลวง),Private Car,Speeding (ขับรถเร็วเกินกำหนด),Normal Period (ช่วงเวลาปกติ),Level 1: Low Risk (Baseline Zone),Yes,0,0,0,0,267138.98,45.2,73.0
THA-2025-100628,2025,7,28,21,2025-07-28,Bangkok & Vicinity,Bangkok,13.64234,100.48077,Urban / City Road (ถนนในเมือง/ท้องถิ่น),Local Administration / BMA (อปท./กทม.),Commercial Truck,Cutting off abruptly (ตัดหน้ากระชั้นชิด),Normal Period (ช่วงเวลาปกติ),Level 1: Low Risk (Baseline Zone),No,0,0,0,0,741791.37,44.2,33.4
THA-2026-100629,2024,2,22,7,2024-02-22,Bangkok & Vicinity,Nonthaburi,13.91203,100.4174,Urban / City Road (ถนนในเมือง/ท้องถิ่น),Local Administration / BMA (อปท./กทม.),Motorcycle,Drunk driving (เมาแล้วขับ),Normal Period (ช่วงเวลาปกติ),Level 1: Low Risk (Baseline Zone),Yes,0,0,0,0,67780.15,21.7,74.0
THA-2020-100630,2025,6,12,22,2025-06-12,Central,Chonburi,13.04241,101.11489,Expressway (ทางพิเศษ),EXAT (การทางพิเศษแห่งประเทศไทย),Motorcycle,Road defect / Slippery surface (ถนนชำรุด/ลื่น),Normal Period (ช่วงเวลาปกติ),Level 3: Critical Blackspot (Red Zone),No,2,1,0,3,9448748.79,49.7,59.8
THA-2021-100631,2021,10,28,4,2021-10-28,South,Phuket,7.87856,98.27912,National Highway (ทางหลวงแผ่นดิน),Department of Highways (DOH - กรมทางหลวง),Motorcycle,Cutting off abruptly (ตัดหน้ากระชั้นชิด),Normal Period (ช่วงเวลาปกติ),Level 2: Moderate Risk (Surveillance Zone),Yes,0,1,2,3,651662.05,57.9,23.3
THA-2022-100632,2023,12,13,11,2023-12-13,Northeast,Nakhon Ratchasima,15.06274,102.07905,Rural Road (ทางหลวงชนบท),Department of Rural Roads (DRR - กรมทางหลวงชนบท),Motorcycle,Fatigue / Falling asleep (หลับใน),Normal Period (ช่วงเวลาปกติ),Level 1: Low Risk (Baseline Zone),Yes,0,0,1,1,87635.94,33.5,41.5
THA-2023-100633,2022,11,25,12,2022-11-25,Northeast,Nakhon Ratchasima,14.88677,102.13108,National Highway (ทางหลวงแผ่นดิน),Department of Highways (DOH - กรมทางหลวง),Commercial Truck,Cutting off abruptly (ตัดหน้ากระชั้นชิด),Normal Period (ช่วงเวลาปกติ),Level 1: Low Risk (Baseline Zone),Yes,0,0,1,1,1158681.14,66.8,38.1
THA-2024-100634,2020,4,12,19,2020-04-12,Bangkok & Vicinity,Bangkok,13.76094,100.44661,Rural Road (ทางหลวงชนบท),Department of Rural Roads (DRR - กรมทางหลวงชนบท),Private Car,Road defect / Slippery surface (ถนนชำรุด/ลื่น),Songkran Festival (เทศกาลสงกรานต์),Level 1: Low Risk (Baseline Zone),Yes,0,0,1,1,165703.97,21.7,24.2
THA-2025-100635,2023,3,19,13,2023-03-19,North,Phitsanulok,16.75183,100.17355,National Highway (ทางหลวงแผ่นดิน),Department of Highways (DOH - กรมทางหลวง),Motorcycle,Cutting off abruptly (ตัดหน้ากระชั้นชิด),Normal Period (ช่วงเวลาปกติ),Level 1: Low Risk (Baseline Zone),Yes,0,0,0,0,49309.21,57.0,38.5
THA-2026-100636,2026,2,14,17,2026-02-14,Northeast,Nakhon Ratchasima,15.0461,101.98545,National Highway (ทางหลวงแผ่นดิน),Department of Highways (DOH - กรมทางหลวง),Motorcycle,Speeding (ขับรถเร็วเกินกำหนด),Normal Period (ช่วงเวลาปกติ),Level 3: Critical Blackspot (Red Zone),No,1,2,1,4,6534566.4,49.5,72.2
THA-2020-100637,2020,6,7,23,2020-06-07,Bangkok & Vicinity,Nonthaburi,13.79032,100.5225,National Highway (ทางหลวงแผ่นดิน),Department of Highways (DOH - กรมทางหลวง),Private Car,Road defect / Slippery surface (ถนนชำรุด/ลื่น),Normal Period (ช่วงเวลาปกติ),Level 1: Low Risk (Baseline Zone),Yes,0,0,0,0,133696.64,53.0,32.4
THA-2021-100638,2022,8,13,19,2022-08-13,Bangkok & Vicinity,Nonthaburi,13.9934,100.52536,Rural Road (ทางหลวงชนบท),Department of Rural Roads (DRR - กรมทางหลวงชนบท),Motorcycle,Speeding (ขับรถเร็วเกินกำหนด),Normal Period (ช่วงเวลาปกติ),Level 1: Low Risk (Baseline Zone),Yes,0,0,0,0,70126.55,47.4,71.4
THA-2022-100639,2021,6,6,3,2021-06-06,North,Chiang Mai,18.84124,98.9945,National Highway (ทางหลวงแผ่นดิน),Department of Highways (DOH - กรมทางหลวง),Private Car,Speeding (ขับรถเร็วเกินกำหนด),Normal Period (ช่วงเวลาปกติ),Level 1: Low Risk (Baseline Zone),No,0,0,1,1,343355.45,54.8,85.1
THA-2023-100640,2021,9,24,20,2021-09-24,Bangkok & Vicinity,Bangkok,13.83788,100.67618,National Highway (ทางหลวงแผ่นดิน),Department of Highways (DOH - กรมทางหลวง),Motorcycle,Speeding (ขับรถเร็วเกินกำหนด),Normal Period (ช่วงเวลาปกติ),Level 3: Critical Blackspot (Red Zone),No,1,0,1,2,5232919.86,13.9,98.0
THA-2024-100641,2026,5,19,17,2026-05-19,North,Chiang Mai,18.7489,98.98656,National Highway (ทางหลวงแผ่นดิน),Department of Highways (DOH - กรมทางหลวง),Private Car,Fatigue / Falling asleep (หลับใน),Normal Period (ช่วงเวลาปกติ),Level 1: Low Risk (Baseline Zone),Yes,0,0,1,1,341953.69,55.0,35.9
THA-2025-100642,2023,2,19,6,2023-02-19,Bangkok & Vicinity,Bangkok,13.77192,100.54948,National Highway (ทางหลวงแผ่นดิน),Department of Highways (DOH - กรมทางหลวง),Motorcycle,Speeding (ขับรถเร็วเกินกำหนด),Normal Period (ช่วงเวลาปกติ),Level 1: Low Risk (Baseline Zone),Yes,0,0,1,1,102387.22,62.9,56.3
THA-2026-100643,2023,8,4,14,2023-08-04,North,Chiang Mai,18.80022,98.93636,Expressway (ทางพิเศษ),EXAT (การทางพิเศษแห่งประเทศไทย),Commercial Truck,Fatigue / Falling asleep (หลับใน),Normal Period (ช่วงเวลาปกติ),Level 2: Moderate Risk (Surveillance Zone),Yes,0,2,1,3,2456516.14,42.6,45.8
THA-2020-100644,2025,9,19,20,2025-09-19,Bangkok & Vicinity,Bangkok,13.75566,100.72065,National Highway (ทางหลวงแผ่นดิน),Department of Highways (DOH - กรมทางหลวง),Motorcycle,Cutting off abruptly (ตัดหน้ากระชั้นชิด),Normal Period (ช่วงเวลาปกติ),Level 3: Critical Blackspot (Red Zone),No,1,1,1,3,5266351.24,36.4,46.4
THA-2021-100645,2021,10,9,5,2021-10-09,South,Phuket,7.90865,98.22033,National Highway (ทางหลวงแผ่นดิน),Department of Highways (DOH - กรมทางหลวง),Motorcycle,Speeding (ขับรถเร็วเกินกำหนด),Normal Period (ช่วงเวลาปกติ),Level 1: Low Risk (Baseline Zone),Yes,0,0,1,1,83419.52,62.8,63.7
THA-2022-100646,2023,4,16,15,2023-04-16,Northeast,Khon Kaen,16.39666,102.82481,Urban / City Road (ถนนในเมือง/ท้องถิ่น),Local Administration / BMA (อปท./กทม.),Commercial Truck,Cutting off abruptly (ตัดหน้ากระชั้นชิด),Songkran Festival (เทศกาลสงกรานต์),Level 1: Low Risk (Baseline Zone),No,0,0,1,1,649043.51,14.5,40.9
THA-2023-100647,2023,6,27,19,2023-06-27,Northeast,Ubon Ratchathani,15.23215,104.84114,Rural Road (ทางหลวงชนบท),Department of Rural Roads (DRR - กรมทางหลวงชนบท),Motorcycle,Speeding (ขับรถเร็วเกินกำหนด),Normal Period (ช่วงเวลาปกติ),Level 2: Moderate Risk (Surveillance Zone),Yes,0,1,2,3,768946.6,13.5,80.1
THA-2024-100648,2024,11,4,23,2024-11-04,Central,Chonburi,13.38686,101.03048,Rural Road (ทางหลวงชนบท),Department of Rural Roads (DRR - กรมทางหลวงชนบท),Motorcycle,Drunk driving (เมาแล้วขับ),Normal Period (ช่วงเวลาปกติ),Level 3: Critical Blackspot (Red Zone),No,1,2,1,4,7328237.18,31.3,91.2
THA-2025-100649,2026,10,6,7,2026-10-06,Northeast,Nakhon Ratchasima,15.0032,102.18336,Rural Road (ทางหลวงชนบท),Department of Rural Roads (DRR - กรมทางหลวงชนบท),Motorcycle,Drunk driving (เมาแล้วขับ),Normal Period (ช่วงเวลาปกติ),Level 2: Moderate Risk (Surveillance Zone),Yes,0,1,2,3,830754.02,49.6,40.1
THA-2026-100650,2025,8,8,20,2025-08-08,Bangkok & Vicinity,Bangkok,13.62172,100.47906,Expressway (ทางพิเศษ),EXAT (การทางพิเศษแห่งประเทศไทย),Motorcycle,Cutting off abruptly (ตัดหน้ากระชั้นชิด),Normal Period (ช่วงเวลาปกติ),Level 1: Low Risk (Baseline Zone),Yes,0,0,0,0,82727.24,33.6,41.2
THA-2020-100651,2022,9,27,15,2022-09-27,Northeast,Nakhon Ratchasima,15.01898,102.12085,National Highway (ทางหลวงแผ่นดิน),Department of Highways (DOH - กรมทางหลวง),Commercial Truck,Speeding (ขับรถเร็วเกินกำหนด),Normal Period (ช่วงเวลาปกติ),Level 1: Low Risk (Baseline Zone),Yes,0,0,1,1,638974.91,44.9,58.1
THA-2021-100652,2025,12,24,21,2025-12-24,Northeast,Khon Kaen,16.37349,102.77573,Expressway (ทางพิเศษ),EXAT (การทางพิเศษแห่งประเทศไทย),Private Car,Drunk driving (เมาแล้วขับ),Normal Period (ช่วงเวลาปกติ),Level 2: Moderate Risk (Surveillance Zone),Yes,0,1,1,2,1323276.14,60.2,65.4
THA-2022-100653,2021,5,16,15,2021-05-16,Central,Chonburi,13.28534,101.0726,Urban / City Road (ถนนในเมือง/ท้องถิ่น),Local Administration / BMA (อปท./กทม.),Motorcycle,Fatigue / Falling asleep (หลับใน),Normal Period (ช่วงเวลาปกติ),Level 1: Low Risk (Baseline Zone),Yes,0,0,1,1,102937.41,65.0,45.7
THA-2023-100654,2020,12,5,2,2020-12-05,North,Phitsanulok,16.65441,100.15056,Rural Road (ทางหลวงชนบท),Department of Rural Roads (DRR - กรมทางหลวงชนบท),Private Car,Drunk driving (เมาแล้วขับ),Normal Period (ช่วงเวลาปกติ),Level 2: Moderate Risk (Surveillance Zone),Yes,0,1,3,4,1305348.48,59.6,46.2
THA-2024-100655,2021,6,21,16,2021-06-21,Bangkok & Vicinity,Bangkok,13.79398,100.55069,Rural Road (ทางหลวงชนบท),Department of Rural Roads (DRR - กรมทางหลวงชนบท),Motorcycle,Fatigue / Falling asleep (หลับใน),Normal Period (ช่วงเวลาปกติ),Level 3: Critical Blackspot (Red Zone),No,1,0,0,1,4060648.05,39.1,46.0
THA-2025-100656,2022,11,22,8,2022-11-22,North,Chiang Mai,18.6457,99.04168,Rural Road (ทางหลวงชนบท),Department of Rural Roads (DRR - กรมทางหลวงชนบท),Commercial Truck,Speeding (ขับรถเร็วเกินกำหนด),Normal Period (ช่วงเวลาปกติ),Level 2: Moderate Risk (Surveillance Zone),Yes,0,1,2,3,1592842.94,30.3,77.3
THA-2026-100657,2023,4,10,2,2023-04-10,North,Chiang Mai,18.80455,99.03171,National Highway (ทางหลวงแผ่นดิน),Department of Highways (DOH - กรมทางหลวง),Motorcycle,Road defect / Slippery surface (ถนนชำรุด/ลื่น),Songkran Festival (เทศกาลสงกรานต์),Level 1: Low Risk (Baseline Zone),No,0,0,0,0,67174.56,58.2,42.7
THA-2020-100658,2024,5,23,19,2024-05-23,Northeast,Khon Kaen,16.43872,102.86189,National Highway (ทางหลวงแผ่นดิน),Department of Highways (DOH - กรมทางหลวง),Private Car,Speeding (ขับรถเร็วเกินกำหนด),Normal Period (ช่วงเวลาปกติ),Level 3: Critical Blackspot (Red Zone),No,1,0,0,1,6136460.13,37.4,73.0
THA-2021-100659,2026,7,13,6,2026-07-13,Northeast,Nakhon Ratchasima,15.0213,102.14027,Expressway (ทางพิเศษ),EXAT (การทางพิเศษแห่งประเทศไทย),Motorcycle,Speeding (ขับรถเร็วเกินกำหนด),Normal Period (ช่วงเวลาปกติ),Level 1: Low Risk (Baseline Zone),No,0,0,1,1,113901.76,36.6,51.5
THA-2022-100660,2023,9,26,17,2023-09-26,North,Chiang Mai,18.81027,98.9776,Rural Road (ทางหลวงชนบท),Department of Rural Roads (DRR - กรมทางหลวงชนบท),Motorcycle,Fatigue / Falling asleep (หลับใน),Normal Period (ช่วงเวลาปกติ),Level 2: Moderate Risk (Surveillance Zone),No,0,1,1,2,915803.53,56.7,57.3
THA-2023-100661,2023,10,14,11,2023-10-14,South,Songkhla,7.16843,100.63501,National Highway (ทางหลวงแผ่นดิน),Department of Highways (DOH - กรมทางหลวง),Motorcycle,Road defect / Slippery surface (ถนนชำรุด/ลื่น),Normal Period (ช่วงเวลาปกติ),Level 2: Moderate Risk (Surveillance Zone),Yes,0,1,1,2,1142480.8,47.4,33.4
THA-2024-100662,2020,11,7,18,2020-11-07,Northeast,Khon Kaen,16.50649,103.00043,Urban / City Road (ถนนในเมือง/ท้องถิ่น),Local Administration / BMA (อปท./กทม.),Motorcycle,Drunk driving (เมาแล้วขับ),Normal Period (ช่วงเวลาปกติ),Level 2: Moderate Risk (Surveillance Zone),Yes,0,1,3,4,1163398.94,59.6,57.4
THA-2025-100663,2020,6,20,15,2020-06-20,Bangkok & Vicinity,Nonthaburi,13.90966,100.54737,Rural Road (ทางหลวงชนบท),Department of Rural Roads (DRR - กรมทางหลวงชนบท),Private Car,Speeding (ขับรถเร็วเกินกำหนด),Normal Period (ช่วงเวลาปกติ),Level 2: Moderate Risk (Surveillance Zone),Yes,0,1,1,2,1202130.24,38.2,31.2
THA-2026-100664,2023,6,6,21,2023-06-06,Bangkok & Vicinity,Bangkok,13.86569,100.53748,National Highway (ทางหลวงแผ่นดิน),Department of Highways (DOH - กรมทางหลวง),Motorcycle,Speeding (ขับรถเร็วเกินกำหนด),Normal Period (ช่วงเวลาปกติ),Level 1: Low Risk (Baseline Zone),Yes,0,0,1,1,108010.05,52.4,59.2
THA-2020-100665,2023,8,7,23,2023-08-07,Bangkok & Vicinity,Bangkok,13.66087,100.4358,Urban / City Road (ถนนในเมือง/ท้องถิ่น),Local Administration / BMA (อปท./กทม.),Public Bus/Van,Cutting off abruptly (ตัดหน้ากระชั้นชิด),Normal Period (ช่วงเวลาปกติ),Level 1: Low Risk (Baseline Zone),Yes,0,0,1,1,930056.51,34.2,51.6
THA-2021-100666,2025,11,5,16,2025-11-05,Bangkok & Vicinity,Nonthaburi,14.0267,100.44919,Urban / City Road (ถนนในเมือง/ท้องถิ่น),Local Administration / BMA (อปท./กทม.),Motorcycle,Road defect / Slippery surface (ถนนชำรุด/ลื่น),Normal Period (ช่วงเวลาปกติ),Level 2: Moderate Risk (Surveillance Zone),No,0,1,1,2,1146806.74,62.1,44.8
THA-2022-100667,2021,4,21,19,2021-04-21,Bangkok & Vicinity,Bangkok,13.80761,100.41282,National Highway (ทางหลวงแผ่นดิน),Department of Highways (DOH - กรมทางหลวง),Private Car,Speeding (ขับรถเร็วเกินกำหนด),Normal Period (ช่วงเวลาปกติ),Level 2: Moderate Risk (Surveillance Zone),Yes,0,1,1,2,910092.62,71.6,39.2
THA-2023-100668,2020,3,18,14,2020-03-18,Bangkok & Vicinity,Bangkok,13.87189,100.46038,Expressway (ทางพิเศษ),EXAT (การทางพิเศษแห่งประเทศไทย),Public Bus/Van,Fatigue / Falling asleep (หลับใน),Normal Period (ช่วงเวลาปกติ),Level 1: Low Risk (Baseline Zone),Yes,0,0,0,0,787035.6,55.8,68.7
THA-2024-100669,2023,7,23,0,2023-07-23,North,Chiang Mai,18.79575,98.96476,National Highway (ทางหลวงแผ่นดิน),Department of Highways (DOH - กรมทางหลวง),Private Car,Speeding (ขับรถเร็วเกินกำหนด),Normal Period (ช่วงเวลาปกติ),Level 3: Critical Blackspot (Red Zone),Yes,1,2,1,4,7310172.75,31.2,53.3
THA-2025-100670,2021,5,12,1,2021-05-12,Bangkok & Vicinity,Bangkok,13.80174,100.51724,National Highway (ทางหลวงแผ่นดิน),Department of Highways (DOH - กรมทางหลวง),Commercial Truck,Fatigue / Falling asleep (หลับใน),Normal Period (ช่วงเวลาปกติ),Level 2: Moderate Risk (Surveillance Zone),Yes,0,1,1,2,1588906.92,42.2,53.0
THA-2026-100671,2020,2,6,7,2020-02-06,South,Phuket,7.9623,98.45127,National Highway (ทางหลวงแผ่นดิน),Department of Highways (DOH - กรมทางหลวง),Commercial Truck,Road defect / Slippery surface (ถนนชำรุด/ลื่น),Normal Period (ช่วงเวลาปกติ),Level 2: Moderate Risk (Surveillance Zone),Yes,0,2,1,3,1933880.43,49.7,36.6
THA-2020-100672,2025,2,27,21,2025-02-27,Bangkok & Vicinity,Bangkok,13.78166,100.56042,Rural Road (ทางหลวงชนบท),Department of Rural Roads (DRR - กรมทางหลวงชนบท),Motorcycle,Cutting off abruptly (ตัดหน้ากระชั้นชิด),Normal Period (ช่วงเวลาปกติ),Level 2: Moderate Risk (Surveillance Zone),Yes,0,1,2,3,870921.32,73.2,54.5
THA-2021-100673,2020,11,1,1,2020-11-01,Northeast,Nakhon Ratchasima,15.04293,102.06203,National Highway (ทางหลวงแผ่นดิน),Department of Highways (DOH - กรมทางหลวง),Private Car,Speeding (ขับรถเร็วเกินกำหนด),Normal Period (ช่วงเวลาปกติ),Level 2: Moderate Risk (Surveillance Zone),Yes,0,2,1,3,1513798.45,84.2,47.8
THA-2022-100674,2024,6,4,18,2024-06-04,North,Chiang Rai,19.86787,99.98029,National Highway (ทางหลวงแผ่นดิน),Department of Highways (DOH - กรมทางหลวง),Motorcycle,Fatigue / Falling asleep (หลับใน),Normal Period (ช่วงเวลาปกติ),Level 1: Low Risk (Baseline Zone),Yes,0,0,1,1,94490.64,26.1,24.4
THA-2023-100675,2022,8,19,8,2022-08-19,South,Songkhla,7.23917,100.6507,Urban / City Road (ถนนในเมือง/ท้องถิ่น),Local Administration / BMA (อปท./กทม.),Motorcycle,Cutting off abruptly (ตัดหน้ากระชั้นชิด),Normal Period (ช่วงเวลาปกติ),Level 3: Critical Blackspot (Red Zone),Yes,3,1,0,4,11875784.78,35.4,35.1
THA-2024-100676,2021,1,12,8,2021-01-12,Bangkok & Vicinity,Bangkok,13.68415,100.34086,National Highway (ทางหลวงแผ่นดิน),Department of Highways (DOH - กรมทางหลวง),Motorcycle,Drunk driving (เมาแล้วขับ),Normal Period (ช่วงเวลาปกติ),Level 3: Critical Blackspot (Red Zone),Yes,1,0,1,2,3956612.05,68.3,98.0
THA-2025-100677,2022,11,15,12,2022-11-15,North,Chiang Rai,19.88416,99.79986,Urban / City Road (ถนนในเมือง/ท้องถิ่น),Local Administration / BMA (อปท./กทม.),Private Car,Drunk driving (เมาแล้วขับ),Normal Period (ช่วงเวลาปกติ),Level 2: Moderate Risk (Surveillance Zone),No,0,1,2,3,1475982.61,27.1,80.5
THA-2026-100678,2025,6,3,5,2025-06-03,South,Surat Thani,9.11027,99.39826,Rural Road (ทางหลวงชนบท),Department of Rural Roads (DRR - กรมทางหลวงชนบท),Motorcycle,Speeding (ขับรถเร็วเกินกำหนด),Normal Period (ช่วงเวลาปกติ),Level 3: Critical Blackspot (Red Zone),Yes,1,1,1,3,4246043.51,20.5,73.2
THA-2020-100679,2022,12,23,14,2022-12-23,Central,Saraburi,14.66637,101.01065,Expressway (ทางพิเศษ),EXAT (การทางพิเศษแห่งประเทศไทย),Motorcycle,Fatigue / Falling asleep (หลับใน),Normal Period (ช่วงเวลาปกติ),Level 1: Low Risk (Baseline Zone),No,0,0,1,1,122666.27,38.6,56.8
THA-2021-100680,2025,2,27,18,2025-02-27,Central,Ayutthaya,14.29869,100.61684,Rural Road (ทางหลวงชนบท),Department of Rural Roads (DRR - กรมทางหลวงชนบท),Motorcycle,Speeding (ขับรถเร็วเกินกำหนด),Normal Period (ช่วงเวลาปกติ),Level 3: Critical Blackspot (Red Zone),No,1,0,1,2,4237852.35,51.8,91.8
THA-2022-100681,2021,2,28,20,2021-02-28,Bangkok & Vicinity,Nonthaburi,13.81824,100.3477,National Highway (ทางหลวงแผ่นดิน),Department of Highways (DOH - กรมทางหลวง),Public Bus/Van,Road defect / Slippery surface (ถนนชำรุด/ลื่น),Normal Period (ช่วงเวลาปกติ),Level 3: Critical Blackspot (Red Zone),Yes,2,0,1,3,8314655.34,57.7,26.3
THA-2023-100682,2025,7,26,14,2025-07-26,Bangkok & Vicinity,Bangkok,13.74942,100.61527,National Highway (ทางหลวงแผ่นดิน),Department of Highways (DOH - กรมทางหลวง),Motorcycle,Speeding (ขับรถเร็วเกินกำหนด),Normal Period (ช่วงเวลาปกติ),Level 1: Low Risk (Baseline Zone),No,0,0,1,1,86517.84,58.8,67.1
THA-2024-100683,2021,10,20,17,2021-10-20,Northeast,Ubon Ratchathani,15.21468,104.92229,Urban / City Road (ถนนในเมือง/ท้องถิ่น),Local Administration / BMA (อปท./กทม.),Motorcycle,Drunk driving (เมาแล้วขับ),Normal Period (ช่วงเวลาปกติ),Level 1: Low Risk (Baseline Zone),Yes,0,0,1,1,101611.09,48.9,85.1
THA-2025-100684,2024,1,28,6,2024-01-28,South,Phuket,7.8205,98.45426,Urban / City Road (ถนนในเมือง/ท้องถิ่น),Local Administration / BMA (อปท./กทม.),Motorcycle,Speeding (ขับรถเร็วเกินกำหนด),Normal Period (ช่วงเวลาปกติ),Level 2: Moderate Risk (Surveillance Zone),No,0,2,2,4,1236412.54,26.2,25.7
THA-2026-100685,2024,6,8,10,2024-06-08,Northeast,Nakhon Ratchasima,14.95798,102.2349,National Highway (ทางหลวงแผ่นดิน),Department of Highways (DOH - กรมทางหลวง),Public Bus/Van,Speeding (ขับรถเร็วเกินกำหนด),Normal Period (ช่วงเวลาปกติ),Level 1: Low Risk (Baseline Zone),Yes,0,0,1,1,740099.41,79.7,62.8
THA-2020-100686,2026,7,11,7,2026-07-11,Northeast,Nakhon Ratchasima,14.9517,102.04899,Rural Road (ทางหลวงชนบท),Department of Rural Roads (DRR - กรมทางหลวงชนบท),Public Bus/Van,Speeding (ขับรถเร็วเกินกำหนด),Normal Period (ช่วงเวลาปกติ),Level 3: Critical Blackspot (Red Zone),Yes,1,1,1,3,4957819.98,19.5,74.0
THA-2021-100687,2022,8,16,5,2022-08-16,Bangkok & Vicinity,Nonthaburi,13.99453,100.46148,Rural Road (ทางหลวงชนบท),Department of Rural Roads (DRR - กรมทางหลวงชนบท),Private Car,Drunk driving (เมาแล้วขับ),Normal Period (ช่วงเวลาปกติ),Level 2: Moderate Risk (Surveillance Zone),Yes,0,1,1,2,754302.08,28.5,55.0
THA-2022-100688,2020,7,9,7,2020-07-09,Central,Chonburi,13.38025,100.93343,Expressway (ทางพิเศษ),EXAT (การทางพิเศษแห่งประเทศไทย),Commercial Truck,Cutting off abruptly (ตัดหน้ากระชั้นชิด),Normal Period (ช่วงเวลาปกติ),Level 2: Moderate Risk (Surveillance Zone),Yes,0,1,1,2,1452835.62,35.1,13.5
THA-2023-100689,2020,6,3,1,2020-06-03,Bangkok & Vicinity,Bangkok,13.83947,100.61852,Expressway (ทางพิเศษ),EXAT (การทางพิเศษแห่งประเทศไทย),Motorcycle,Road defect / Slippery surface (ถนนชำรุด/ลื่น),Normal Period (ช่วงเวลาปกติ),Level 1: Low Risk (Baseline Zone),No,0,0,0,0,33548.71,41.9,31.6
THA-2024-100690,2025,9,5,18,2025-09-05,North,Chiang Mai,18.72759,99.03447,Expressway (ทางพิเศษ),EXAT (การทางพิเศษแห่งประเทศไทย),Public Bus/Van,Speeding (ขับรถเร็วเกินกำหนด),Normal Period (ช่วงเวลาปกติ),Level 1: Low Risk (Baseline Zone),Yes,0,0,1,1,1068085.43,45.4,53.7
THA-2025-100691,2023,3,20,15,2023-03-20,North,Chiang Rai,19.96802,99.85196,Urban / City Road (ถนนในเมือง/ท้องถิ่น),Local Administration / BMA (อปท./กทม.),Motorcycle,Drunk driving (เมาแล้วขับ),Normal Period (ช่วงเวลาปกติ),Level 2: Moderate Risk (Surveillance Zone),No,0,1,1,2,643215.61,42.3,49.0
THA-2026-100692,2025,11,14,6,2025-11-14,Northeast,Nakhon Ratchasima,15.1172,102.23442,Urban / City Road (ถนนในเมือง/ท้องถิ่น),Local Administration / BMA (อปท./กทม.),Motorcycle,Drunk driving (เมาแล้วขับ),Normal Period (ช่วงเวลาปกติ),Level 2: Moderate Risk (Surveillance Zone),Yes,0,1,1,2,1073348.86,39.3,67.7
THA-2020-100693,2021,6,28,9,2021-06-28,Bangkok & Vicinity,Nonthaburi,13.78536,100.62218,National Highway (ทางหลวงแผ่นดิน),Department of Highways (DOH - กรมทางหลวง),Motorcycle,Speeding (ขับรถเร็วเกินกำหนด),Normal Period (ช่วงเวลาปกติ),Level 3: Critical Blackspot (Red Zone),Yes,1,0,0,1,5917345.03,43.3,84.6
THA-2021-100694,2022,4,26,11,2022-04-26,Bangkok & Vicinity,Bangkok,13.8019,100.52376,Urban / City Road (ถนนในเมือง/ท้องถิ่น),Local Administration / BMA (อปท./กทม.),Private Car,Cutting off abruptly (ตัดหน้ากระชั้นชิด),Normal Period (ช่วงเวลาปกติ),Level 1: Low Risk (Baseline Zone),Yes,0,0,1,1,492683.61,40.3,41.2
THA-2022-100695,2020,2,15,16,2020-02-15,Northeast,Khon Kaen,16.4113,102.69019,Rural Road (ทางหลวงชนบท),Department of Rural Roads (DRR - กรมทางหลวงชนบท),Private Car,Cutting off abruptly (ตัดหน้ากระชั้นชิด),Normal Period (ช่วงเวลาปกติ),Level 2: Moderate Risk (Surveillance Zone),Yes,0,1,1,2,1336720.0,53.6,30.2
THA-2023-100696,2026,1,6,6,2026-01-06,North,Chiang Mai,18.81377,99.01301,Expressway (ทางพิเศษ),EXAT (การทางพิเศษแห่งประเทศไทย),Motorcycle,Speeding (ขับรถเร็วเกินกำหนด),Normal Period (ช่วงเวลาปกติ),Level 1: Low Risk (Baseline Zone),Yes,0,0,1,1,108033.06,43.7,67.7
THA-2024-100697,2024,12,27,21,2024-12-27,Northeast,Khon Kaen,16.61173,102.76293,Rural Road (ทางหลวงชนบท),Department of Rural Roads (DRR - กรมทางหลวงชนบท),Public Bus/Van,Speeding (ขับรถเร็วเกินกำหนด),Normal Period (ช่วงเวลาปกติ),Level 1: Low Risk (Baseline Zone),Yes,0,0,1,1,709512.74,42.6,62.5
THA-2025-100698,2026,12,26,7,2026-12-26,Bangkok & Vicinity,Bangkok,13.61165,100.39567,National Highway (ทางหลวงแผ่นดิน),Department of Highways (DOH - กรมทางหลวง),Motorcycle,Drunk driving (เมาแล้วขับ),Normal Period (ช่วงเวลาปกติ),Level 1: Low Risk (Baseline Zone),No,0,0,0,0,25121.51,57.4,96.5
THA-2026-100699,2022,1,4,6,2022-01-04,Northeast,Nakhon Ratchasima,15.12311,102.0575,Rural Road (ทางหลวงชนบท),Department of Rural Roads (DRR - กรมทางหลวงชนบท),Motorcycle,Speeding (ขับรถเร็วเกินกำหนด),New Year Festival (เทศกาลปีใหม่),Level 3: Critical Blackspot (Red Zone),No,2,2,0,4,9315169.59,37.7,64.0
THA-2020-100700,2024,11,8,3,2024-11-08,Northeast,Nakhon Ratchasima,15.10264,102.09836,Rural Road (ทางหลวงชนบท),Department of Rural Roads (DRR - กรมทางหลวงชนบท),Motorcycle,Drunk driving (เมาแล้วขับ),Normal Period (ช่วงเวลาปกติ),Level 1: Low Risk (Baseline Zone),Yes,0,0,1,1,122200.04,31.9,91.0
THA-2021-100701,2024,10,19,2,2024-10-19,Bangkok & Vicinity,Bangkok,13.66858,100.68192,National Highway (ทางหลวงแผ่นดิน),Department of Highways (DOH - กรมทางหลวง),Private Car,Road defect / Slippery surface (ถนนชำรุด/ลื่น),Normal Period (ช่วงเวลาปกติ),Level 1: Low Risk (Baseline Zone),Yes,0,0,1,1,488188.37,34.1,23.0
THA-2022-100702,2022,3,27,18,2022-03-27,North,Chiang Mai,18.9069,98.96914,National Highway (ทางหลวงแผ่นดิน),Department of Highways (DOH - กรมทางหลวง),Commercial Truck,Cutting off abruptly (ตัดหน้ากระชั้นชิด),Normal Period (ช่วงเวลาปกติ),Level 1: Low Risk (Baseline Zone),Yes,0,0,0,0,748177.76,43.4,19.3
THA-2023-100703,2025,4,5,14,2025-04-05,Bangkok & Vicinity,Bangkok,13.84601,100.51288,Rural Road (ทางหลวงชนบท),Department of Rural Roads (DRR - กรมทางหลวงชนบท),Motorcycle,Drunk driving (เมาแล้วขับ),Normal Period (ช่วงเวลาปกติ),Level 1: Low Risk (Baseline Zone),Yes,0,0,1,1,83797.53,45.3,63.3
THA-2024-100704,2026,2,13,3,2026-02-13,Bangkok & Vicinity,Bangkok,13.79568,100.66041,National Highway (ทางหลวงแผ่นดิน),Department of Highways (DOH - กรมทางหลวง),Private Car,Speeding (ขับรถเร็วเกินกำหนด),Normal Period (ช่วงเวลาปกติ),Level 2: Moderate Risk (Surveillance Zone),Yes,0,1,1,2,940952.66,41.3,82.7
THA-2025-100705,2026,12,16,8,2026-12-16,South,Songkhla,7.03883,100.58202,National Highway (ทางหลวงแผ่นดิน),Department of Highways (DOH - กรมทางหลวง),Motorcycle,Fatigue / Falling asleep (หลับใน),Normal Period (ช่วงเวลาปกติ),Level 2: Moderate Risk (Surveillance Zone),Yes,0,1,2,3,747940.34,67.1,35.4
THA-2026-100706,2025,11,1,12,2025-11-01,North,Chiang Mai,18.79093,99.0154,National Highway (ทางหลวงแผ่นดิน),Department of Highways (DOH - กรมทางหลวง),Private Car,Speeding (ขับรถเร็วเกินกำหนด),Normal Period (ช่วงเวลาปกติ),Level 2: Moderate Risk (Surveillance Zone),Yes,0,1,2,3,997474.25,47.1,89.4
THA-2020-100707,2022,11,13,17,2022-11-13,Central,Ayutthaya,14.24082,100.65092,Expressway (ทางพิเศษ),EXAT (การทางพิเศษแห่งประเทศไทย),Public Bus/Van,Drunk driving (เมาแล้วขับ),Normal Period (ช่วงเวลาปกติ),Level 3: Critical Blackspot (Red Zone),Yes,1,1,0,2,8106754.72,40.9,55.8
THA-2021-100708,2022,11,22,20,2022-11-22,Bangkok & Vicinity,Nonthaburi,13.75824,100.40092,Urban / City Road (ถนนในเมือง/ท้องถิ่น),Local Administration / BMA (อปท./กทม.),Motorcycle,Running red light / Signal violation (ฝ่าฝืนสัญญาณไฟ),Normal Period (ช่วงเวลาปกติ),Level 2: Moderate Risk (Surveillance Zone),Yes,0,1,1,2,951268.07,36.8,58.0
THA-2022-100709,2026,1,11,15,2026-01-11,Northeast,Ubon Ratchathani,15.22223,105.0179,National Highway (ทางหลวงแผ่นดิน),Department of Highways (DOH - กรมทางหลวง),Commercial Truck,Cutting off abruptly (ตัดหน้ากระชั้นชิด),Normal Period (ช่วงเวลาปกติ),Level 2: Moderate Risk (Surveillance Zone),No,0,2,1,3,2513276.2,56.3,13.3
THA-2023-100710,2020,4,21,0,2020-04-21,Central,Chonburi,13.58985,101.02867,Urban / City Road (ถนนในเมือง/ท้องถิ่น),Local Administration / BMA (อปท./กทม.),Private Car,Drunk driving (เมาแล้วขับ),Normal Period (ช่วงเวลาปกติ),Level 1: Low Risk (Baseline Zone),Yes,0,0,1,1,339223.74,10.0,63.4
THA-2024-100711,2024,7,8,3,2024-07-08,Northeast,Khon Kaen,16.41076,102.83767,Urban / City Road (ถนนในเมือง/ท้องถิ่น),Local Administration / BMA (อปท./กทม.),Motorcycle,Cutting off abruptly (ตัดหน้ากระชั้นชิด),Normal Period (ช่วงเวลาปกติ),Level 1: Low Risk (Baseline Zone),No,0,0,1,1,99504.23,42.0,52.9
THA-2025-100712,2024,10,25,17,2024-10-25,Northeast,Nakhon Ratchasima,15.01004,102.22978,National Highway (ทางหลวงแผ่นดิน),Department of Highways (DOH - กรมทางหลวง),Public Bus/Van,Speeding (ขับรถเร็วเกินกำหนด),Normal Period (ช่วงเวลาปกติ),Level 1: Low Risk (Baseline Zone),Yes,0,0,1,1,1252976.54,63.2,72.0
THA-2026-100713,2024,11,8,7,2024-11-08,North,Chiang Rai,19.80087,99.9481,National Highway (ทางหลวงแผ่นดิน),Department of Highways (DOH - กรมทางหลวง),Motorcycle,Fatigue / Falling asleep (หลับใน),Normal Period (ช่วงเวลาปกติ),Level 1: Low Risk (Baseline Zone),No,0,0,1,1,114861.45,73.9,26.0
THA-2020-100714,2026,6,24,19,2026-06-24,North,Chiang Mai,18.65989,98.94202,Rural Road (ทางหลวงชนบท),Department of Rural Roads (DRR - กรมทางหลวงชนบท),Motorcycle,Speeding (ขับรถเร็วเกินกำหนด),Normal Period (ช่วงเวลาปกติ),Level 2: Moderate Risk (Surveillance Zone),Yes,0,2,1,3,1671652.54,24.8,58.1
THA-2021-100715,2022,6,28,15,2022-06-28,South,Phuket,7.88017,98.4293,National Highway (ทางหลวงแผ่นดิน),Department of Highways (DOH - กรมทางหลวง),Motorcycle,Drunk driving (เมาแล้วขับ),Normal Period (ช่วงเวลาปกติ),Level 1: Low Risk (Baseline Zone),Yes,0,0,1,1,134340.68,59.2,79.0
THA-2022-100716,2022,11,14,20,2022-11-14,Central,Ayutthaya,14.35288,100.58416,Urban / City Road (ถนนในเมือง/ท้องถิ่น),Local Administration / BMA (อปท./กทม.),Motorcycle,Speeding (ขับรถเร็วเกินกำหนด),Normal Period (ช่วงเวลาปกติ),Level 1: Low Risk (Baseline Zone),No,0,0,1,1,110562.53,41.5,49.1
THA-2023-100717,2020,9,13,10,2020-09-13,South,Surat Thani,9.14184,99.18463,National Highway (ทางหลวงแผ่นดิน),Department of Highways (DOH - กรมทางหลวง),Commercial Truck,Fatigue / Falling asleep (หลับใน),Normal Period (ช่วงเวลาปกติ),Level 2: Moderate Risk (Surveillance Zone),Yes,0,1,1,2,1908751.85,71.4,58.5
THA-2024-100718,2023,2,3,19,2023-02-03,Bangkok & Vicinity,Bangkok,13.80806,100.57482,National Highway (ทางหลวงแผ่นดิน),Department of Highways (DOH - กรมทางหลวง),Private Car,Speeding (ขับรถเร็วเกินกำหนด),Normal Period (ช่วงเวลาปกติ),Level 2: Moderate Risk (Surveillance Zone),Yes,0,1,3,4,1500764.55,66.4,89.3
THA-2025-100719,2022,4,4,20,2022-04-04,Central,Chonburi,13.48194,101.15094,Expressway (ทางพิเศษ),EXAT (การทางพิเศษแห่งประเทศไทย),Commercial Truck,Cutting off abruptly (ตัดหน้ากระชั้นชิด),Normal Period (ช่วงเวลาปกติ),Level 1: Low Risk (Baseline Zone),Yes,0,0,1,1,586940.35,46.1,66.0
THA-2026-100720,2022,5,27,20,2022-05-27,South,Surat Thani,9.17518,99.44854,National Highway (ทางหลวงแผ่นดิน),Department of Highways (DOH - กรมทางหลวง),Motorcycle,Cutting off abruptly (ตัดหน้ากระชั้นชิด),Normal Period (ช่วงเวลาปกติ),Level 1: Low Risk (Baseline Zone),Yes,0,0,0,0,43681.61,51.4,32.3
THA-2020-100721,2025,1,20,20,2025-01-20,Bangkok & Vicinity,Bangkok,13.75793,100.37126,Rural Road (ทางหลวงชนบท),Department of Rural Roads (DRR - กรมทางหลวงชนบท),Motorcycle,Cutting off abruptly (ตัดหน้ากระชั้นชิด),Normal Period (ช่วงเวลาปกติ),Level 2: Moderate Risk (Surveillance Zone),Yes,0,1,1,2,958564.34,56.5,29.7
THA-2021-100722,2026,8,15,18,2026-08-15,Bangkok & Vicinity,Bangkok,13.8428,100.56836,National Highway (ทางหลวงแผ่นดิน),Department of Highways (DOH - กรมทางหลวง),Motorcycle,Speeding (ขับรถเร็วเกินกำหนด),Normal Period (ช่วงเวลาปกติ),Level 2: Moderate Risk (Surveillance Zone),No,0,1,1,2,786394.85,48.3,55.0
THA-2022-100723,2021,8,15,22,2021-08-15,Central,Chonburi,13.36116,100.97909,National Highway (ทางหลวงแผ่นดิน),Department of Highways (DOH - กรมทางหลวง),Motorcycle,Cutting off abruptly (ตัดหน้ากระชั้นชิด),Normal Period (ช่วงเวลาปกติ),Level 3: Critical Blackspot (Red Zone),Yes,1,2,0,3,5688980.49,74.0,50.3
THA-2023-100724,2022,6,27,18,2022-06-27,Northeast,Nakhon Ratchasima,15.02292,102.06742,National Highway (ทางหลวงแผ่นดิน),Department of Highways (DOH - กรมทางหลวง),Public Bus/Van,Speeding (ขับรถเร็วเกินกำหนด),Normal Period (ช่วงเวลาปกติ),Level 2: Moderate Risk (Surveillance Zone),Yes,0,1,1,2,1751544.8,61.3,71.7
THA-2024-100725,2026,12,21,17,2026-12-21,Central,Saraburi,14.5687,100.8278,National Highway (ทางหลวงแผ่นดิน),Department of Highways (DOH - กรมทางหลวง),Private Car,Cutting off abruptly (ตัดหน้ากระชั้นชิด),Normal Period (ช่วงเวลาปกติ),Level 1: Low Risk (Baseline Zone),Yes,0,0,1,1,249046.86,55.2,31.0
THA-2025-100726,2020,5,13,18,2020-05-13,Bangkok & Vicinity,Bangkok,13.68342,100.38295,National Highway (ทางหลวงแผ่นดิน),Department of Highways (DOH - กรมทางหลวง),Motorcycle,Speeding (ขับรถเร็วเกินกำหนด),Normal Period (ช่วงเวลาปกติ),Level 3: Critical Blackspot (Red Zone),No,1,0,0,1,3596511.33,40.4,83.1
THA-2026-100727,2020,8,9,10,2020-08-09,Central,Chonburi,13.56307,100.99128,National Highway (ทางหลวงแผ่นดิน),Department of Highways (DOH - กรมทางหลวง),Commercial Truck,Cutting off abruptly (ตัดหน้ากระชั้นชิด),Normal Period (ช่วงเวลาปกติ),Level 2: Moderate Risk (Surveillance Zone),No,0,1,2,3,1907536.45,45.9,47.1
THA-2020-100728,2021,3,28,2,2021-03-28,Bangkok & Vicinity,Bangkok,13.86504,100.40309,Rural Road (ทางหลวงชนบท),Department of Rural Roads (DRR - กรมทางหลวงชนบท),Private Car,Speeding (ขับรถเร็วเกินกำหนด),Normal Period (ช่วงเวลาปกติ),Level 2: Moderate Risk (Surveillance Zone),No,0,1,1,2,1479701.39,38.8,57.2
THA-2021-100729,2024,3,25,7,2024-03-25,Bangkok & Vicinity,Bangkok,13.73995,100.55143,Rural Road (ทางหลวงชนบท),Department of Rural Roads (DRR - กรมทางหลวงชนบท),Motorcycle,Running red light / Signal violation (ฝ่าฝืนสัญญาณไฟ),Normal Period (ช่วงเวลาปกติ),Level 1: Low Risk (Baseline Zone),Yes,0,0,1,1,97860.95,34.8,17.2
THA-2022-100730,2021,2,10,19,2021-02-10,Bangkok & Vicinity,Bangkok,13.88871,100.44758,National Highway (ทางหลวงแผ่นดิน),Department of Highways (DOH - กรมทางหลวง),Commercial Truck,Cutting off abruptly (ตัดหน้ากระชั้นชิด),Normal Period (ช่วงเวลาปกติ),Level 3: Critical Blackspot (Red Zone),Yes,1,0,0,1,4997894.85,80.4,37.2
THA-2023-100731,2026,5,12,18,2026-05-12,Central,Ayutthaya,14.31697,100.49712,Urban / City Road (ถนนในเมือง/ท้องถิ่น),Local Administration / BMA (อปท./กทม.),Motorcycle,Speeding (ขับรถเร็วเกินกำหนด),Normal Period (ช่วงเวลาปกติ),Level 2: Moderate Risk (Surveillance Zone),Yes,0,1,2,3,554010.07,34.2,46.2
THA-2024-100732,2023,3,14,9,2023-03-14,Northeast,Ubon Ratchathani,15.23394,104.75551,National Highway (ทางหลวงแผ่นดิน),Department of Highways (DOH - กรมทางหลวง),Motorcycle,Cutting off abruptly (ตัดหน้ากระชั้นชิด),Normal Period (ช่วงเวลาปกติ),Level 1: Low Risk (Baseline Zone),Yes,0,0,0,0,47663.73,54.1,30.7
THA-2025-100733,2023,3,1,15,2023-03-01,Northeast,Nakhon Ratchasima,14.85059,102.12108,National Highway (ทางหลวงแผ่นดิน),Department of Highways (DOH - กรมทางหลวง),Motorcycle,Fatigue / Falling asleep (หลับใน),Normal Period (ช่วงเวลาปกติ),Level 2: Moderate Risk (Surveillance Zone),Yes,0,1,3,4,1190170.23,38.5,66.9
THA-2026-100734,2021,6,14,4,2021-06-14,North,Chiang Mai,18.84865,98.88279,Rural Road (ทางหลวงชนบท),Department of Rural Roads (DRR - กรมทางหลวงชนบท),Motorcycle,Speeding (ขับรถเร็วเกินกำหนด),Normal Period (ช่วงเวลาปกติ),Level 1: Low Risk (Baseline Zone),Yes,0,0,1,1,56660.52,39.3,60.7
THA-2020-100735,2023,8,14,19,2023-08-14,Central,Saraburi,14.4682,100.9018,National Highway (ทางหลวงแผ่นดิน),Department of Highways (DOH - กรมทางหลวง),Motorcycle,Drunk driving (เมาแล้วขับ),Normal Period (ช่วงเวลาปกติ),Level 1: Low Risk (Baseline Zone),No,0,0,1,1,115176.99,70.2,78.9
THA-2021-100736,2024,2,8,8,2024-02-08,North,Chiang Rai,20.06411,99.58567,Rural Road (ทางหลวงชนบท),Department of Rural Roads (DRR - กรมทางหลวงชนบท),Motorcycle,Cutting off abruptly (ตัดหน้ากระชั้นชิด),Normal Period (ช่วงเวลาปกติ),Level 1: Low Risk (Baseline Zone),Yes,0,0,1,1,63537.55,36.6,32.3
THA-2022-100737,2025,4,16,7,2025-04-16,Central,Ayutthaya,14.39325,100.62953,National Highway (ทางหลวงแผ่นดิน),Department of Highways (DOH - กรมทางหลวง),Motorcycle,Speeding (ขับรถเร็วเกินกำหนด),Songkran Festival (เทศกาลสงกรานต์),Level 3: Critical Blackspot (Red Zone),No,1,1,1,3,5098073.15,70.6,49.0
THA-2023-100738,2025,11,14,10,2025-11-14,North,Phitsanulok,16.75701,100.23447,Urban / City Road (ถนนในเมือง/ท้องถิ่น),Local Administration / BMA (อปท./กทม.),Private Car,Fatigue / Falling asleep (หลับใน),Normal Period (ช่วงเวลาปกติ),Level 1: Low Risk (Baseline Zone),Yes,0,0,0,0,274494.73,59.9,48.4
THA-2024-100739,2024,7,1,15,2024-07-01,North,Chiang Mai,18.81827,98.98263,Rural Road (ทางหลวงชนบท),Department of Rural Roads (DRR - กรมทางหลวงชนบท),Public Bus/Van,Speeding (ขับรถเร็วเกินกำหนด),Normal Period (ช่วงเวลาปกติ),Level 3: Critical Blackspot (Red Zone),Yes,1,1,1,3,6212962.23,58.5,44.3
THA-2025-100740,2026,1,16,6,2026-01-16,North,Phitsanulok,16.97402,100.27514,National Highway (ทางหลวงแผ่นดิน),Department of Highways (DOH - กรมทางหลวง),Private Car,Speeding (ขับรถเร็วเกินกำหนด),Normal Period (ช่วงเวลาปกติ),Level 2: Moderate Risk (Surveillance Zone),Yes,0,1,1,2,923521.41,66.4,65.0
THA-2026-100741,2025,1,18,14,2025-01-18,North,Chiang Mai,18.86581,99.02582,National Highway (ทางหลวงแผ่นดิน),Department of Highways (DOH - กรมทางหลวง),Motorcycle,Fatigue / Falling asleep (หลับใน),Normal Period (ช่วงเวลาปกติ),Level 2: Moderate Risk (Surveillance Zone),No,0,1,3,4,1320958.37,32.3,30.2
THA-2020-100742,2025,12,7,23,2025-12-07,Central,Chonburi,13.42357,100.91474,Urban / City Road (ถนนในเมือง/ท้องถิ่น),Local Administration / BMA (อปท./กทม.),Motorcycle,Drunk driving (เมาแล้วขับ),Normal Period (ช่วงเวลาปกติ),Level 3: Critical Blackspot (Red Zone),Yes,1,2,0,3,5927256.34,63.9,65.6
THA-2021-100743,2020,10,15,20,2020-10-15,Northeast,Nakhon Ratchasima,14.99801,102.0919,Rural Road (ทางหลวงชนบท),Department of Rural Roads (DRR - กรมทางหลวงชนบท),Motorcycle,Road defect / Slippery surface (ถนนชำรุด/ลื่น),Normal Period (ช่วงเวลาปกติ),Level 2: Moderate Risk (Surveillance Zone),Yes,0,1,1,2,1062960.52,52.5,45.0
THA-2022-100744,2020,7,24,19,2020-07-24,Bangkok & Vicinity,Nonthaburi,13.79764,100.59665,National Highway (ทางหลวงแผ่นดิน),Department of Highways (DOH - กรมทางหลวง),Motorcycle,Drunk driving (เมาแล้วขับ),Normal Period (ช่วงเวลาปกติ),Level 3: Critical Blackspot (Red Zone),Yes,1,1,0,2,5558893.63,53.3,78.6
THA-2023-100745,2021,7,17,22,2021-07-17,South,Phuket,7.69901,98.51353,National Highway (ทางหลวงแผ่นดิน),Department of Highways (DOH - กรมทางหลวง),Private Car,Drunk driving (เมาแล้วขับ),Normal Period (ช่วงเวลาปกติ),Level 2: Moderate Risk (Surveillance Zone),No,0,1,1,2,662245.27,51.3,92.5
THA-2024-100746,2024,1,19,16,2024-01-19,North,Chiang Rai,19.71081,99.82676,National Highway (ทางหลวงแผ่นดิน),Department of Highways (DOH - กรมทางหลวง),Private Car,Fatigue / Falling asleep (หลับใน),Normal Period (ช่วงเวลาปกติ),Level 1: Low Risk (Baseline Zone),Yes,0,0,0,0,256871.28,64.6,37.8
THA-2025-100747,2023,1,23,5,2023-01-23,Northeast,Nakhon Ratchasima,15.0646,101.99085,Rural Road (ทางหลวงชนบท),Department of Rural Roads (DRR - กรมทางหลวงชนบท),Private Car,Speeding (ขับรถเร็วเกินกำหนด),Normal Period (ช่วงเวลาปกติ),Level 2: Moderate Risk (Surveillance Zone),Yes,0,2,1,3,1352884.65,16.4,58.3
THA-2026-100748,2023,4,13,14,2023-04-13,South,Phuket,7.91854,98.42071,Urban / City Road (ถนนในเมือง/ท้องถิ่น),Local Administration / BMA (อปท./กทม.),Private Car,Fatigue / Falling asleep (หลับใน),Songkran Festival (เทศกาลสงกรานต์),Level 1: Low Risk (Baseline Zone),Yes,0,0,0,0,262605.72,31.6,20.4
THA-2020-100749,2026,5,9,7,2026-05-09,Northeast,Khon Kaen,16.4616,102.79222,National Highway (ทางหลวงแผ่นดิน),Department of Highways (DOH - กรมทางหลวง),Motorcycle,Drunk driving (เมาแล้วขับ),Normal Period (ช่วงเวลาปกติ),Level 1: Low Risk (Baseline Zone),Yes,0,0,0,0,31131.79,40.4,83.3
THA-2021-100750,2026,5,24,6,2026-05-24,Bangkok & Vicinity,Bangkok,13.71442,100.36049,National Highway (ทางหลวงแผ่นดิน),Department of Highways (DOH - กรมทางหลวง),Motorcycle,Speeding (ขับรถเร็วเกินกำหนด),Normal Period (ช่วงเวลาปกติ),Level 1: Low Risk (Baseline Zone),Yes,0,0,1,1,118060.34,75.5,71.4
THA-2022-100751,2026,4,24,1,2026-04-24,South,Surat Thani,9.12884,99.40408,Urban / City Road (ถนนในเมือง/ท้องถิ่น),Local Administration / BMA (อปท./กทม.),Private Car,Cutting off abruptly (ตัดหน้ากระชั้นชิด),Normal Period (ช่วงเวลาปกติ),Level 2: Moderate Risk (Surveillance Zone),Yes,0,1,2,3,994390.63,41.6,68.8
THA-2023-100752,2022,8,15,12,2022-08-15,Northeast,Khon Kaen,16.39115,102.78704,Rural Road (ทางหลวงชนบท),Department of Rural Roads (DRR - กรมทางหลวงชนบท),Motorcycle,Speeding (ขับรถเร็วเกินกำหนด),Normal Period (ช่วงเวลาปกติ),Level 2: Moderate Risk (Surveillance Zone),No,0,2,2,4,2540739.71,32.8,65.0
THA-2024-100753,2024,7,25,22,2024-07-25,North,Chiang Mai,18.93137,98.97059,Rural Road (ทางหลวงชนบท),Department of Rural Roads (DRR - กรมทางหลวงชนบท),Motorcycle,Drunk driving (เมาแล้วขับ),Normal Period (ช่วงเวลาปกติ),Level 1: Low Risk (Baseline Zone),Yes,0,0,1,1,96213.05,32.3,66.0
THA-2025-100754,2022,9,26,5,2022-09-26,Bangkok & Vicinity,Bangkok,13.78799,100.55001,National Highway (ทางหลวงแผ่นดิน),Department of Highways (DOH - กรมทางหลวง),Motorcycle,Cutting off abruptly (ตัดหน้ากระชั้นชิด),Normal Period (ช่วงเวลาปกติ),Level 1: Low Risk (Baseline Zone),No,0,0,1,1,112718.88,59.3,18.9
THA-2026-100755,2021,7,3,4,2021-07-03,Central,Chonburi,13.34633,101.04601,Rural Road (ทางหลวงชนบท),Department of Rural Roads (DRR - กรมทางหลวงชนบท),Motorcycle,Running red light / Signal violation (ฝ่าฝืนสัญญาณไฟ),Normal Period (ช่วงเวลาปกติ),Level 1: Low Risk (Baseline Zone),No,0,0,0,0,66754.55,28.9,31.0
THA-2020-100756,2021,10,24,19,2021-10-24,Northeast,Khon Kaen,16.52125,102.90492,Rural Road (ทางหลวงชนบท),Department of Rural Roads (DRR - กรมทางหลวงชนบท),Motorcycle,Speeding (ขับรถเร็วเกินกำหนด),Normal Period (ช่วงเวลาปกติ),Level 2: Moderate Risk (Surveillance Zone),Yes,0,1,2,3,792229.62,58.3,52.1
THA-2021-100757,2022,1,1,0,2022-01-01,Northeast,Nakhon Ratchasima,15.07128,101.91036,National Highway (ทางหลวงแผ่นดิน),Department of Highways (DOH - กรมทางหลวง),Commercial Truck,Drunk driving (เมาแล้วขับ),New Year Festival (เทศกาลปีใหม่),Level 3: Critical Blackspot (Red Zone),Yes,1,0,1,2,4531645.47,44.9,77.4
THA-2022-100758,2023,7,16,17,2023-07-16,South,Phuket,7.77493,98.346,Expressway (ทางพิเศษ),EXAT (การทางพิเศษแห่งประเทศไทย),Commercial Truck,Speeding (ขับรถเร็วเกินกำหนด),Normal Period (ช่วงเวลาปกติ),Level 3: Critical Blackspot (Red Zone),Yes,1,0,0,1,5196669.74,34.6,55.1
THA-2023-100759,2025,1,8,14,2025-01-08,Central,Chonburi,13.28946,100.91989,Urban / City Road (ถนนในเมือง/ท้องถิ่น),Local Administration / BMA (อปท./กทม.),Motorcycle,Drunk driving (เมาแล้วขับ),Normal Period (ช่วงเวลาปกติ),Level 1: Low Risk (Baseline Zone),Yes,0,0,1,1,105829.58,27.8,50.7
THA-2024-100760,2020,7,23,22,2020-07-23,Bangkok & Vicinity,Bangkok,13.83636,100.51142,Urban / City Road (ถนนในเมือง/ท้องถิ่น),Local Administration / BMA (อปท./กทม.),Motorcycle,Drunk driving (เมาแล้วขับ),Normal Period (ช่วงเวลาปกติ),Level 1: Low Risk (Baseline Zone),No,0,0,1,1,82319.23,61.0,66.6
THA-2025-100761,2025,10,13,9,2025-10-13,North,Chiang Mai,18.77598,98.965,Rural Road (ทางหลวงชนบท),Department of Rural Roads (DRR - กรมทางหลวงชนบท),Private Car,Drunk driving (เมาแล้วขับ),Normal Period (ช่วงเวลาปกติ),Level 3: Critical Blackspot (Red Zone),Yes,1,2,1,4,6939234.19,26.6,76.6
THA-2026-100762,2023,8,8,2,2023-08-08,Bangkok & Vicinity,Nonthaburi,13.82609,100.49163,National Highway (ทางหลวงแผ่นดิน),Department of Highways (DOH - กรมทางหลวง),Motorcycle,Fatigue / Falling asleep (หลับใน),Normal Period (ช่วงเวลาปกติ),Level 1: Low Risk (Baseline Zone),No,0,0,1,1,120881.4,43.5,17.4
THA-2020-100763,2022,11,17,4,2022-11-17,Central,Chonburi,13.48598,100.82592,National Highway (ทางหลวงแผ่นดิน),Department of Highways (DOH - กรมทางหลวง),Motorcycle,Fatigue / Falling asleep (หลับใน),Normal Period (ช่วงเวลาปกติ),Level 2: Moderate Risk (Surveillance Zone),No,0,1,1,2,653379.44,51.0,51.6
THA-2021-100764,2023,9,22,23,2023-09-22,Bangkok & Vicinity,Bangkok,13.871,100.70823,National Highway (ทางหลวงแผ่นดิน),Department of Highways (DOH - กรมทางหลวง),Motorcycle,Speeding (ขับรถเร็วเกินกำหนด),Normal Period (ช่วงเวลาปกติ),Level 1: Low Risk (Baseline Zone),No,0,0,1,1,94986.57,91.4,68.7
THA-2022-100765,2022,12,23,12,2022-12-23,Northeast,Nakhon Ratchasima,15.09392,102.00871,Urban / City Road (ถนนในเมือง/ท้องถิ่น),Local Administration / BMA (อปท./กทม.),Motorcycle,Speeding (ขับรถเร็วเกินกำหนด),Normal Period (ช่วงเวลาปกติ),Level 3: Critical Blackspot (Red Zone),No,1,1,1,3,5890917.63,28.3,47.6
THA-2023-100766,2024,3,14,7,2024-03-14,Central,Chonburi,13.31731,101.0777,National Highway (ทางหลวงแผ่นดิน),Department of Highways (DOH - กรมทางหลวง),Private Car,Drunk driving (เมาแล้วขับ),Normal Period (ช่วงเวลาปกติ),Level 2: Moderate Risk (Surveillance Zone),Yes,0,1,1,2,811967.2,60.8,44.6
THA-2024-100767,2023,4,27,21,2023-04-27,Central,Saraburi,14.50652,100.86526,Urban / City Road (ถนนในเมือง/ท้องถิ่น),Local Administration / BMA (อปท./กทม.),Commercial Truck,Cutting off abruptly (ตัดหน้ากระชั้นชิด),Normal Period (ช่วงเวลาปกติ),Level 3: Critical Blackspot (Red Zone),Yes,1,1,0,2,7042477.58,16.5,32.3
THA-2025-100768,2021,4,21,20,2021-04-21,North,Chiang Mai,18.77921,98.88433,National Highway (ทางหลวงแผ่นดิน),Department of Highways (DOH - กรมทางหลวง),Motorcycle,Speeding (ขับรถเร็วเกินกำหนด),Normal Period (ช่วงเวลาปกติ),Level 3: Critical Blackspot (Red Zone),No,1,1,0,2,5033702.87,63.2,68.2
THA-2026-100769,2020,12,21,1,2020-12-21,Central,Ayutthaya,14.34148,100.45984,Rural Road (ทางหลวงชนบท),Department of Rural Roads (DRR - กรมทางหลวงชนบท),Motorcycle,Cutting off abruptly (ตัดหน้ากระชั้นชิด),Normal Period (ช่วงเวลาปกติ),Level 1: Low Risk (Baseline Zone),No,0,0,1,1,154210.72,50.3,40.7
THA-2020-100770,2023,9,7,8,2023-09-07,Bangkok & Vicinity,Bangkok,13.82132,100.42581,Rural Road (ทางหลวงชนบท),Department of Rural Roads (DRR - กรมทางหลวงชนบท),Motorcycle,Cutting off abruptly (ตัดหน้ากระชั้นชิด),Normal Period (ช่วงเวลาปกติ),Level 2: Moderate Risk (Surveillance Zone),Yes,0,2,1,3,1695062.46,18.3,27.8
THA-2021-100771,2026,7,27,16,2026-07-27,Central,Saraburi,14.53354,100.8708,Rural Road (ทางหลวงชนบท),Department of Rural Roads (DRR - กรมทางหลวงชนบท),Motorcycle,Cutting off abruptly (ตัดหน้ากระชั้นชิด),Normal Period (ช่วงเวลาปกติ),Level 1: Low Risk (Baseline Zone),No,0,0,1,1,77052.38,27.8,34.1
THA-2022-100772,2022,3,15,17,2022-03-15,Bangkok & Vicinity,Bangkok,13.79068,100.57581,Urban / City Road (ถนนในเมือง/ท้องถิ่น),Local Administration / BMA (อปท./กทม.),Public Bus/Van,Fatigue / Falling asleep (หลับใน),Normal Period (ช่วงเวลาปกติ),Level 2: Moderate Risk (Surveillance Zone),Yes,0,1,3,4,1193786.66,40.0,20.3
THA-2023-100773,2025,10,16,12,2025-10-16,North,Chiang Rai,19.93628,99.77757,Expressway (ทางพิเศษ),EXAT (การทางพิเศษแห่งประเทศไทย),Private Car,Cutting off abruptly (ตัดหน้ากระชั้นชิด),Normal Period (ช่วงเวลาปกติ),Level 1: Low Risk (Baseline Zone),Yes,0,0,0,0,422668.4,44.3,51.0
THA-2024-100774,2024,5,19,0,2024-05-19,Central,Chonburi,13.31042,101.19709,National Highway (ทางหลวงแผ่นดิน),Department of Highways (DOH - กรมทางหลวง),Motorcycle,Speeding (ขับรถเร็วเกินกำหนด),Normal Period (ช่วงเวลาปกติ),Level 2: Moderate Risk (Surveillance Zone),No,0,2,1,3,1052162.25,70.4,75.9
THA-2025-100775,2026,7,6,11,2026-07-06,Bangkok & Vicinity,Bangkok,13.84167,100.48399,National Highway (ทางหลวงแผ่นดิน),Department of Highways (DOH - กรมทางหลวง),Private Car,Speeding (ขับรถเร็วเกินกำหนด),Normal Period (ช่วงเวลาปกติ),Level 1: Low Risk (Baseline Zone),Yes,0,0,1,1,410454.88,66.2,40.6
THA-2026-100776,2025,8,23,19,2025-08-23,Bangkok & Vicinity,Nonthaburi,13.81043,100.3839,National Highway (ทางหลวงแผ่นดิน),Department of Highways (DOH - กรมทางหลวง),Commercial Truck,Fatigue / Falling asleep (หลับใน),Normal Period (ช่วงเวลาปกติ),Level 1: Low Risk (Baseline Zone),Yes,0,0,1,1,731862.95,44.3,14.1
THA-2020-100777,2024,1,1,19,2024-01-01,Central,Chonburi,13.46264,100.92072,Rural Road (ทางหลวงชนบท),Department of Rural Roads (DRR - กรมทางหลวงชนบท),Commercial Truck,Running red light / Signal violation (ฝ่าฝืนสัญญาณไฟ),New Year Festival (เทศกาลปีใหม่),Level 1: Low Risk (Baseline Zone),No,0,0,1,1,842570.8,39.9,45.9
THA-2021-100778,2024,12,12,20,2024-12-12,Central,Chonburi,13.45594,101.05917,National Highway (ทางหลวงแผ่นดิน),Department of Highways (DOH - กรมทางหลวง),Motorcycle,Drunk driving (เมาแล้วขับ),Normal Period (ช่วงเวลาปกติ),Level 3: Critical Blackspot (Red Zone),Yes,1,2,1,4,7193136.81,77.3,41.6
THA-2022-100779,2026,2,18,4,2026-02-18,Northeast,Khon Kaen,16.55395,102.8919,Urban / City Road (ถนนในเมือง/ท้องถิ่น),Local Administration / BMA (อปท./กทม.),Motorcycle,Speeding (ขับรถเร็วเกินกำหนด),Normal Period (ช่วงเวลาปกติ),Level 1: Low Risk (Baseline Zone),No,0,0,0,0,50884.9,41.6,50.7
THA-2023-100780,2022,7,16,7,2022-07-16,Northeast,Ubon Ratchathani,15.22591,104.84873,National Highway (ทางหลวงแผ่นดิน),Department of Highways (DOH - กรมทางหลวง),Private Car,Road defect / Slippery surface (ถนนชำรุด/ลื่น),Normal Period (ช่วงเวลาปกติ),Level 1: Low Risk (Baseline Zone),Yes,0,0,1,1,403011.4,47.5,27.1
THA-2024-100781,2022,11,12,14,2022-11-12,Northeast,Nakhon Ratchasima,14.98211,102.07361,Rural Road (ทางหลวงชนบท),Department of Rural Roads (DRR - กรมทางหลวงชนบท),Motorcycle,Drunk driving (เมาแล้วขับ),Normal Period (ช่วงเวลาปกติ),Level 1: Low Risk (Baseline Zone),Yes,0,0,0,0,72886.63,67.1,77.7
THA-2025-100782,2020,2,20,2,2020-02-20,Bangkok & Vicinity,Nonthaburi,13.71601,100.31945,Urban / City Road (ถนนในเมือง/ท้องถิ่น),Local Administration / BMA (อปท./กทม.),Public Bus/Van,Fatigue / Falling asleep (หลับใน),Normal Period (ช่วงเวลาปกติ),Level 1: Low Risk (Baseline Zone),Yes,0,0,1,1,1025754.15,38.6,31.3
THA-2026-100783,2025,7,13,5,2025-07-13,North,Chiang Mai,18.85659,98.96902,Rural Road (ทางหลวงชนบท),Department of Rural Roads (DRR - กรมทางหลวงชนบท),Private Car,Fatigue / Falling asleep (หลับใน),Normal Period (ช่วงเวลาปกติ),Level 1: Low Risk (Baseline Zone),Yes,0,0,0,0,433297.32,20.1,47.4
THA-2020-100784,2025,9,8,12,2025-09-08,Bangkok & Vicinity,Bangkok,13.8427,100.46764,Rural Road (ทางหลวงชนบท),Department of Rural Roads (DRR - กรมทางหลวงชนบท),Public Bus/Van,Speeding (ขับรถเร็วเกินกำหนด),Normal Period (ช่วงเวลาปกติ),Level 2: Moderate Risk (Surveillance Zone),Yes,0,2,1,3,1725896.05,29.6,51.1
THA-2021-100785,2020,11,27,11,2020-11-27,South,Phuket,7.8803,98.47596,National Highway (ทางหลวงแผ่นดิน),Department of Highways (DOH - กรมทางหลวง),Motorcycle,Cutting off abruptly (ตัดหน้ากระชั้นชิด),Normal Period (ช่วงเวลาปกติ),Level 1: Low Risk (Baseline Zone),Yes,0,0,0,0,49648.56,46.2,55.9
THA-2022-100786,2024,2,26,18,2024-02-26,Northeast,Khon Kaen,16.57218,102.79514,National Highway (ทางหลวงแผ่นดิน),Department of Highways (DOH - กรมทางหลวง),Commercial Truck,Speeding (ขับรถเร็วเกินกำหนด),Normal Period (ช่วงเวลาปกติ),Level 2: Moderate Risk (Surveillance Zone),Yes,0,1,2,3,2121915.34,44.3,86.4
THA-2023-100787,2023,7,22,17,2023-07-22,North,Chiang Rai,19.82049,99.94977,Rural Road (ทางหลวงชนบท),Department of Rural Roads (DRR - กรมทางหลวงชนบท),Motorcycle,Speeding (ขับรถเร็วเกินกำหนด),Normal Period (ช่วงเวลาปกติ),Level 2: Moderate Risk (Surveillance Zone),Yes,0,1,1,2,555007.56,34.6,79.6
THA-2024-100788,2020,4,1,23,2020-04-01,North,Phitsanulok,16.79526,100.22223,National Highway (ทางหลวงแผ่นดิน),Department of Highways (DOH - กรมทางหลวง),Public Bus/Van,Fatigue / Falling asleep (หลับใน),Normal Period (ช่วงเวลาปกติ),Level 1: Low Risk (Baseline Zone),Yes,0,0,1,1,1359174.11,59.9,42.1
THA-2025-100789,2026,11,26,0,2026-11-26,South,Surat Thani,9.10222,99.25682,Urban / City Road (ถนนในเมือง/ท้องถิ่น),Local Administration / BMA (อปท./กทม.),Motorcycle,Road defect / Slippery surface (ถนนชำรุด/ลื่น),Normal Period (ช่วงเวลาปกติ),Level 2: Moderate Risk (Surveillance Zone),No,0,1,2,3,658864.06,49.8,46.5
THA-2026-100790,2021,2,21,6,2021-02-21,Bangkok & Vicinity,Bangkok,13.82594,100.38136,Urban / City Road (ถนนในเมือง/ท้องถิ่น),Local Administration / BMA (อปท./กทม.),Motorcycle,Drunk driving (เมาแล้วขับ),Normal Period (ช่วงเวลาปกติ),Level 1: Low Risk (Baseline Zone),Yes,0,0,1,1,121225.36,51.2,73.0
THA-2020-100791,2020,7,7,11,2020-07-07,Northeast,Khon Kaen,16.44138,102.84607,Urban / City Road (ถนนในเมือง/ท้องถิ่น),Local Administration / BMA (อปท./กทม.),Private Car,Cutting off abruptly (ตัดหน้ากระชั้นชิด),Normal Period (ช่วงเวลาปกติ),Level 2: Moderate Risk (Surveillance Zone),Yes,0,1,1,2,1396693.36,82.9,26.9
THA-2021-100792,2024,5,15,9,2024-05-15,Northeast,Nakhon Ratchasima,14.92603,102.24064,National Highway (ทางหลวงแผ่นดิน),Department of Highways (DOH - กรมทางหลวง),Motorcycle,Speeding (ขับรถเร็วเกินกำหนด),Normal Period (ช่วงเวลาปกติ),Level 1: Low Risk (Baseline Zone),No,0,0,0,0,73555.44,34.1,74.3
THA-2022-100793,2025,1,22,11,2025-01-22,Northeast,Khon Kaen,16.51305,102.78269,Rural Road (ทางหลวงชนบท),Department of Rural Roads (DRR - กรมทางหลวงชนบท),Motorcycle,Speeding (ขับรถเร็วเกินกำหนด),Normal Period (ช่วงเวลาปกติ),Level 3: Critical Blackspot (Red Zone),No,1,0,0,1,4953883.55,58.7,86.4
THA-2023-100794,2020,5,13,10,2020-05-13,Bangkok & Vicinity,Bangkok,13.74675,100.58229,National Highway (ทางหลวงแผ่นดิน),Department of Highways (DOH - กรมทางหลวง),Public Bus/Van,Speeding (ขับรถเร็วเกินกำหนด),Normal Period (ช่วงเวลาปกติ),Level 1: Low Risk (Baseline Zone),Yes,0,0,0,0,424672.78,62.8,61.0
THA-2024-100795,2024,12,13,3,2024-12-13,Central,Saraburi,14.5361,101.03694,National Highway (ทางหลวงแผ่นดิน),Department of Highways (DOH - กรมทางหลวง),Motorcycle,Cutting off abruptly (ตัดหน้ากระชั้นชิด),Normal Period (ช่วงเวลาปกติ),Level 2: Moderate Risk (Surveillance Zone),No,0,1,3,4,753337.28,50.7,27.5
THA-2025-100796,2023,12,28,18,2023-12-28,South,Surat Thani,9.18916,99.34426,National Highway (ทางหลวงแผ่นดิน),Department of Highways (DOH - กรมทางหลวง),Private Car,Drunk driving (เมาแล้วขับ),New Year Festival (เทศกาลปีใหม่),Level 1: Low Risk (Baseline Zone),Yes,0,0,1,1,431054.14,59.2,34.9
THA-2026-100797,2020,3,9,5,2020-03-09,Northeast,Nakhon Ratchasima,15.00188,102.3812,National Highway (ทางหลวงแผ่นดิน),Department of Highways (DOH - กรมทางหลวง),Motorcycle,Speeding (ขับรถเร็วเกินกำหนด),Normal Period (ช่วงเวลาปกติ),Level 3: Critical Blackspot (Red Zone),Yes,1,2,0,3,6649256.12,45.7,98.0
THA-2020-100798,2021,7,24,8,2021-07-24,Northeast,Ubon Ratchathani,15.15314,104.7488,National Highway (ทางหลวงแผ่นดิน),Department of Highways (DOH - กรมทางหลวง),Commercial Truck,Running red light / Signal violation (ฝ่าฝืนสัญญาณไฟ),Normal Period (ช่วงเวลาปกติ),Level 1: Low Risk (Baseline Zone),Yes,0,0,0,0,719867.18,74.5,28.5
THA-2021-100799,2024,6,15,19,2024-06-15,South,Phuket,7.85867,98.51872,National Highway (ทางหลวงแผ่นดิน),Department of Highways (DOH - กรมทางหลวง),Private Car,Speeding (ขับรถเร็วเกินกำหนด),Normal Period (ช่วงเวลาปกติ),Level 1: Low Risk (Baseline Zone),Yes,0,0,1,1,226047.61,75.0,59.9
THA-2022-100800,2022,8,4,9,2022-08-04,Central,Chonburi,13.13935,100.81335,Expressway (ทางพิเศษ),EXAT (การทางพิเศษแห่งประเทศไทย),Motorcycle,Fatigue / Falling asleep (หลับใน),Normal Period (ช่วงเวลาปกติ),Level 3: Critical Blackspot (Red Zone),No,1,2,0,3,6937356.44,63.9,38.1
THA-2023-100801,2026,5,13,4,2026-05-13,Bangkok & Vicinity,Bangkok,13.72032,100.69261,National Highway (ทางหลวงแผ่นดิน),Department of Highways (DOH - กรมทางหลวง),Motorcycle,Cutting off abruptly (ตัดหน้ากระชั้นชิด),Normal Period (ช่วงเวลาปกติ),Level 1: Low Risk (Baseline Zone),Yes,0,0,1,1,85434.32,43.3,20.4
THA-2024-100802,2025,2,27,12,2025-02-27,Northeast,Nakhon Ratchasima,14.98219,101.99318,Urban / City Road (ถนนในเมือง/ท้องถิ่น),Local Administration / BMA (อปท./กทม.),Private Car,Speeding (ขับรถเร็วเกินกำหนด),Normal Period (ช่วงเวลาปกติ),Level 2: Moderate Risk (Surveillance Zone),Yes,0,1,1,2,1005589.07,35.7,52.0
THA-2025-100803,2026,9,12,8,2026-09-12,Northeast,Khon Kaen,16.50618,102.97317,National Highway (ทางหลวงแผ่นดิน),Department of Highways (DOH - กรมทางหลวง),Motorcycle,Fatigue / Falling asleep (หลับใน),Normal Period (ช่วงเวลาปกติ),Level 1: Low Risk (Baseline Zone),Yes,0,0,0,0,47771.92,60.6,48.8
THA-2026-100804,2022,11,5,1,2022-11-05,North,Chiang Rai,19.85302,99.8815,National Highway (ทางหลวงแผ่นดิน),Department of Highways (DOH - กรมทางหลวง),Motorcycle,Drunk driving (เมาแล้วขับ),Normal Period (ช่วงเวลาปกติ),Level 2: Moderate Risk (Surveillance Zone),Yes,0,2,3,5,2289526.92,57.2,45.0
THA-2020-100805,2026,8,7,17,2026-08-07,Central,Chonburi,13.37521,101.0362,Rural Road (ทางหลวงชนบท),Department of Rural Roads (DRR - กรมทางหลวงชนบท),Private Car,Cutting off abruptly (ตัดหน้ากระชั้นชิด),Normal Period (ช่วงเวลาปกติ),Level 2: Moderate Risk (Surveillance Zone),No,0,1,2,3,931185.73,40.7,57.6
THA-2021-100806,2023,6,8,20,2023-06-08,South,Surat Thani,9.09689,99.37808,Rural Road (ทางหลวงชนบท),Department of Rural Roads (DRR - กรมทางหลวงชนบท),Motorcycle,Cutting off abruptly (ตัดหน้ากระชั้นชิด),Normal Period (ช่วงเวลาปกติ),Level 1: Low Risk (Baseline Zone),Yes,0,0,0,0,35837.03,46.5,34.3
THA-2022-100807,2022,10,5,0,2022-10-05,South,Phuket,7.95586,98.45659,National Highway (ทางหลวงแผ่นดิน),Department of Highways (DOH - กรมทางหลวง),Motorcycle,Speeding (ขับรถเร็วเกินกำหนด),Normal Period (ช่วงเวลาปกติ),Level 1: Low Risk (Baseline Zone),No,0,0,0,0,84730.89,58.5,89.9
THA-2023-100808,2020,7,9,23,2020-07-09,North,Phitsanulok,16.67509,100.13685,National Highway (ทางหลวงแผ่นดิน),Department of Highways (DOH - กรมทางหลวง),Private Car,Drunk driving (เมาแล้วขับ),Normal Period (ช่วงเวลาปกติ),Level 1: Low Risk (Baseline Zone),Yes,0,0,1,1,332256.77,10.0,53.4
THA-2024-100809,2020,9,14,20,2020-09-14,Bangkok & Vicinity,Bangkok,13.69427,100.52587,National Highway (ทางหลวงแผ่นดิน),Department of Highways (DOH - กรมทางหลวง),Motorcycle,Road defect / Slippery surface (ถนนชำรุด/ลื่น),Normal Period (ช่วงเวลาปกติ),Level 1: Low Risk (Baseline Zone),Yes,0,0,0,0,37208.42,46.0,38.6
THA-2025-100810,2024,7,26,11,2024-07-26,South,Songkhla,7.22593,100.51943,National Highway (ทางหลวงแผ่นดิน),Department of Highways (DOH - กรมทางหลวง),Motorcycle,Speeding (ขับรถเร็วเกินกำหนด),Normal Period (ช่วงเวลาปกติ),Level 1: Low Risk (Baseline Zone),No,0,0,0,0,62719.21,75.1,72.2
THA-2026-100811,2023,3,12,9,2023-03-12,Central,Ayutthaya,14.38238,100.65352,Rural Road (ทางหลวงชนบท),Department of Rural Roads (DRR - กรมทางหลวงชนบท),Motorcycle,Speeding (ขับรถเร็วเกินกำหนด),Normal Period (ช่วงเวลาปกติ),Level 2: Moderate Risk (Surveillance Zone),Yes,0,1,3,4,1178390.93,46.8,47.1
THA-2020-100812,2021,6,4,1,2021-06-04,Bangkok & Vicinity,Bangkok,13.81642,100.46042,Rural Road (ทางหลวงชนบท),Department of Rural Roads (DRR - กรมทางหลวงชนบท),Private Car,Road defect / Slippery surface (ถนนชำรุด/ลื่น),Normal Period (ช่วงเวลาปกติ),Level 1: Low Risk (Baseline Zone),Yes,0,0,0,0,231006.26,14.9,66.7
THA-2021-100813,2024,11,20,8,2024-11-20,South,Phuket,7.84724,98.27552,National Highway (ทางหลวงแผ่นดิน),Department of Highways (DOH - กรมทางหลวง),Private Car,Speeding (ขับรถเร็วเกินกำหนด),Normal Period (ช่วงเวลาปกติ),Level 3: Critical Blackspot (Red Zone),Yes,1,0,1,2,5551174.94,54.8,89.1
THA-2022-100814,2022,11,8,1,2022-11-08,Central,Saraburi,14.68553,100.95346,Urban / City Road (ถนนในเมือง/ท้องถิ่น),Local Administration / BMA (อปท./กทม.),Private Car,Drunk driving (เมาแล้วขับ),Normal Period (ช่วงเวลาปกติ),Level 2: Moderate Risk (Surveillance Zone),No,0,1,2,3,1514464.95,51.7,73.3
THA-2023-100815,2024,7,17,22,2024-07-17,Northeast,Nakhon Ratchasima,14.8348,102.2082,National Highway (ทางหลวงแผ่นดิน),Department of Highways (DOH - กรมทางหลวง),Motorcycle,Cutting off abruptly (ตัดหน้ากระชั้นชิด),Normal Period (ช่วงเวลาปกติ),Level 2: Moderate Risk (Surveillance Zone),Yes,0,1,2,3,1156071.77,42.0,33.2
THA-2024-100816,2022,2,8,23,2022-02-08,Northeast,Khon Kaen,16.49147,102.93109,Urban / City Road (ถนนในเมือง/ท้องถิ่น),Local Administration / BMA (อปท./กทม.),Motorcycle,Cutting off abruptly (ตัดหน้ากระชั้นชิด),Normal Period (ช่วงเวลาปกติ),Level 2: Moderate Risk (Surveillance Zone),No,0,1,3,4,1215133.81,42.7,55.7
THA-2025-100817,2025,3,21,21,2025-03-21,North,Chiang Rai,19.86023,99.80289,Urban / City Road (ถนนในเมือง/ท้องถิ่น),Local Administration / BMA (อปท./กทม.),Motorcycle,Cutting off abruptly (ตัดหน้ากระชั้นชิด),Normal Period (ช่วงเวลาปกติ),Level 1: Low Risk (Baseline Zone),No,0,0,1,1,93854.33,26.2,18.7
THA-2026-100818,2025,4,27,13,2025-04-27,Bangkok & Vicinity,Bangkok,13.68316,100.69235,Expressway (ทางพิเศษ),EXAT (การทางพิเศษแห่งประเทศไทย),Motorcycle,Speeding (ขับรถเร็วเกินกำหนด),Normal Period (ช่วงเวลาปกติ),Level 3: Critical Blackspot (Red Zone),Yes,2,0,1,3,9417472.81,67.2,55.6
THA-2020-100819,2023,10,1,10,2023-10-01,North,Chiang Mai,18.74321,98.89933,Rural Road (ทางหลวงชนบท),Department of Rural Roads (DRR - กรมทางหลวงชนบท),Public Bus/Van,Speeding (ขับรถเร็วเกินกำหนด),Normal Period (ช่วงเวลาปกติ),Level 1: Low Risk (Baseline Zone),Yes,0,0,0,0,379961.81,32.4,35.8
THA-2021-100820,2022,6,20,22,2022-06-20,Central,Ayutthaya,14.29497,100.53914,Rural Road (ทางหลวงชนบท),Department of Rural Roads (DRR - กรมทางหลวงชนบท),Motorcycle,Drunk driving (เมาแล้วขับ),Normal Period (ช่วงเวลาปกติ),Level 1: Low Risk (Baseline Zone),Yes,0,0,0,0,61043.34,52.0,56.2
THA-2022-100821,2022,1,2,10,2022-01-02,Bangkok & Vicinity,Bangkok,13.89634,100.52672,National Highway (ทางหลวงแผ่นดิน),Department of Highways (DOH - กรมทางหลวง),Motorcycle,Drunk driving (เมาแล้วขับ),New Year Festival (เทศกาลปีใหม่),Level 1: Low Risk (Baseline Zone),Yes,0,0,0,0,38893.39,50.6,66.3
THA-2023-100822,2025,9,4,16,2025-09-04,North,Chiang Mai,18.89932,99.01098,Rural Road (ทางหลวงชนบท),Department of Rural Roads (DRR - กรมทางหลวงชนบท),Motorcycle,Drunk driving (เมาแล้วขับ),Normal Period (ช่วงเวลาปกติ),Level 1: Low Risk (Baseline Zone),Yes,0,0,0,0,88162.64,39.7,67.0
THA-2024-100823,2022,5,24,3,2022-05-24,North,Chiang Rai,19.89428,99.74677,National Highway (ทางหลวงแผ่นดิน),Department of Highways (DOH - กรมทางหลวง),Private Car,Drunk driving (เมาแล้วขับ),Normal Period (ช่วงเวลาปกติ),Level 1: Low Risk (Baseline Zone),No,0,0,1,1,259121.99,55.0,78.3
THA-2025-100824,2021,12,21,12,2021-12-21,Northeast,Nakhon Ratchasima,15.12336,102.18699,National Highway (ทางหลวงแผ่นดิน),Department of Highways (DOH - กรมทางหลวง),Private Car,Speeding (ขับรถเร็วเกินกำหนด),Normal Period (ช่วงเวลาปกติ),Level 3: Critical Blackspot (Red Zone),Yes,1,0,1,2,4561684.17,26.4,30.6
THA-2026-100825,2020,7,1,6,2020-07-01,South,Phuket,7.97778,98.47556,Urban / City Road (ถนนในเมือง/ท้องถิ่น),Local Administration / BMA (อปท./กทม.),Private Car,Speeding (ขับรถเร็วเกินกำหนด),Normal Period (ช่วงเวลาปกติ),Level 2: Moderate Risk (Surveillance Zone),Yes,0,1,1,2,1253130.21,50.8,35.4
THA-2020-100826,2023,9,7,15,2023-09-07,North,Chiang Mai,18.72439,99.00915,National Highway (ทางหลวงแผ่นดิน),Department of Highways (DOH - กรมทางหลวง),Commercial Truck,Fatigue / Falling asleep (หลับใน),Normal Period (ช่วงเวลาปกติ),Level 1: Low Risk (Baseline Zone),No,0,0,1,1,782682.63,61.9,35.4
THA-2021-100827,2023,9,1,0,2023-09-01,North,Chiang Mai,18.88612,99.07029,Urban / City Road (ถนนในเมือง/ท้องถิ่น),Local Administration / BMA (อปท./กทม.),Motorcycle,Cutting off abruptly (ตัดหน้ากระชั้นชิด),Normal Period (ช่วงเวลาปกติ),Level 2: Moderate Risk (Surveillance Zone),Yes,0,2,1,3,1895387.21,30.9,52.6
THA-2022-100828,2025,1,9,12,2025-01-09,Central,Chonburi,13.37519,101.16245,Urban / City Road (ถนนในเมือง/ท้องถิ่น),Local Administration / BMA (อปท./กทม.),Motorcycle,Speeding (ขับรถเร็วเกินกำหนด),Normal Period (ช่วงเวลาปกติ),Level 1: Low Risk (Baseline Zone),Yes,0,0,1,1,127202.35,65.7,42.7
THA-2023-100829,2021,1,3,0,2021-01-03,North,Phitsanulok,16.86907,100.38488,Rural Road (ทางหลวงชนบท),Department of Rural Roads (DRR - กรมทางหลวงชนบท),Motorcycle,Speeding (ขับรถเร็วเกินกำหนด),New Year Festival (เทศกาลปีใหม่),Level 1: Low Risk (Baseline Zone),Yes,0,0,1,1,104149.88,47.6,80.6
THA-2024-100830,2022,3,12,10,2022-03-12,Bangkok & Vicinity,Nonthaburi,13.88011,100.47995,Rural Road (ทางหลวงชนบท),Department of Rural Roads (DRR - กรมทางหลวงชนบท),Private Car,Speeding (ขับรถเร็วเกินกำหนด),Normal Period (ช่วงเวลาปกติ),Level 2: Moderate Risk (Surveillance Zone),Yes,0,1,1,2,1122596.16,11.5,61.1
THA-2025-100831,2025,6,19,5,2025-06-19,North,Phitsanulok,16.90833,100.33192,National Highway (ทางหลวงแผ่นดิน),Department of Highways (DOH - กรมทางหลวง),Private Car,Speeding (ขับรถเร็วเกินกำหนด),Normal Period (ช่วงเวลาปกติ),Level 2: Moderate Risk (Surveillance Zone),Yes,0,2,1,3,1797743.31,28.9,55.1
THA-2026-100832,2025,2,15,19,2025-02-15,Bangkok & Vicinity,Bangkok,13.78748,100.42565,Expressway (ทางพิเศษ),EXAT (การทางพิเศษแห่งประเทศไทย),Motorcycle,Fatigue / Falling asleep (หลับใน),Normal Period (ช่วงเวลาปกติ),Level 1: Low Risk (Baseline Zone),No,0,0,1,1,114373.09,45.7,19.6
THA-2020-100833,2022,10,22,2,2022-10-22,Bangkok & Vicinity,Bangkok,13.84729,100.43039,National Highway (ทางหลวงแผ่นดิน),Department of Highways (DOH - กรมทางหลวง),Private Car,Road defect / Slippery surface (ถนนชำรุด/ลื่น),Normal Period (ช่วงเวลาปกติ),Level 2: Moderate Risk (Surveillance Zone),No,0,1,1,2,942918.71,57.9,25.6
THA-2021-100834,2023,12,16,11,2023-12-16,Northeast,Nakhon Ratchasima,15.04986,101.99907,Rural Road (ทางหลวงชนบท),Department of Rural Roads (DRR - กรมทางหลวงชนบท),Private Car,Road defect / Slippery surface (ถนนชำรุด/ลื่น),Normal Period (ช่วงเวลาปกติ),Level 1: Low Risk (Baseline Zone),Yes,0,0,1,1,161483.21,48.9,63.4
THA-2022-100835,2022,11,10,4,2022-11-10,North,Chiang Rai,19.83427,99.86689,Rural Road (ทางหลวงชนบท),Department of Rural Roads (DRR - กรมทางหลวงชนบท),Commercial Truck,Road defect / Slippery surface (ถนนชำรุด/ลื่น),Normal Period (ช่วงเวลาปกติ),Level 1: Low Risk (Baseline Zone),Yes,0,0,0,0,777284.02,22.6,44.7
THA-2023-100836,2026,1,22,8,2026-01-22,South,Phuket,7.93251,98.4118,Expressway (ทางพิเศษ),EXAT (การทางพิเศษแห่งประเทศไทย),Private Car,Road defect / Slippery surface (ถนนชำรุด/ลื่น),Normal Period (ช่วงเวลาปกติ),Level 1: Low Risk (Baseline Zone),Yes,0,0,1,1,407833.49,41.9,40.2
THA-2024-100837,2020,1,27,11,2020-01-27,North,Chiang Mai,18.74086,99.08549,Urban / City Road (ถนนในเมือง/ท้องถิ่น),Local Administration / BMA (อปท./กทม.),Private Car,Cutting off abruptly (ตัดหน้ากระชั้นชิด),Normal Period (ช่วงเวลาปกติ),Level 2: Moderate Risk (Surveillance Zone),Yes,0,2,2,4,1366128.09,54.7,19.9
THA-2025-100838,2026,5,27,9,2026-05-27,Northeast,Khon Kaen,16.44469,102.841,Rural Road (ทางหลวงชนบท),Department of Rural Roads (DRR - กรมทางหลวงชนบท),Motorcycle,Speeding (ขับรถเร็วเกินกำหนด),Normal Period (ช่วงเวลาปกติ),Level 1: Low Risk (Baseline Zone),No,0,0,1,1,118748.47,34.3,76.1
THA-2026-100839,2024,4,6,18,2024-04-06,Northeast,Khon Kaen,16.41802,102.75856,National Highway (ทางหลวงแผ่นดิน),Department of Highways (DOH - กรมทางหลวง),Private Car,Fatigue / Falling asleep (หลับใน),Normal Period (ช่วงเวลาปกติ),Level 1: Low Risk (Baseline Zone),Yes,0,0,1,1,502245.69,49.1,43.0
THA-2020-100840,2023,1,17,4,2023-01-17,Bangkok & Vicinity,Bangkok,13.8577,100.44396,National Highway (ทางหลวงแผ่นดิน),Department of Highways (DOH - กรมทางหลวง),Commercial Truck,Speeding (ขับรถเร็วเกินกำหนด),Normal Period (ช่วงเวลาปกติ),Level 1: Low Risk (Baseline Zone),Yes,0,0,1,1,1059452.11,32.9,75.8
THA-2021-100841,2020,4,21,4,2020-04-21,Northeast,Ubon Ratchathani,15.39757,104.77305,National Highway (ทางหลวงแผ่นดิน),Department of Highways (DOH - กรมทางหลวง),Motorcycle,Speeding (ขับรถเร็วเกินกำหนด),Normal Period (ช่วงเวลาปกติ),Level 1: Low Risk (Baseline Zone),Yes,0,0,1,1,136150.92,54.0,60.9
THA-2022-100842,2023,3,28,8,2023-03-28,Bangkok & Vicinity,Bangkok,13.78536,100.50806,Urban / City Road (ถนนในเมือง/ท้องถิ่น),Local Administration / BMA (อปท./กทม.),Private Car,Speeding (ขับรถเร็วเกินกำหนด),Normal Period (ช่วงเวลาปกติ),Level 2: Moderate Risk (Surveillance Zone),No,0,1,3,4,988519.76,18.2,59.6
THA-2023-100843,2023,2,22,19,2023-02-22,South,Surat Thani,9.12806,99.38287,Urban / City Road (ถนนในเมือง/ท้องถิ่น),Local Administration / BMA (อปท./กทม.),Private Car,Cutting off abruptly (ตัดหน้ากระชั้นชิด),Normal Period (ช่วงเวลาปกติ),Level 1: Low Risk (Baseline Zone),Yes,0,0,1,1,259680.78,40.6,49.9
THA-2024-100844,2021,9,24,16,2021-09-24,Bangkok & Vicinity,Bangkok,13.82738,100.55004,Urban / City Road (ถนนในเมือง/ท้องถิ่น),Local Administration / BMA (อปท./กทม.),Motorcycle,Speeding (ขับรถเร็วเกินกำหนด),Normal Period (ช่วงเวลาปกติ),Level 3: Critical Blackspot (Red Zone),No,1,0,0,1,4419411.63,24.0,53.7
THA-2025-100845,2024,11,17,9,2024-11-17,North,Chiang Rai,19.81475,99.73518,Rural Road (ทางหลวงชนบท),Department of Rural Roads (DRR - กรมทางหลวงชนบท),Private Car,Speeding (ขับรถเร็วเกินกำหนด),Normal Period (ช่วงเวลาปกติ),Level 1: Low Risk (Baseline Zone),Yes,0,0,1,1,172195.52,58.2,85.5
THA-2026-100846,2026,1,21,20,2026-01-21,Bangkok & Vicinity,Bangkok,13.64547,100.47983,Rural Road (ทางหลวงชนบท),Department of Rural Roads (DRR - กรมทางหลวงชนบท),Motorcycle,Cutting off abruptly (ตัดหน้ากระชั้นชิด),Normal Period (ช่วงเวลาปกติ),Level 3: Critical Blackspot (Red Zone),Yes,2,1,1,4,8458415.4,32.6,14.5
THA-2020-100847,2024,7,19,0,2024-07-19,South,Songkhla,7.36598,100.60987,National Highway (ทางหลวงแผ่นดิน),Department of Highways (DOH - กรมทางหลวง),Public Bus/Van,Road defect / Slippery surface (ถนนชำรุด/ลื่น),Normal Period (ช่วงเวลาปกติ),Level 2: Moderate Risk (Surveillance Zone),Yes,0,2,2,4,3002391.22,55.3,30.8
THA-2021-100848,2024,4,18,21,2024-04-18,Northeast,Nakhon Ratchasima,15.16898,102.09479,National Highway (ทางหลวงแผ่นดิน),Department of Highways (DOH - กรมทางหลวง),Commercial Truck,Cutting off abruptly (ตัดหน้ากระชั้นชิด),Normal Period (ช่วงเวลาปกติ),Level 1: Low Risk (Baseline Zone),Yes,0,0,1,1,1005465.2,48.0,51.8
THA-2022-100849,2020,5,11,15,2020-05-11,Northeast,Khon Kaen,16.4466,102.87722,National Highway (ทางหลวงแผ่นดิน),Department of Highways (DOH - กรมทางหลวง),Motorcycle,Road defect / Slippery surface (ถนนชำรุด/ลื่น),Normal Period (ช่วงเวลาปกติ),Level 3: Critical Blackspot (Red Zone),Yes,1,0,0,1,4078127.23,34.3,32.3
THA-2023-100850,2023,10,24,14,2023-10-24,Bangkok & Vicinity,Bangkok,13.73011,100.52226,Urban / City Road (ถนนในเมือง/ท้องถิ่น),Local Administration / BMA (อปท./กทม.),Motorcycle,Speeding (ขับรถเร็วเกินกำหนด),Normal Period (ช่วงเวลาปกติ),Level 3: Critical Blackspot (Red Zone),Yes,2,1,0,3,10585319.48,13.0,26.7
THA-2024-100851,2020,5,7,22,2020-05-07,Central,Chonburi,13.20784,100.90468,National Highway (ทางหลวงแผ่นดิน),Department of Highways (DOH - กรมทางหลวง),Private Car,Speeding (ขับรถเร็วเกินกำหนด),Normal Period (ช่วงเวลาปกติ),Level 2: Moderate Risk (Surveillance Zone),Yes,0,1,1,2,1183632.26,40.6,81.1
THA-2025-100852,2024,1,10,16,2024-01-10,Bangkok & Vicinity,Bangkok,13.60494,100.56707,Rural Road (ทางหลวงชนบท),Department of Rural Roads (DRR - กรมทางหลวงชนบท),Motorcycle,Cutting off abruptly (ตัดหน้ากระชั้นชิด),Normal Period (ช่วงเวลาปกติ),Level 1: Low Risk (Baseline Zone),Yes,0,0,0,0,51845.54,22.4,40.7
THA-2026-100853,2026,6,7,19,2026-06-07,South,Phuket,7.7577,98.51935,Rural Road (ทางหลวงชนบท),Department of Rural Roads (DRR - กรมทางหลวงชนบท),Motorcycle,Cutting off abruptly (ตัดหน้ากระชั้นชิด),Normal Period (ช่วงเวลาปกติ),Level 2: Moderate Risk (Surveillance Zone),No,0,1,1,2,651422.3,26.8,66.7
THA-2020-100854,2024,9,5,12,2024-09-05,Bangkok & Vicinity,Bangkok,13.78834,100.58815,National Highway (ทางหลวงแผ่นดิน),Department of Highways (DOH - กรมทางหลวง),Motorcycle,Drunk driving (เมาแล้วขับ),Normal Period (ช่วงเวลาปกติ),Level 3: Critical Blackspot (Red Zone),Yes,2,1,0,3,9093017.79,51.6,75.9
THA-2021-100855,2020,2,12,0,2020-02-12,Bangkok & Vicinity,Bangkok,13.6981,100.40069,National Highway (ทางหลวงแผ่นดิน),Department of Highways (DOH - กรมทางหลวง),Motorcycle,Fatigue / Falling asleep (หลับใน),Normal Period (ช่วงเวลาปกติ),Level 1: Low Risk (Baseline Zone),No,0,0,0,0,42206.19,53.0,31.2
THA-2022-100856,2022,7,16,7,2022-07-16,Bangkok & Vicinity,Bangkok,13.725,100.59758,National Highway (ทางหลวงแผ่นดิน),Department of Highways (DOH - กรมทางหลวง),Motorcycle,Drunk driving (เมาแล้วขับ),Normal Period (ช่วงเวลาปกติ),Level 1: Low Risk (Baseline Zone),No,0,0,1,1,153736.94,55.2,38.3
THA-2023-100857,2023,6,25,4,2023-06-25,Northeast,Nakhon Ratchasima,15.17025,102.14355,National Highway (ทางหลวงแผ่นดิน),Department of Highways (DOH - กรมทางหลวง),Commercial Truck,Road defect / Slippery surface (ถนนชำรุด/ลื่น),Normal Period (ช่วงเวลาปกติ),Level 3: Critical Blackspot (Red Zone),Yes,1,2,0,3,6135738.76,66.0,52.3
THA-2024-100858,2023,5,21,5,2023-05-21,Northeast,Nakhon Ratchasima,14.86149,102.01033,Rural Road (ทางหลวงชนบท),Department of Rural Roads (DRR - กรมทางหลวงชนบท),Commercial Truck,Cutting off abruptly (ตัดหน้ากระชั้นชิด),Normal Period (ช่วงเวลาปกติ),Level 1: Low Risk (Baseline Zone),Yes,0,0,0,0,789627.45,39.7,33.3
THA-2025-100859,2025,4,18,22,2025-04-18,Bangkok & Vicinity,Bangkok,13.62235,100.49017,National Highway (ทางหลวงแผ่นดิน),Department of Highways (DOH - กรมทางหลวง),Private Car,Speeding (ขับรถเร็วเกินกำหนด),Normal Period (ช่วงเวลาปกติ),Level 2: Moderate Risk (Surveillance Zone),Yes,0,1,2,3,905683.33,52.9,53.7
THA-2026-100860,2025,4,3,19,2025-04-03,Central,Chonburi,13.33615,100.97241,Urban / City Road (ถนนในเมือง/ท้องถิ่น),Local Administration / BMA (อปท./กทม.),Commercial Truck,Cutting off abruptly (ตัดหน้ากระชั้นชิด),Normal Period (ช่วงเวลาปกติ),Level 2: Moderate Risk (Surveillance Zone),Yes,0,1,3,4,2226304.19,46.8,55.5
THA-2020-100861,2024,6,20,13,2024-06-20,North,Phitsanulok,16.72449,100.16028,Urban / City Road (ถนนในเมือง/ท้องถิ่น),Local Administration / BMA (อปท./กทม.),Motorcycle,Speeding (ขับรถเร็วเกินกำหนด),Normal Period (ช่วงเวลาปกติ),Level 3: Critical Blackspot (Red Zone),No,1,0,1,2,5094924.96,39.2,89.5
THA-2021-100862,2022,4,15,21,2022-04-15,Northeast,Nakhon Ratchasima,14.98837,102.1414,National Highway (ทางหลวงแผ่นดิน),Department of Highways (DOH - กรมทางหลวง),Motorcycle,Speeding (ขับรถเร็วเกินกำหนด),Songkran Festival (เทศกาลสงกรานต์),Level 3: Critical Blackspot (Red Zone),Yes,1,2,0,3,5410429.89,24.3,96.6
THA-2022-100863,2022,5,5,22,2022-05-05,North,Phitsanulok,16.71446,100.30853,Rural Road (ทางหลวงชนบท),Department of Rural Roads (DRR - กรมทางหลวงชนบท),Motorcycle,Speeding (ขับรถเร็วเกินกำหนด),Normal Period (ช่วงเวลาปกติ),Level 1: Low Risk (Baseline Zone),Yes,0,0,1,1,74120.39,59.8,63.8
THA-2023-100864,2020,6,13,10,2020-06-13,North,Chiang Rai,19.99571,99.63083,Rural Road (ทางหลวงชนบท),Department of Rural Roads (DRR - กรมทางหลวงชนบท),Private Car,Cutting off abruptly (ตัดหน้ากระชั้นชิด),Normal Period (ช่วงเวลาปกติ),Level 1: Low Risk (Baseline Zone),Yes,0,0,0,0,129119.84,50.1,27.5
THA-2024-100865,2022,5,19,5,2022-05-19,Northeast,Nakhon Ratchasima,15.12171,102.161,Urban / City Road (ถนนในเมือง/ท้องถิ่น),Local Administration / BMA (อปท./กทม.),Public Bus/Van,Speeding (ขับรถเร็วเกินกำหนด),Normal Period (ช่วงเวลาปกติ),Level 3: Critical Blackspot (Red Zone),Yes,2,1,0,3,8642582.94,15.2,96.9
THA-2025-100866,2023,7,12,10,2023-07-12,Bangkok & Vicinity,Bangkok,13.84235,100.40992,National Highway (ทางหลวงแผ่นดิน),Department of Highways (DOH - กรมทางหลวง),Private Car,Speeding (ขับรถเร็วเกินกำหนด),Normal Period (ช่วงเวลาปกติ),Level 3: Critical Blackspot (Red Zone),Yes,1,2,0,3,7249589.07,47.4,98.0
THA-2026-100867,2024,9,23,12,2024-09-23,Bangkok & Vicinity,Bangkok,13.82714,100.58299,National Highway (ทางหลวงแผ่นดิน),Department of Highways (DOH - กรมทางหลวง),Commercial Truck,Drunk driving (เมาแล้วขับ),Normal Period (ช่วงเวลาปกติ),Level 2: Moderate Risk (Surveillance Zone),Yes,0,1,1,2,1683608.65,51.9,80.0
THA-2020-100868,2024,10,21,11,2024-10-21,Central,Saraburi,14.47026,100.98099,National Highway (ทางหลวงแผ่นดิน),Department of Highways (DOH - กรมทางหลวง),Private Car,Drunk driving (เมาแล้วขับ),Normal Period (ช่วงเวลาปกติ),Level 1: Low Risk (Baseline Zone),No,0,0,0,0,384361.31,85.3,37.2
THA-2021-100869,2020,7,5,21,2020-07-05,South,Surat Thani,9.12577,99.26592,National Highway (ทางหลวงแผ่นดิน),Department of Highways (DOH - กรมทางหลวง),Motorcycle,Drunk driving (เมาแล้วขับ),Normal Period (ช่วงเวลาปกติ),Level 3: Critical Blackspot (Red Zone),No,1,0,0,1,5724901.65,64.4,57.7
THA-2022-100870,2022,7,6,1,2022-07-06,North,Chiang Mai,18.77062,99.00044,Urban / City Road (ถนนในเมือง/ท้องถิ่น),Local Administration / BMA (อปท./กทม.),Motorcycle,Drunk driving (เมาแล้วขับ),Normal Period (ช่วงเวลาปกติ),Level 2: Moderate Risk (Surveillance Zone),No,0,1,1,2,857985.25,39.5,50.7
THA-2023-100871,2021,4,7,20,2021-04-07,Bangkok & Vicinity,Nonthaburi,13.83487,100.44214,Urban / City Road (ถนนในเมือง/ท้องถิ่น),Local Administration / BMA (อปท./กทม.),Motorcycle,Speeding (ขับรถเร็วเกินกำหนด),Normal Period (ช่วงเวลาปกติ),Level 2: Moderate Risk (Surveillance Zone),Yes,0,2,3,5,2020478.9,48.7,65.2
THA-2024-100872,2021,1,26,2,2021-01-26,Northeast,Khon Kaen,16.46757,102.87398,Expressway (ทางพิเศษ),EXAT (การทางพิเศษแห่งประเทศไทย),Motorcycle,Speeding (ขับรถเร็วเกินกำหนด),Normal Period (ช่วงเวลาปกติ),Level 3: Critical Blackspot (Red Zone),No,1,1,1,3,6724060.83,10.0,51.5
THA-2025-100873,2025,8,10,22,2025-08-10,North,Chiang Rai,19.92364,99.69502,National Highway (ทางหลวงแผ่นดิน),Department of Highways (DOH - กรมทางหลวง),Private Car,Speeding (ขับรถเร็วเกินกำหนด),Normal Period (ช่วงเวลาปกติ),Level 2: Moderate Risk (Surveillance Zone),Yes,0,1,3,4,834979.72,40.8,61.3
THA-2026-100874,2020,4,16,3,2020-04-16,Bangkok & Vicinity,Bangkok,13.70369,100.42583,National Highway (ทางหลวงแผ่นดิน),Department of Highways (DOH - กรมทางหลวง),Motorcycle,Fatigue / Falling asleep (หลับใน),Songkran Festival (เทศกาลสงกรานต์),Level 1: Low Risk (Baseline Zone),No,0,0,0,0,55839.18,68.2,18.3
THA-2020-100875,2023,1,8,16,2023-01-08,Bangkok & Vicinity,Bangkok,13.9121,100.51241,Rural Road (ทางหลวงชนบท),Department of Rural Roads (DRR - กรมทางหลวงชนบท),Private Car,Drunk driving (เมาแล้วขับ),Normal Period (ช่วงเวลาปกติ),Level 2: Moderate Risk (Surveillance Zone),Yes,0,2,1,3,2469694.8,60.9,40.2
THA-2021-100876,2021,5,9,21,2021-05-09,Central,Chonburi,13.33588,100.93442,National Highway (ทางหลวงแผ่นดิน),Department of Highways (DOH - กรมทางหลวง),Private Car,Speeding (ขับรถเร็วเกินกำหนด),Normal Period (ช่วงเวลาปกติ),Level 1: Low Risk (Baseline Zone),No,0,0,0,0,212422.86,20.8,53.4
THA-2022-100877,2026,8,27,5,2026-08-27,Northeast,Ubon Ratchathani,15.23356,104.91494,National Highway (ทางหลวงแผ่นดิน),Department of Highways (DOH - กรมทางหลวง),Motorcycle,Speeding (ขับรถเร็วเกินกำหนด),Normal Period (ช่วงเวลาปกติ),Level 1: Low Risk (Baseline Zone),No,0,0,1,1,139503.2,48.4,70.1
THA-2023-100878,2023,4,4,6,2023-04-04,Bangkok & Vicinity,Bangkok,13.59161,100.52251,Rural Road (ทางหลวงชนบท),Department of Rural Roads (DRR - กรมทางหลวงชนบท),Motorcycle,Running red light / Signal violation (ฝ่าฝืนสัญญาณไฟ),Normal Period (ช่วงเวลาปกติ),Level 1: Low Risk (Baseline Zone),No,0,0,1,1,152693.68,38.2,27.9
THA-2024-100879,2021,12,21,14,2021-12-21,Bangkok & Vicinity,Nonthaburi,13.81669,100.55216,National Highway (ทางหลวงแผ่นดิน),Department of Highways (DOH - กรมทางหลวง),Motorcycle,Cutting off abruptly (ตัดหน้ากระชั้นชิด),Normal Period (ช่วงเวลาปกติ),Level 1: Low Risk (Baseline Zone),Yes,0,0,1,1,100733.44,41.6,66.5
THA-2025-100880,2023,8,21,10,2023-08-21,Bangkok & Vicinity,Nonthaburi,13.93402,100.4508,Rural Road (ทางหลวงชนบท),Department of Rural Roads (DRR - กรมทางหลวงชนบท),Motorcycle,Fatigue / Falling asleep (หลับใน),Normal Period (ช่วงเวลาปกติ),Level 2: Moderate Risk (Surveillance Zone),No,0,1,1,2,735322.23,27.7,37.0
THA-2026-100881,2025,8,8,23,2025-08-08,Northeast,Ubon Ratchathani,15.12157,104.8199,National Highway (ทางหลวงแผ่นดิน),Department of Highways (DOH - กรมทางหลวง),Commercial Truck,Speeding (ขับรถเร็วเกินกำหนด),Normal Period (ช่วงเวลาปกติ),Level 3: Critical Blackspot (Red Zone),Yes,1,2,0,3,7690829.23,52.0,56.0
THA-2020-100882,2026,3,25,2,2026-03-25,Bangkok & Vicinity,Bangkok,13.87214,100.57701,Rural Road (ทางหลวงชนบท),Department of Rural Roads (DRR - กรมทางหลวงชนบท),Motorcycle,Speeding (ขับรถเร็วเกินกำหนด),Normal Period (ช่วงเวลาปกติ),Level 3: Critical Blackspot (Red Zone),Yes,1,0,0,1,5353581.98,42.3,74.9
THA-2021-100883,2021,9,7,5,2021-09-07,Bangkok & Vicinity,Bangkok,13.72231,100.44466,Urban / City Road (ถนนในเมือง/ท้องถิ่น),Local Administration / BMA (อปท./กทม.),Private Car,Fatigue / Falling asleep (หลับใน),Normal Period (ช่วงเวลาปกติ),Level 1: Low Risk (Baseline Zone),Yes,0,0,1,1,219038.44,46.0,38.7
THA-2022-100884,2026,3,15,1,2026-03-15,Central,Chonburi,13.31076,100.86791,National Highway (ทางหลวงแผ่นดิน),Department of Highways (DOH - กรมทางหลวง),Commercial Truck,Drunk driving (เมาแล้วขับ),Normal Period (ช่วงเวลาปกติ),Level 1: Low Risk (Baseline Zone),Yes,0,0,0,0,1031643.41,46.0,77.9
THA-2023-100885,2026,1,21,13,2026-01-21,Bangkok & Vicinity,Bangkok,13.82693,100.58887,Expressway (ทางพิเศษ),EXAT (การทางพิเศษแห่งประเทศไทย),Commercial Truck,Drunk driving (เมาแล้วขับ),Normal Period (ช่วงเวลาปกติ),Level 2: Moderate Risk (Surveillance Zone),No,0,1,1,2,2307014.04,17.6,83.5
THA-2024-100886,2026,2,3,8,2026-02-03,Northeast,Ubon Ratchathani,15.20996,104.80224,Rural Road (ทางหลวงชนบท),Department of Rural Roads (DRR - กรมทางหลวงชนบท),Commercial Truck,Cutting off abruptly (ตัดหน้ากระชั้นชิด),Normal Period (ช่วงเวลาปกติ),Level 2: Moderate Risk (Surveillance Zone),Yes,0,1,2,3,1310291.12,47.7,45.4
THA-2025-100887,2024,6,17,17,2024-06-17,Bangkok & Vicinity,Nonthaburi,13.79926,100.47287,Expressway (ทางพิเศษ),EXAT (การทางพิเศษแห่งประเทศไทย),Motorcycle,Cutting off abruptly (ตัดหน้ากระชั้นชิด),Normal Period (ช่วงเวลาปกติ),Level 1: Low Risk (Baseline Zone),Yes,0,0,1,1,128630.87,58.7,23.8
THA-2026-100888,2024,12,11,18,2024-12-11,Bangkok & Vicinity,Bangkok,13.69013,100.48783,National Highway (ทางหลวงแผ่นดิน),Department of Highways (DOH - กรมทางหลวง),Motorcycle,Drunk driving (เมาแล้วขับ),Normal Period (ช่วงเวลาปกติ),Level 3: Critical Blackspot (Red Zone),Yes,1,0,1,2,6105178.98,72.7,79.5
THA-2020-100889,2023,10,9,11,2023-10-09,Bangkok & Vicinity,Nonthaburi,13.93288,100.5749,Rural Road (ทางหลวงชนบท),Department of Rural Roads (DRR - กรมทางหลวงชนบท),Motorcycle,Speeding (ขับรถเร็วเกินกำหนด),Normal Period (ช่วงเวลาปกติ),Level 3: Critical Blackspot (Red Zone),No,1,0,1,2,4848086.52,46.0,87.8
THA-2021-100890,2025,2,5,12,2025-02-05,Central,Chonburi,13.28562,100.99836,National Highway (ทางหลวงแผ่นดิน),Department of Highways (DOH - กรมทางหลวง),Motorcycle,Speeding (ขับรถเร็วเกินกำหนด),Normal Period (ช่วงเวลาปกติ),Level 2: Moderate Risk (Surveillance Zone),Yes,0,1,1,2,577220.33,57.5,50.1
THA-2022-100891,2023,6,25,11,2023-06-25,Central,Saraburi,14.58705,100.82622,Urban / City Road (ถนนในเมือง/ท้องถิ่น),Local Administration / BMA (อปท./กทม.),Commercial Truck,Road defect / Slippery surface (ถนนชำรุด/ลื่น),Normal Period (ช่วงเวลาปกติ),Level 1: Low Risk (Baseline Zone),Yes,0,0,1,1,1107731.94,62.4,13.5
THA-2023-100892,2024,1,10,11,2024-01-10,Central,Ayutthaya,14.36593,100.67763,Rural Road (ทางหลวงชนบท),Department of Rural Roads (DRR - กรมทางหลวงชนบท),Private Car,Speeding (ขับรถเร็วเกินกำหนด),Normal Period (ช่วงเวลาปกติ),Level 1: Low Risk (Baseline Zone),Yes,0,0,1,1,392501.04,11.5,52.8
THA-2024-100893,2023,11,15,17,2023-11-15,North,Chiang Rai,19.88846,99.65899,Rural Road (ทางหลวงชนบท),Department of Rural Roads (DRR - กรมทางหลวงชนบท),Motorcycle,Cutting off abruptly (ตัดหน้ากระชั้นชิด),Normal Period (ช่วงเวลาปกติ),Level 1: Low Risk (Baseline Zone),No,0,0,1,1,131673.22,74.7,32.0
THA-2025-100894,2025,1,28,8,2025-01-28,Northeast,Ubon Ratchathani,15.01825,104.87527,Urban / City Road (ถนนในเมือง/ท้องถิ่น),Local Administration / BMA (อปท./กทม.),Motorcycle,Drunk driving (เมาแล้วขับ),Normal Period (ช่วงเวลาปกติ),Level 1: Low Risk (Baseline Zone),No,0,0,1,1,102060.36,51.6,57.5
THA-2026-100895,2025,5,14,16,2025-05-14,Bangkok & Vicinity,Bangkok,13.76589,100.5187,National Highway (ทางหลวงแผ่นดิน),Department of Highways (DOH - กรมทางหลวง),Motorcycle,Running red light / Signal violation (ฝ่าฝืนสัญญาณไฟ),Normal Period (ช่วงเวลาปกติ),Level 1: Low Risk (Baseline Zone),Yes,0,0,1,1,115954.68,70.9,33.8
THA-2020-100896,2021,10,4,20,2021-10-04,North,Chiang Mai,18.83234,98.85215,National Highway (ทางหลวงแผ่นดิน),Department of Highways (DOH - กรมทางหลวง),Private Car,Cutting off abruptly (ตัดหน้ากระชั้นชิด),Normal Period (ช่วงเวลาปกติ),Level 3: Critical Blackspot (Red Zone),Yes,1,0,1,2,3979318.66,57.9,81.3
THA-2021-100897,2025,11,21,15,2025-11-21,South,Phuket,7.80779,98.43038,Rural Road (ทางหลวงชนบท),Department of Rural Roads (DRR - กรมทางหลวงชนบท),Private Car,Cutting off abruptly (ตัดหน้ากระชั้นชิด),Normal Period (ช่วงเวลาปกติ),Level 2: Moderate Risk (Surveillance Zone),Yes,0,1,2,3,1590273.41,10.0,36.9
THA-2022-100898,2023,9,20,16,2023-09-20,Bangkok & Vicinity,Bangkok,13.82253,100.47868,Rural Road (ทางหลวงชนบท),Department of Rural Roads (DRR - กรมทางหลวงชนบท),Commercial Truck,Fatigue / Falling asleep (หลับใน),Normal Period (ช่วงเวลาปกติ),Level 2: Moderate Risk (Surveillance Zone),Yes,0,1,3,4,2188481.13,45.2,34.2
THA-2023-100899,2025,8,2,20,2025-08-02,Bangkok & Vicinity,Bangkok,13.6274,100.5324,National Highway (ทางหลวงแผ่นดิน),Department of Highways (DOH - กรมทางหลวง),Public Bus/Van,Fatigue / Falling asleep (หลับใน),Normal Period (ช่วงเวลาปกติ),Level 3: Critical Blackspot (Red Zone),Yes,1,0,1,2,7102254.49,72.7,26.3
THA-2024-100900,2023,3,12,23,2023-03-12,Bangkok & Vicinity,Bangkok,13.7609,100.40656,Rural Road (ทางหลวงชนบท),Department of Rural Roads (DRR - กรมทางหลวงชนบท),Motorcycle,Drunk driving (เมาแล้วขับ),Normal Period (ช่วงเวลาปกติ),Level 2: Moderate Risk (Surveillance Zone),Yes,0,1,3,4,739935.28,24.7,57.7
THA-2025-100901,2022,3,1,7,2022-03-01,Bangkok & Vicinity,Bangkok,13.57777,100.55321,Expressway (ทางพิเศษ),EXAT (การทางพิเศษแห่งประเทศไทย),Motorcycle,Cutting off abruptly (ตัดหน้ากระชั้นชิด),Normal Period (ช่วงเวลาปกติ),Level 2: Moderate Risk (Surveillance Zone),Yes,0,1,1,2,799805.25,57.1,40.1
THA-2026-100902,2026,1,24,10,2026-01-24,Bangkok & Vicinity,Bangkok,13.70073,100.5186,Urban / City Road (ถนนในเมือง/ท้องถิ่น),Local Administration / BMA (อปท./กทม.),Motorcycle,Speeding (ขับรถเร็วเกินกำหนด),Normal Period (ช่วงเวลาปกติ),Level 2: Moderate Risk (Surveillance Zone),Yes,0,1,1,2,912910.51,40.5,81.0
THA-2020-100903,2022,3,20,23,2022-03-20,Northeast,Khon Kaen,16.44566,102.72038,National Highway (ทางหลวงแผ่นดิน),Department of Highways (DOH - กรมทางหลวง),Motorcycle,Drunk driving (เมาแล้วขับ),Normal Period (ช่วงเวลาปกติ),Level 3: Critical Blackspot (Red Zone),No,2,0,0,2,7344584.45,18.2,70.8
THA-2021-100904,2025,12,5,1,2025-12-05,North,Chiang Rai,19.94811,99.76322,National Highway (ทางหลวงแผ่นดิน),Department of Highways (DOH - กรมทางหลวง),Commercial Truck,Road defect / Slippery surface (ถนนชำรุด/ลื่น),Normal Period (ช่วงเวลาปกติ),Level 1: Low Risk (Baseline Zone),Yes,0,0,1,1,762884.74,61.0,49.5
THA-2022-100905,2023,12,6,7,2023-12-06,South,Phuket,7.74582,98.24619,Expressway (ทางพิเศษ),EXAT (การทางพิเศษแห่งประเทศไทย),Private Car,Road defect / Slippery surface (ถนนชำรุด/ลื่น),Normal Period (ช่วงเวลาปกติ),Level 1: Low Risk (Baseline Zone),Yes,0,0,0,0,311149.71,27.7,21.9
THA-2023-100906,2023,12,24,11,2023-12-24,Central,Ayutthaya,14.35291,100.71187,Urban / City Road (ถนนในเมือง/ท้องถิ่น),Local Administration / BMA (อปท./กทม.),Private Car,Speeding (ขับรถเร็วเกินกำหนด),Normal Period (ช่วงเวลาปกติ),Level 2: Moderate Risk (Surveillance Zone),Yes,0,1,1,2,1166611.22,28.7,66.9
THA-2024-100907,2022,11,11,20,2022-11-11,North,Chiang Mai,18.79199,99.14578,Urban / City Road (ถนนในเมือง/ท้องถิ่น),Local Administration / BMA (อปท./กทม.),Motorcycle,Cutting off abruptly (ตัดหน้ากระชั้นชิด),Normal Period (ช่วงเวลาปกติ),Level 2: Moderate Risk (Surveillance Zone),Yes,0,1,1,2,840388.94,51.2,36.2
THA-2025-100908,2024,1,8,0,2024-01-08,Bangkok & Vicinity,Nonthaburi,13.99249,100.55987,National Highway (ทางหลวงแผ่นดิน),Department of Highways (DOH - กรมทางหลวง),Motorcycle,Cutting off abruptly (ตัดหน้ากระชั้นชิด),Normal Period (ช่วงเวลาปกติ),Level 2: Moderate Risk (Surveillance Zone),No,0,1,1,2,1209290.31,45.2,40.5
THA-2026-100909,2022,8,7,22,2022-08-07,North,Chiang Mai,18.93,99.11682,Urban / City Road (ถนนในเมือง/ท้องถิ่น),Local Administration / BMA (อปท./กทม.),Motorcycle,Running red light / Signal violation (ฝ่าฝืนสัญญาณไฟ),Normal Period (ช่วงเวลาปกติ),Level 1: Low Risk (Baseline Zone),Yes,0,0,1,1,73744.02,35.9,37.5
THA-2020-100910,2020,1,4,12,2020-01-04,Northeast,Khon Kaen,16.53828,102.65401,Rural Road (ทางหลวงชนบท),Department of Rural Roads (DRR - กรมทางหลวงชนบท),Motorcycle,Drunk driving (เมาแล้วขับ),New Year Festival (เทศกาลปีใหม่),Level 3: Critical Blackspot (Red Zone),No,1,0,0,1,3649739.11,48.7,73.3
THA-2021-100911,2022,5,6,21,2022-05-06,Bangkok & Vicinity,Nonthaburi,13.84079,100.45097,National Highway (ทางหลวงแผ่นดิน),Department of Highways (DOH - กรมทางหลวง),Private Car,Cutting off abruptly (ตัดหน้ากระชั้นชิด),Normal Period (ช่วงเวลาปกติ),Level 1: Low Risk (Baseline Zone),Yes,0,0,1,1,188583.46,77.8,57.3
THA-2022-100912,2020,9,16,20,2020-09-16,Northeast,Khon Kaen,16.5376,102.79595,Rural Road (ทางหลวงชนบท),Department of Rural Roads (DRR - กรมทางหลวงชนบท),Motorcycle,Speeding (ขับรถเร็วเกินกำหนด),Normal Period (ช่วงเวลาปกติ),Level 1: Low Risk (Baseline Zone),No,0,0,1,1,54732.13,44.8,62.6
THA-2023-100913,2026,7,20,16,2026-07-20,North,Chiang Rai,20.06821,99.84974,Rural Road (ทางหลวงชนบท),Department of Rural Roads (DRR - กรมทางหลวงชนบท),Private Car,Cutting off abruptly (ตัดหน้ากระชั้นชิด),Normal Period (ช่วงเวลาปกติ),Level 2: Moderate Risk (Surveillance Zone),Yes,0,1,2,3,1230328.08,40.2,62.1
THA-2024-100914,2026,4,15,13,2026-04-15,Northeast,Nakhon Ratchasima,14.97738,102.06372,Rural Road (ทางหลวงชนบท),Department of Rural Roads (DRR - กรมทางหลวงชนบท),Commercial Truck,Speeding (ขับรถเร็วเกินกำหนด),Songkran Festival (เทศกาลสงกรานต์),Level 3: Critical Blackspot (Red Zone),Yes,1,0,0,1,4508259.64,44.1,42.7
THA-2025-100915,2022,11,14,13,2022-11-14,North,Phitsanulok,16.80448,100.29009,Urban / City Road (ถนนในเมือง/ท้องถิ่น),Local Administration / BMA (อปท./กทม.),Motorcycle,Fatigue / Falling asleep (หลับใน),Normal Period (ช่วงเวลาปกติ),Level 2: Moderate Risk (Surveillance Zone),No,0,2,1,3,1443517.3,17.1,26.8
THA-2026-100916,2025,9,23,15,2025-09-23,North,Chiang Mai,18.78235,98.94346,Urban / City Road (ถนนในเมือง/ท้องถิ่น),Local Administration / BMA (อปท./กทม.),Private Car,Drunk driving (เมาแล้วขับ),Normal Period (ช่วงเวลาปกติ),Level 2: Moderate Risk (Surveillance Zone),Yes,0,2,2,4,2846317.91,15.1,66.5
THA-2020-100917,2022,9,12,16,2022-09-12,South,Surat Thani,9.10169,99.48539,Urban / City Road (ถนนในเมือง/ท้องถิ่น),Local Administration / BMA (อปท./กทม.),Motorcycle,Cutting off abruptly (ตัดหน้ากระชั้นชิด),Normal Period (ช่วงเวลาปกติ),Level 1: Low Risk (Baseline Zone),Yes,0,0,0,0,37597.92,51.2,25.6
THA-2021-100918,2024,2,12,5,2024-02-12,Central,Chonburi,13.54088,100.94233,Urban / City Road (ถนนในเมือง/ท้องถิ่น),Local Administration / BMA (อปท./กทม.),Private Car,Cutting off abruptly (ตัดหน้ากระชั้นชิด),Normal Period (ช่วงเวลาปกติ),Level 1: Low Risk (Baseline Zone),Yes,0,0,0,0,213424.1,53.9,21.3
THA-2022-100919,2025,10,16,6,2025-10-16,Bangkok & Vicinity,Bangkok,13.83271,100.4273,Rural Road (ทางหลวงชนบท),Department of Rural Roads (DRR - กรมทางหลวงชนบท),Private Car,Road defect / Slippery surface (ถนนชำรุด/ลื่น),Normal Period (ช่วงเวลาปกติ),Level 1: Low Risk (Baseline Zone),Yes,0,0,0,0,344963.51,42.0,31.9
THA-2023-100920,2026,10,15,0,2026-10-15,Central,Saraburi,14.49949,100.81292,National Highway (ทางหลวงแผ่นดิน),Department of Highways (DOH - กรมทางหลวง),Public Bus/Van,Speeding (ขับรถเร็วเกินกำหนด),Normal Period (ช่วงเวลาปกติ),Level 1: Low Risk (Baseline Zone),Yes,0,0,1,1,1051256.43,38.6,44.0
THA-2024-100921,2023,11,13,14,2023-11-13,Northeast,Nakhon Ratchasima,15.07169,102.14141,Urban / City Road (ถนนในเมือง/ท้องถิ่น),Local Administration / BMA (อปท./กทม.),Motorcycle,Speeding (ขับรถเร็วเกินกำหนด),Normal Period (ช่วงเวลาปกติ),Level 2: Moderate Risk (Surveillance Zone),Yes,0,1,1,2,672566.88,37.7,59.7
THA-2025-100922,2025,12,11,19,2025-12-11,South,Phuket,7.94119,98.47224,Rural Road (ทางหลวงชนบท),Department of Rural Roads (DRR - กรมทางหลวงชนบท),Motorcycle,Road defect / Slippery surface (ถนนชำรุด/ลื่น),Normal Period (ช่วงเวลาปกติ),Level 1: Low Risk (Baseline Zone),Yes,0,0,1,1,114904.58,44.4,14.1
THA-2026-100923,2022,6,17,20,2022-06-17,Central,Chonburi,13.28284,100.9555,National Highway (ทางหลวงแผ่นดิน),Department of Highways (DOH - กรมทางหลวง),Motorcycle,Fatigue / Falling asleep (หลับใน),Normal Period (ช่วงเวลาปกติ),Level 2: Moderate Risk (Surveillance Zone),No,0,1,2,3,701442.23,63.8,42.2
THA-2020-100924,2026,4,21,17,2026-04-21,North,Chiang Rai,19.95057,99.8095,Rural Road (ทางหลวงชนบท),Department of Rural Roads (DRR - กรมทางหลวงชนบท),Motorcycle,Fatigue / Falling asleep (หลับใน),Normal Period (ช่วงเวลาปกติ),Level 3: Critical Blackspot (Red Zone),Yes,1,0,0,1,4875373.52,61.8,20.5
THA-2021-100925,2020,8,15,12,2020-08-15,Bangkok & Vicinity,Bangkok,13.76255,100.42982,National Highway (ทางหลวงแผ่นดิน),Department of Highways (DOH - กรมทางหลวง),Private Car,Speeding (ขับรถเร็วเกินกำหนด),Normal Period (ช่วงเวลาปกติ),Level 1: Low Risk (Baseline Zone),Yes,0,0,1,1,190197.96,58.4,54.8
THA-2022-100926,2024,12,14,23,2024-12-14,Bangkok & Vicinity,Nonthaburi,13.98178,100.59787,Rural Road (ทางหลวงชนบท),Department of Rural Roads (DRR - กรมทางหลวงชนบท),Commercial Truck,Speeding (ขับรถเร็วเกินกำหนด),Normal Period (ช่วงเวลาปกติ),Level 3: Critical Blackspot (Red Zone),Yes,1,0,1,2,4948747.74,15.4,96.1
THA-2023-100927,2024,11,10,1,2024-11-10,Northeast,Nakhon Ratchasima,15.09124,102.15712,National Highway (ทางหลวงแผ่นดิน),Department of Highways (DOH - กรมทางหลวง),Motorcycle,Speeding (ขับรถเร็วเกินกำหนด),Normal Period (ช่วงเวลาปกติ),Level 2: Moderate Risk (Surveillance Zone),Yes,0,1,3,4,755833.13,49.0,48.8
THA-2024-100928,2024,7,12,18,2024-07-12,Northeast,Khon Kaen,16.33375,102.78044,National Highway (ทางหลวงแผ่นดิน),Department of Highways (DOH - กรมทางหลวง),Motorcycle,Speeding (ขับรถเร็วเกินกำหนด),Normal Period (ช่วงเวลาปกติ),Level 1: Low Risk (Baseline Zone),No,0,0,1,1,102122.83,66.5,47.7
THA-2025-100929,2021,7,16,14,2021-07-16,Bangkok & Vicinity,Nonthaburi,13.79894,100.49025,Expressway (ทางพิเศษ),EXAT (การทางพิเศษแห่งประเทศไทย),Motorcycle,Fatigue / Falling asleep (หลับใน),Normal Period (ช่วงเวลาปกติ),Level 1: Low Risk (Baseline Zone),Yes,0,0,0,0,65642.09,41.3,51.5
THA-2026-100930,2026,11,15,11,2026-11-15,Bangkok & Vicinity,Bangkok,13.8515,100.36925,Urban / City Road (ถนนในเมือง/ท้องถิ่น),Local Administration / BMA (อปท./กทม.),Motorcycle,Speeding (ขับรถเร็วเกินกำหนด),Normal Period (ช่วงเวลาปกติ),Level 3: Critical Blackspot (Red Zone),No,2,1,1,4,7930272.77,41.1,89.6
THA-2020-100931,2021,10,10,14,2021-10-10,Central,Ayutthaya,14.30067,100.5329,Urban / City Road (ถนนในเมือง/ท้องถิ่น),Local Administration / BMA (อปท./กทม.),Motorcycle,Drunk driving (เมาแล้วขับ),Normal Period (ช่วงเวลาปกติ),Level 2: Moderate Risk (Surveillance Zone),No,0,1,3,4,1306969.49,31.4,64.5
THA-2021-100932,2024,9,4,17,2024-09-04,South,Songkhla,7.05734,100.63273,Rural Road (ทางหลวงชนบท),Department of Rural Roads (DRR - กรมทางหลวงชนบท),Motorcycle,Speeding (ขับรถเร็วเกินกำหนด),Normal Period (ช่วงเวลาปกติ),Level 2: Moderate Risk (Surveillance Zone),No,0,1,2,3,1141987.29,33.5,73.7
THA-2022-100933,2021,5,27,13,2021-05-27,Northeast,Nakhon Ratchasima,14.94912,102.19786,Urban / City Road (ถนนในเมือง/ท้องถิ่น),Local Administration / BMA (อปท./กทม.),Private Car,Cutting off abruptly (ตัดหน้ากระชั้นชิด),Normal Period (ช่วงเวลาปกติ),Level 1: Low Risk (Baseline Zone),Yes,0,0,1,1,347866.04,58.4,10.0
THA-2023-100934,2022,6,23,5,2022-06-23,Bangkok & Vicinity,Bangkok,13.73154,100.5431,Urban / City Road (ถนนในเมือง/ท้องถิ่น),Local Administration / BMA (อปท./กทม.),Motorcycle,Running red light / Signal violation (ฝ่าฝืนสัญญาณไฟ),Normal Period (ช่วงเวลาปกติ),Level 1: Low Risk (Baseline Zone),No,0,0,1,1,110321.52,44.9,44.9
THA-2024-100935,2023,1,9,11,2023-01-09,Bangkok & Vicinity,Nonthaburi,13.87245,100.29006,Rural Road (ทางหลวงชนบท),Department of Rural Roads (DRR - กรมทางหลวงชนบท),Motorcycle,Speeding (ขับรถเร็วเกินกำหนด),Normal Period (ช่วงเวลาปกติ),Level 1: Low Risk (Baseline Zone),No,0,0,1,1,109074.94,51.0,65.7
THA-2025-100936,2023,6,21,19,2023-06-21,Bangkok & Vicinity,Bangkok,13.62714,100.53632,Expressway (ทางพิเศษ),EXAT (การทางพิเศษแห่งประเทศไทย),Private Car,Speeding (ขับรถเร็วเกินกำหนด),Normal Period (ช่วงเวลาปกติ),Level 2: Moderate Risk (Surveillance Zone),Yes,0,1,1,2,1141414.54,61.6,31.2
THA-2026-100937,2021,2,20,22,2021-02-20,South,Phuket,7.91082,98.38612,National Highway (ทางหลวงแผ่นดิน),Department of Highways (DOH - กรมทางหลวง),Motorcycle,Speeding (ขับรถเร็วเกินกำหนด),Normal Period (ช่วงเวลาปกติ),Level 3: Critical Blackspot (Red Zone),Yes,1,2,0,3,7018961.2,51.8,68.6
THA-2020-100938,2021,6,9,5,2021-06-09,Bangkok & Vicinity,Bangkok,13.87601,100.5477,Expressway (ทางพิเศษ),EXAT (การทางพิเศษแห่งประเทศไทย),Private Car,Speeding (ขับรถเร็วเกินกำหนด),Normal Period (ช่วงเวลาปกติ),Level 2: Moderate Risk (Surveillance Zone),Yes,0,1,3,4,876073.02,37.5,76.1
THA-2021-100939,2023,9,21,8,2023-09-21,Northeast,Nakhon Ratchasima,15.12123,101.87643,National Highway (ทางหลวงแผ่นดิน),Department of Highways (DOH - กรมทางหลวง),Private Car,Cutting off abruptly (ตัดหน้ากระชั้นชิด),Normal Period (ช่วงเวลาปกติ),Level 1: Low Risk (Baseline Zone),Yes,0,0,0,0,334739.35,49.6,26.8
THA-2022-100940,2025,8,25,3,2025-08-25,Bangkok & Vicinity,Nonthaburi,14.01817,100.45876,Rural Road (ทางหลวงชนบท),Department of Rural Roads (DRR - กรมทางหลวงชนบท),Private Car,Speeding (ขับรถเร็วเกินกำหนด),Normal Period (ช่วงเวลาปกติ),Level 2: Moderate Risk (Surveillance Zone),Yes,0,1,2,3,1071774.62,27.8,98.0
THA-2023-100941,2026,9,24,16,2026-09-24,Northeast,Nakhon Ratchasima,14.98214,102.20461,National Highway (ทางหลวงแผ่นดิน),Department of Highways (DOH - กรมทางหลวง),Motorcycle,Drunk driving (เมาแล้วขับ),Normal Period (ช่วงเวลาปกติ),Level 3: Critical Blackspot (Red Zone),Yes,1,1,0,2,6521130.18,46.8,44.5
THA-2024-100942,2020,10,20,1,2020-10-20,Northeast,Ubon Ratchathani,15.05447,104.8245,Rural Road (ทางหลวงชนบท),Department of Rural Roads (DRR - กรมทางหลวงชนบท),Motorcycle,Fatigue / Falling asleep (หลับใน),Normal Period (ช่วงเวลาปกติ),Level 1: Low Risk (Baseline Zone),Yes,0,0,1,1,105059.6,46.8,44.4
THA-2025-100943,2022,8,11,15,2022-08-11,Central,Ayutthaya,14.44399,100.51287,Rural Road (ทางหลวงชนบท),Department of Rural Roads (DRR - กรมทางหลวงชนบท),Commercial Truck,Cutting off abruptly (ตัดหน้ากระชั้นชิด),Normal Period (ช่วงเวลาปกติ),Level 2: Moderate Risk (Surveillance Zone),Yes,0,1,2,3,1864335.33,32.1,68.6
THA-2026-100944,2020,3,11,23,2020-03-11,Bangkok & Vicinity,Bangkok,13.83854,100.56267,Expressway (ทางพิเศษ),EXAT (การทางพิเศษแห่งประเทศไทย),Private Car,Speeding (ขับรถเร็วเกินกำหนด),Normal Period (ช่วงเวลาปกติ),Level 1: Low Risk (Baseline Zone),Yes,0,0,0,0,231316.03,60.3,59.0
THA-2020-100945,2020,8,7,13,2020-08-07,Bangkok & Vicinity,Bangkok,13.77153,100.5557,Expressway (ทางพิเศษ),EXAT (การทางพิเศษแห่งประเทศไทย),Motorcycle,Drunk driving (เมาแล้วขับ),Normal Period (ช่วงเวลาปกติ),Level 2: Moderate Risk (Surveillance Zone),Yes,0,1,3,4,993978.7,24.9,58.6
THA-2021-100946,2024,6,21,7,2024-06-21,Bangkok & Vicinity,Bangkok,13.87282,100.55603,Expressway (ทางพิเศษ),EXAT (การทางพิเศษแห่งประเทศไทย),Motorcycle,Speeding (ขับรถเร็วเกินกำหนด),Normal Period (ช่วงเวลาปกติ),Level 1: Low Risk (Baseline Zone),No,0,0,1,1,111055.14,44.7,82.6
THA-2022-100947,2024,6,10,13,2024-06-10,South,Phuket,7.96402,98.31298,National Highway (ทางหลวงแผ่นดิน),Department of Highways (DOH - กรมทางหลวง),Motorcycle,Drunk driving (เมาแล้วขับ),Normal Period (ช่วงเวลาปกติ),Level 1: Low Risk (Baseline Zone),Yes,0,0,1,1,123761.62,53.9,48.1
THA-2023-100948,2021,6,4,1,2021-06-04,Central,Saraburi,14.58128,100.95484,Expressway (ทางพิเศษ),EXAT (การทางพิเศษแห่งประเทศไทย),Motorcycle,Drunk driving (เมาแล้วขับ),Normal Period (ช่วงเวลาปกติ),Level 1: Low Risk (Baseline Zone),Yes,0,0,1,1,140233.73,52.6,43.1
THA-2024-100949,2021,3,5,15,2021-03-05,Northeast,Khon Kaen,16.53335,102.71938,National Highway (ทางหลวงแผ่นดิน),Department of Highways (DOH - กรมทางหลวง),Private Car,Speeding (ขับรถเร็วเกินกำหนด),Normal Period (ช่วงเวลาปกติ),Level 1: Low Risk (Baseline Zone),Yes,0,0,0,0,329765.76,62.6,50.4
THA-2025-100950,2020,10,5,3,2020-10-05,Northeast,Khon Kaen,16.52882,102.74448,Urban / City Road (ถนนในเมือง/ท้องถิ่น),Local Administration / BMA (อปท./กทม.),Motorcycle,Fatigue / Falling asleep (หลับใน),Normal Period (ช่วงเวลาปกติ),Level 2: Moderate Risk (Surveillance Zone),No,0,1,2,3,922251.13,23.9,59.1
THA-2026-100951,2025,1,11,0,2025-01-11,Northeast,Ubon Ratchathani,15.45546,104.76734,National Highway (ทางหลวงแผ่นดิน),Department of Highways (DOH - กรมทางหลวง),Motorcycle,Road defect / Slippery surface (ถนนชำรุด/ลื่น),Normal Period (ช่วงเวลาปกติ),Level 2: Moderate Risk (Surveillance Zone),No,0,1,1,2,530117.39,33.7,25.9
THA-2020-100952,2026,12,9,22,2026-12-09,Bangkok & Vicinity,Bangkok,13.65129,100.47565,Rural Road (ทางหลวงชนบท),Department of Rural Roads (DRR - กรมทางหลวงชนบท),Private Car,Fatigue / Falling asleep (หลับใน),Normal Period (ช่วงเวลาปกติ),Level 1: Low Risk (Baseline Zone),Yes,0,0,1,1,183222.03,36.0,30.9
THA-2021-100953,2021,4,28,19,2021-04-28,South,Phuket,7.97475,98.42425,Expressway (ทางพิเศษ),EXAT (การทางพิเศษแห่งประเทศไทย),Motorcycle,Speeding (ขับรถเร็วเกินกำหนด),Normal Period (ช่วงเวลาปกติ),Level 3: Critical Blackspot (Red Zone),Yes,2,2,1,5,9526605.07,62.1,67.3
THA-2022-100954,2021,10,16,13,2021-10-16,North,Chiang Rai,20.06166,99.81356,Expressway (ทางพิเศษ),EXAT (การทางพิเศษแห่งประเทศไทย),Private Car,Cutting off abruptly (ตัดหน้ากระชั้นชิด),Normal Period (ช่วงเวลาปกติ),Level 3: Critical Blackspot (Red Zone),No,1,2,0,3,6446701.26,40.4,31.5
THA-2023-100955,2025,12,9,7,2025-12-09,North,Chiang Rai,19.8664,99.7745,Rural Road (ทางหลวงชนบท),Department of Rural Roads (DRR - กรมทางหลวงชนบท),Private Car,Road defect / Slippery surface (ถนนชำรุด/ลื่น),Normal Period (ช่วงเวลาปกติ),Level 2: Moderate Risk (Surveillance Zone),Yes,0,1,1,2,1069583.93,28.0,36.7
THA-2024-100956,2026,6,22,2,2026-06-22,Northeast,Nakhon Ratchasima,14.93253,101.97205,Urban / City Road (ถนนในเมือง/ท้องถิ่น),Local Administration / BMA (อปท./กทม.),Motorcycle,Speeding (ขับรถเร็วเกินกำหนด),Normal Period (ช่วงเวลาปกติ),Level 1: Low Risk (Baseline Zone),Yes,0,0,1,1,136927.75,56.9,90.2
THA-2025-100957,2023,11,4,4,2023-11-04,Bangkok & Vicinity,Bangkok,13.69791,100.39286,National Highway (ทางหลวงแผ่นดิน),Department of Highways (DOH - กรมทางหลวง),Private Car,Fatigue / Falling asleep (หลับใน),Normal Period (ช่วงเวลาปกติ),Level 2: Moderate Risk (Surveillance Zone),Yes,0,1,1,2,1373422.77,19.7,34.7
THA-2026-100958,2020,12,2,5,2020-12-02,Bangkok & Vicinity,Bangkok,13.82101,100.63502,Urban / City Road (ถนนในเมือง/ท้องถิ่น),Local Administration / BMA (อปท./กทม.),Private Car,Speeding (ขับรถเร็วเกินกำหนด),Normal Period (ช่วงเวลาปกติ),Level 3: Critical Blackspot (Red Zone),Yes,1,0,0,1,5513666.45,30.9,51.5
THA-2020-100959,2020,10,14,21,2020-10-14,Central,Chonburi,13.38105,100.92405,Rural Road (ทางหลวงชนบท),Department of Rural Roads (DRR - กรมทางหลวงชนบท),Motorcycle,Speeding (ขับรถเร็วเกินกำหนด),Normal Period (ช่วงเวลาปกติ),Level 1: Low Risk (Baseline Zone),No,0,0,0,0,56967.79,27.9,49.9
THA-2021-100960,2024,2,3,7,2024-02-03,Bangkok & Vicinity,Bangkok,13.82328,100.49827,National Highway (ทางหลวงแผ่นดิน),Department of Highways (DOH - กรมทางหลวง),Motorcycle,Drunk driving (เมาแล้วขับ),Normal Period (ช่วงเวลาปกติ),Level 1: Low Risk (Baseline Zone),Yes,0,0,0,0,28687.29,28.1,69.8
THA-2022-100961,2022,7,18,5,2022-07-18,Northeast,Khon Kaen,16.52354,102.73851,National Highway (ทางหลวงแผ่นดิน),Department of Highways (DOH - กรมทางหลวง),Motorcycle,Fatigue / Falling asleep (หลับใน),Normal Period (ช่วงเวลาปกติ),Level 3: Critical Blackspot (Red Zone),No,2,2,0,4,13357354.81,71.4,42.9
THA-2023-100962,2020,7,21,5,2020-07-21,Bangkok & Vicinity,Nonthaburi,13.78326,100.57875,National Highway (ทางหลวงแผ่นดิน),Department of Highways (DOH - กรมทางหลวง),Public Bus/Van,Fatigue / Falling asleep (หลับใน),Normal Period (ช่วงเวลาปกติ),Level 2: Moderate Risk (Surveillance Zone),Yes,0,1,2,3,1319600.87,49.2,53.9
THA-2024-100963,2024,11,6,3,2024-11-06,North,Chiang Rai,19.90868,99.92402,Urban / City Road (ถนนในเมือง/ท้องถิ่น),Local Administration / BMA (อปท./กทม.),Private Car,Road defect / Slippery surface (ถนนชำรุด/ลื่น),Normal Period (ช่วงเวลาปกติ),Level 1: Low Risk (Baseline Zone),Yes,0,0,1,1,485314.8,40.0,39.6
THA-2025-100964,2020,4,11,6,2020-04-11,North,Chiang Mai,18.71103,99.02433,National Highway (ทางหลวงแผ่นดิน),Department of Highways (DOH - กรมทางหลวง),Motorcycle,Speeding (ขับรถเร็วเกินกำหนด),Songkran Festival (เทศกาลสงกรานต์),Level 3: Critical Blackspot (Red Zone),Yes,1,0,1,2,3629242.94,66.1,50.8
THA-2026-100965,2025,4,21,23,2025-04-21,North,Chiang Mai,18.83748,98.84696,National Highway (ทางหลวงแผ่นดิน),Department of Highways (DOH - กรมทางหลวง),Private Car,Speeding (ขับรถเร็วเกินกำหนด),Normal Period (ช่วงเวลาปกติ),Level 1: Low Risk (Baseline Zone),Yes,0,0,0,0,387245.3,54.5,78.1
THA-2020-100966,2022,1,18,18,2022-01-18,Central,Chonburi,13.36079,100.80324,National Highway (ทางหลวงแผ่นดิน),Department of Highways (DOH - กรมทางหลวง),Motorcycle,Road defect / Slippery surface (ถนนชำรุด/ลื่น),Normal Period (ช่วงเวลาปกติ),Level 2: Moderate Risk (Surveillance Zone),No,0,1,1,2,1038206.48,40.8,55.7
THA-2021-100967,2020,2,12,6,2020-02-12,North,Chiang Mai,18.92059,98.86672,Rural Road (ทางหลวงชนบท),Department of Rural Roads (DRR - กรมทางหลวงชนบท),Private Car,Speeding (ขับรถเร็วเกินกำหนด),Normal Period (ช่วงเวลาปกติ),Level 1: Low Risk (Baseline Zone),Yes,0,0,0,0,447533.96,25.7,53.8
THA-2022-100968,2024,9,5,2,2024-09-05,Northeast,Nakhon Ratchasima,14.9629,102.09736,Rural Road (ทางหลวงชนบท),Department of Rural Roads (DRR - กรมทางหลวงชนบท),Private Car,Drunk driving (เมาแล้วขับ),Normal Period (ช่วงเวลาปกติ),Level 1: Low Risk (Baseline Zone),Yes,0,0,1,1,395805.09,37.7,90.0
THA-2023-100969,2022,10,9,7,2022-10-09,Northeast,Nakhon Ratchasima,14.89331,102.26423,Rural Road (ทางหลวงชนบท),Department of Rural Roads (DRR - กรมทางหลวงชนบท),Motorcycle,Cutting off abruptly (ตัดหน้ากระชั้นชิด),Normal Period (ช่วงเวลาปกติ),Level 1: Low Risk (Baseline Zone),Yes,0,0,1,1,93825.73,39.5,46.5
THA-2024-100970,2026,8,20,0,2026-08-20,Northeast,Ubon Ratchathani,15.18255,104.82302,Rural Road (ทางหลวงชนบท),Department of Rural Roads (DRR - กรมทางหลวงชนบท),Commercial Truck,Speeding (ขับรถเร็วเกินกำหนด),Normal Period (ช่วงเวลาปกติ),Level 1: Low Risk (Baseline Zone),Yes,0,0,0,0,494319.3,27.3,71.4
THA-2025-100971,2023,8,28,0,2023-08-28,South,Surat Thani,9.07615,99.25868,National Highway (ทางหลวงแผ่นดิน),Department of Highways (DOH - กรมทางหลวง),Private Car,Speeding (ขับรถเร็วเกินกำหนด),Normal Period (ช่วงเวลาปกติ),Level 3: Critical Blackspot (Red Zone),Yes,1,0,1,2,5680400.86,42.6,63.2
THA-2026-100972,2022,9,26,13,2022-09-26,Central,Chonburi,13.35129,101.04797,National Highway (ทางหลวงแผ่นดิน),Department of Highways (DOH - กรมทางหลวง),Private Car,Cutting off abruptly (ตัดหน้ากระชั้นชิด),Normal Period (ช่วงเวลาปกติ),Level 1: Low Risk (Baseline Zone),No,0,0,0,0,408414.03,47.6,27.1
THA-2020-100973,2024,7,18,5,2024-07-18,Bangkok & Vicinity,Bangkok,13.77071,100.43353,Urban / City Road (ถนนในเมือง/ท้องถิ่น),Local Administration / BMA (อปท./กทม.),Motorcycle,Fatigue / Falling asleep (หลับใน),Normal Period (ช่วงเวลาปกติ),Level 3: Critical Blackspot (Red Zone),No,2,0,1,3,9295501.88,10.0,27.5
THA-2021-100974,2022,9,19,9,2022-09-19,Bangkok & Vicinity,Bangkok,13.75573,100.37877,National Highway (ทางหลวงแผ่นดิน),Department of Highways (DOH - กรมทางหลวง),Commercial Truck,Drunk driving (เมาแล้วขับ),Normal Period (ช่วงเวลาปกติ),Level 2: Moderate Risk (Surveillance Zone),Yes,0,2,1,3,2691635.01,77.2,65.7
THA-2022-100975,2026,10,3,13,2026-10-03,Bangkok & Vicinity,Nonthaburi,13.96859,100.46786,National Highway (ทางหลวงแผ่นดิน),Department of Highways (DOH - กรมทางหลวง),Public Bus/Van,Drunk driving (เมาแล้วขับ),Normal Period (ช่วงเวลาปกติ),Level 3: Critical Blackspot (Red Zone),Yes,1,2,1,4,8349654.43,40.3,59.6
THA-2023-100976,2022,12,9,3,2022-12-09,Northeast,Khon Kaen,16.39148,102.64845,Urban / City Road (ถนนในเมือง/ท้องถิ่น),Local Administration / BMA (อปท./กทม.),Motorcycle,Cutting off abruptly (ตัดหน้ากระชั้นชิด),Normal Period (ช่วงเวลาปกติ),Level 2: Moderate Risk (Surveillance Zone),No,0,1,1,2,862122.47,45.0,28.6
THA-2024-100977,2023,2,4,5,2023-02-04,Bangkok & Vicinity,Bangkok,13.7107,100.65321,National Highway (ทางหลวงแผ่นดิน),Department of Highways (DOH - กรมทางหลวง),Motorcycle,Speeding (ขับรถเร็วเกินกำหนด),Normal Period (ช่วงเวลาปกติ),Level 2: Moderate Risk (Surveillance Zone),Yes,0,2,1,3,1055015.62,51.9,62.7
THA-2025-100978,2020,6,17,15,2020-06-17,Northeast,Nakhon Ratchasima,15.03494,102.19761,Urban / City Road (ถนนในเมือง/ท้องถิ่น),Local Administration / BMA (อปท./กทม.),Motorcycle,Speeding (ขับรถเร็วเกินกำหนด),Normal Period (ช่วงเวลาปกติ),Level 1: Low Risk (Baseline Zone),Yes,0,0,1,1,135152.25,18.4,76.6
THA-2026-100979,2023,3,17,20,2023-03-17,Northeast,Khon Kaen,16.44269,102.58779,National Highway (ทางหลวงแผ่นดิน),Department of Highways (DOH - กรมทางหลวง),Private Car,Cutting off abruptly (ตัดหน้ากระชั้นชิด),Normal Period (ช่วงเวลาปกติ),Level 3: Critical Blackspot (Red Zone),Yes,1,0,1,2,4678564.08,47.2,49.0
THA-2020-100980,2025,11,23,0,2025-11-23,North,Chiang Mai,18.79456,99.00341,Rural Road (ทางหลวงชนบท),Department of Rural Roads (DRR - กรมทางหลวงชนบท),Private Car,Speeding (ขับรถเร็วเกินกำหนด),Normal Period (ช่วงเวลาปกติ),Level 1: Low Risk (Baseline Zone),No,0,0,0,0,258325.15,33.2,72.9
THA-2021-100981,2025,6,23,5,2025-06-23,Central,Chonburi,13.44171,100.98139,National Highway (ทางหลวงแผ่นดิน),Department of Highways (DOH - กรมทางหลวง),Motorcycle,Speeding (ขับรถเร็วเกินกำหนด),Normal Period (ช่วงเวลาปกติ),Level 1: Low Risk (Baseline Zone),Yes,0,0,1,1,110464.37,60.0,83.2
THA-2022-100982,2021,3,2,8,2021-03-02,Bangkok & Vicinity,Bangkok,13.68684,100.49287,National Highway (ทางหลวงแผ่นดิน),Department of Highways (DOH - กรมทางหลวง),Commercial Truck,Cutting off abruptly (ตัดหน้ากระชั้นชิด),Normal Period (ช่วงเวลาปกติ),Level 3: Critical Blackspot (Red Zone),No,1,2,1,4,7474495.15,58.0,10.0
THA-2023-100983,2021,8,9,14,2021-08-09,Bangkok & Vicinity,Bangkok,13.7255,100.54893,National Highway (ทางหลวงแผ่นดิน),Department of Highways (DOH - กรมทางหลวง),Motorcycle,Cutting off abruptly (ตัดหน้ากระชั้นชิด),Normal Period (ช่วงเวลาปกติ),Level 3: Critical Blackspot (Red Zone),No,1,0,1,2,6001834.88,24.1,20.4
THA-2024-100984,2025,11,9,11,2025-11-09,Central,Chonburi,13.35237,100.89559,Urban / City Road (ถนนในเมือง/ท้องถิ่น),Local Administration / BMA (อปท./กทม.),Private Car,Speeding (ขับรถเร็วเกินกำหนด),Normal Period (ช่วงเวลาปกติ),Level 2: Moderate Risk (Surveillance Zone),No,0,2,2,4,2114588.92,55.2,54.9
THA-2025-100985,2026,4,5,2,2026-04-05,Northeast,Nakhon Ratchasima,15.03092,102.0313,Expressway (ทางพิเศษ),EXAT (การทางพิเศษแห่งประเทศไทย),Motorcycle,Cutting off abruptly (ตัดหน้ากระชั้นชิด),Normal Period (ช่วงเวลาปกติ),Level 2: Moderate Risk (Surveillance Zone),No,0,1,1,2,923957.43,35.3,30.4
THA-2026-100986,2020,12,15,10,2020-12-15,Northeast,Ubon Ratchathani,15.21636,104.80555,National Highway (ทางหลวงแผ่นดิน),Department of Highways (DOH - กรมทางหลวง),Motorcycle,Cutting off abruptly (ตัดหน้ากระชั้นชิด),Normal Period (ช่วงเวลาปกติ),Level 1: Low Risk (Baseline Zone),No,0,0,0,0,40986.94,69.7,63.3
THA-2020-100987,2023,10,15,14,2023-10-15,North,Phitsanulok,16.84245,100.14248,Urban / City Road (ถนนในเมือง/ท้องถิ่น),Local Administration / BMA (อปท./กทม.),Motorcycle,Speeding (ขับรถเร็วเกินกำหนด),Normal Period (ช่วงเวลาปกติ),Level 1: Low Risk (Baseline Zone),No,0,0,1,1,108911.44,61.3,54.5
THA-2021-100988,2022,6,3,2,2022-06-03,Bangkok & Vicinity,Nonthaburi,13.86499,100.61064,Rural Road (ทางหลวงชนบท),Department of Rural Roads (DRR - กรมทางหลวงชนบท),Motorcycle,Road defect / Slippery surface (ถนนชำรุด/ลื่น),Normal Period (ช่วงเวลาปกติ),Level 2: Moderate Risk (Surveillance Zone),Yes,0,1,1,2,663835.47,42.6,41.1
THA-2022-100989,2026,9,19,13,2026-09-19,Central,Ayutthaya,14.36182,100.50833,Expressway (ทางพิเศษ),EXAT (การทางพิเศษแห่งประเทศไทย),Private Car,Speeding (ขับรถเร็วเกินกำหนด),Normal Period (ช่วงเวลาปกติ),Level 2: Moderate Risk (Surveillance Zone),Yes,0,1,1,2,668316.57,46.1,68.4
THA-2023-100990,2020,2,28,1,2020-02-28,Central,Chonburi,13.32819,101.01132,Urban / City Road (ถนนในเมือง/ท้องถิ่น),Local Administration / BMA (อปท./กทม.),Private Car,Fatigue / Falling asleep (หลับใน),Normal Period (ช่วงเวลาปกติ),Level 1: Low Risk (Baseline Zone),No,0,0,0,0,133904.93,31.0,36.3
THA-2024-100991,2021,2,3,3,2021-02-03,Northeast,Ubon Ratchathani,15.29523,104.98265,National Highway (ทางหลวงแผ่นดิน),Department of Highways (DOH - กรมทางหลวง),Motorcycle,Speeding (ขับรถเร็วเกินกำหนด),Normal Period (ช่วงเวลาปกติ),Level 3: Critical Blackspot (Red Zone),Yes,2,1,1,4,9448330.21,10.0,98.0
THA-2025-100992,2025,7,6,18,2025-07-06,Bangkok & Vicinity,Nonthaburi,13.71578,100.53711,Rural Road (ทางหลวงชนบท),Department of Rural Roads (DRR - กรมทางหลวงชนบท),Motorcycle,Road defect / Slippery surface (ถนนชำรุด/ลื่น),Normal Period (ช่วงเวลาปกติ),Level 2: Moderate Risk (Surveillance Zone),Yes,0,1,1,2,1130442.74,22.5,47.7
THA-2026-100993,2020,2,4,11,2020-02-04,Northeast,Khon Kaen,16.44889,102.81759,Rural Road (ทางหลวงชนบท),Department of Rural Roads (DRR - กรมทางหลวงชนบท),Motorcycle,Speeding (ขับรถเร็วเกินกำหนด),Normal Period (ช่วงเวลาปกติ),Level 2: Moderate Risk (Surveillance Zone),No,0,1,1,2,601576.25,15.0,52.0
THA-2020-100994,2023,2,24,1,2023-02-24,North,Chiang Mai,18.82029,98.96464,National Highway (ทางหลวงแผ่นดิน),Department of Highways (DOH - กรมทางหลวง),Private Car,Drunk driving (เมาแล้วขับ),Normal Period (ช่วงเวลาปกติ),Level 1: Low Risk (Baseline Zone),Yes,0,0,1,1,437809.38,56.3,67.9
THA-2021-100995,2023,4,13,16,2023-04-13,Bangkok & Vicinity,Bangkok,13.66641,100.52102,National Highway (ทางหลวงแผ่นดิน),Department of Highways (DOH - กรมทางหลวง),Private Car,Speeding (ขับรถเร็วเกินกำหนด),Songkran Festival (เทศกาลสงกรานต์),Level 1: Low Risk (Baseline Zone),Yes,0,0,1,1,272864.15,73.8,75.6
THA-2022-100996,2022,9,27,2,2022-09-27,South,Phuket,7.93883,98.38804,Expressway (ทางพิเศษ),EXAT (การทางพิเศษแห่งประเทศไทย),Motorcycle,Drunk driving (เมาแล้วขับ),Normal Period (ช่วงเวลาปกติ),Level 3: Critical Blackspot (Red Zone),No,1,0,0,1,5327612.38,57.9,63.7
THA-2023-100997,2022,8,13,9,2022-08-13,Bangkok & Vicinity,Bangkok,13.85164,100.48043,Expressway (ทางพิเศษ),EXAT (การทางพิเศษแห่งประเทศไทย),Private Car,Cutting off abruptly (ตัดหน้ากระชั้นชิด),Normal Period (ช่วงเวลาปกติ),Level 2: Moderate Risk (Surveillance Zone),Yes,0,1,1,2,988726.41,28.4,17.4
THA-2024-100998,2023,2,27,15,2023-02-27,South,Surat Thani,9.17965,99.17914,Urban / City Road (ถนนในเมือง/ท้องถิ่น),Local Administration / BMA (อปท./กทม.),Motorcycle,Speeding (ขับรถเร็วเกินกำหนด),Normal Period (ช่วงเวลาปกติ),Level 1: Low Risk (Baseline Zone),Yes,0,0,1,1,88898.07,17.3,41.5
THA-2025-100999,2021,8,11,21,2021-08-11,North,Phitsanulok,17.02292,100.24542,Expressway (ทางพิเศษ),EXAT (การทางพิเศษแห่งประเทศไทย),Commercial Truck,Fatigue / Falling asleep (หลับใน),Normal Period (ช่วงเวลาปกติ),Level 1: Low Risk (Baseline Zone),Yes,0,0,0,0,961024.76,15.6,36.6
THA-2026-101000,2024,4,5,8,2024-04-05,Bangkok & Vicinity,Bangkok,13.71236,100.47788,Urban / City Road (ถนนในเมือง/ท้องถิ่น),Local Administration / BMA (อปท./กทม.),Commercial Truck,Speeding (ขับรถเร็วเกินกำหนด),Normal Period (ช่วงเวลาปกติ),Level 1: Low Risk (Baseline Zone),Yes,0,0,0,0,988162.14,25.7,53.8
THA-2020-101001,2025,2,1,10,2025-02-01,Northeast,Nakhon Ratchasima,14.89451,101.99263,National Highway (ทางหลวงแผ่นดิน),Department of Highways (DOH - กรมทางหลวง),Private Car,Road defect / Slippery surface (ถนนชำรุด/ลื่น),Normal Period (ช่วงเวลาปกติ),Level 1: Low Risk (Baseline Zone),Yes,0,0,1,1,357010.37,49.9,23.4
THA-2021-101002,2025,11,9,20,2025-11-09,Central,Saraburi,14.53259,100.92107,National Highway (ทางหลวงแผ่นดิน),Department of Highways (DOH - กรมทางหลวง),Public Bus/Van,Speeding (ขับรถเร็วเกินกำหนด),Normal Period (ช่วงเวลาปกติ),Level 3: Critical Blackspot (Red Zone),Yes,2,1,0,3,9707793.79,54.1,61.7
THA-2022-101003,2021,10,17,14,2021-10-17,Central,Chonburi,13.38125,100.98165,National Highway (ทางหลวงแผ่นดิน),Department of Highways (DOH - กรมทางหลวง),Commercial Truck,Cutting off abruptly (ตัดหน้ากระชั้นชิด),Normal Period (ช่วงเวลาปกติ),Level 3: Critical Blackspot (Red Zone),No,2,0,0,2,8393878.35,56.0,32.0
THA-2023-101004,2021,7,22,2,2021-07-22,Central,Ayutthaya,14.34572,100.46012,National Highway (ทางหลวงแผ่นดิน),Department of Highways (DOH - กรมทางหลวง),Commercial Truck,Drunk driving (เมาแล้วขับ),Normal Period (ช่วงเวลาปกติ),Level 2: Moderate Risk (Surveillance Zone),No,0,1,1,2,1892390.63,61.9,85.3
THA-2024-101005,2022,6,1,15,2022-06-01,Northeast,Ubon Ratchathani,15.20094,104.86181,National Highway (ทางหลวงแผ่นดิน),Department of Highways (DOH - กรมทางหลวง),Private Car,Cutting off abruptly (ตัดหน้ากระชั้นชิด),Normal Period (ช่วงเวลาปกติ),Level 2: Moderate Risk (Surveillance Zone),Yes,0,2,3,5,2003481.53,55.5,50.4
THA-2025-101006,2022,10,3,20,2022-10-03,Northeast,Ubon Ratchathani,15.19631,104.8736,Rural Road (ทางหลวงชนบท),Department of Rural Roads (DRR - กรมทางหลวงชนบท),Motorcycle,Speeding (ขับรถเร็วเกินกำหนด),Normal Period (ช่วงเวลาปกติ),Level 3: Critical Blackspot (Red Zone),Yes,1,0,0,1,4771882.05,41.9,57.5
THA-2026-101007,2023,5,15,20,2023-05-15,Central,Saraburi,14.51673,100.89794,Urban / City Road (ถนนในเมือง/ท้องถิ่น),Local Administration / BMA (อปท./กทม.),Motorcycle,Drunk driving (เมาแล้วขับ),Normal Period (ช่วงเวลาปกติ),Level 1: Low Risk (Baseline Zone),No,0,0,1,1,94753.53,71.8,40.1
THA-2020-101008,2024,11,26,20,2024-11-26,Bangkok & Vicinity,Nonthaburi,13.88075,100.55706,Urban / City Road (ถนนในเมือง/ท้องถิ่น),Local Administration / BMA (อปท./กทม.),Motorcycle,Fatigue / Falling asleep (หลับใน),Normal Period (ช่วงเวลาปกติ),Level 2: Moderate Risk (Surveillance Zone),No,0,1,2,3,1146844.63,39.0,43.2
THA-2021-101009,2020,1,21,11,2020-01-21,Northeast,Nakhon Ratchasima,15.04362,102.27627,Rural Road (ทางหลวงชนบท),Department of Rural Roads (DRR - กรมทางหลวงชนบท),Private Car,Road defect / Slippery surface (ถนนชำรุด/ลื่น),Normal Period (ช่วงเวลาปกติ),Level 1: Low Risk (Baseline Zone),Yes,0,0,1,1,376205.8,28.5,27.3
THA-2022-101010,2020,2,26,22,2020-02-26,Bangkok & Vicinity,Nonthaburi,13.93984,100.38016,Expressway (ทางพิเศษ),EXAT (การทางพิเศษแห่งประเทศไทย),Motorcycle,Speeding (ขับรถเร็วเกินกำหนด),Normal Period (ช่วงเวลาปกติ),Level 3: Critical Blackspot (Red Zone),Yes,2,0,1,3,10152608.36,57.2,75.4
THA-2023-101011,2022,8,23,4,2022-08-23,South,Songkhla,7.07805,100.58958,Rural Road (ทางหลวงชนบท),Department of Rural Roads (DRR - กรมทางหลวงชนบท),Motorcycle,Cutting off abruptly (ตัดหน้ากระชั้นชิด),Normal Period (ช่วงเวลาปกติ),Level 3: Critical Blackspot (Red Zone),No,1,0,1,2,4815410.81,48.4,42.1
THA-2024-101012,2024,1,10,6,2024-01-10,South,Surat Thani,9.06954,99.35664,Urban / City Road (ถนนในเมือง/ท้องถิ่น),Local Administration / BMA (อปท./กทม.),Motorcycle,Speeding (ขับรถเร็วเกินกำหนด),Normal Period (ช่วงเวลาปกติ),Level 2: Moderate Risk (Surveillance Zone),Yes,0,2,2,4,1344014.75,13.8,50.5
THA-2025-101013,2021,3,8,8,2021-03-08,Bangkok & Vicinity,Bangkok,13.80099,100.45828,National Highway (ทางหลวงแผ่นดิน),Department of Highways (DOH - กรมทางหลวง),Motorcycle,Speeding (ขับรถเร็วเกินกำหนด),Normal Period (ช่วงเวลาปกติ),Level 1: Low Risk (Baseline Zone),Yes,0,0,0,0,45364.0,43.2,31.4
THA-2026-101014,2024,2,12,20,2024-02-12,Central,Chonburi,13.46817,101.11558,National Highway (ทางหลวงแผ่นดิน),Department of Highways (DOH - กรมทางหลวง),Private Car,Drunk driving (เมาแล้วขับ),Normal Period (ช่วงเวลาปกติ),Level 3: Critical Blackspot (Red Zone),Yes,1,1,1,3,6208925.35,21.0,73.1
THA-2020-101015,2022,5,25,17,2022-05-25,South,Phuket,7.71734,98.2637,Urban / City Road (ถนนในเมือง/ท้องถิ่น),Local Administration / BMA (อปท./กทม.),Public Bus/Van,Speeding (ขับรถเร็วเกินกำหนด),Normal Period (ช่วงเวลาปกติ),Level 1: Low Risk (Baseline Zone),Yes,0,0,1,1,650601.2,36.3,78.5
THA-2021-101016,2026,4,22,20,2026-04-22,Bangkok & Vicinity,Bangkok,13.85505,100.58008,National Highway (ทางหลวงแผ่นดิน),Department of Highways (DOH - กรมทางหลวง),Private Car,Cutting off abruptly (ตัดหน้ากระชั้นชิด),Normal Period (ช่วงเวลาปกติ),Level 2: Moderate Risk (Surveillance Zone),Yes,0,1,2,3,1417508.93,65.3,37.9
THA-2022-101017,2026,7,15,7,2026-07-15,Northeast,Nakhon Ratchasima,15.02514,102.09878,Rural Road (ทางหลวงชนบท),Department of Rural Roads (DRR - กรมทางหลวงชนบท),Private Car,Cutting off abruptly (ตัดหน้ากระชั้นชิด),Normal Period (ช่วงเวลาปกติ),Level 2: Moderate Risk (Surveillance Zone),No,0,1,1,2,1560119.2,46.9,65.9
THA-2023-101018,2022,5,27,11,2022-05-27,South,Phuket,7.87112,98.44059,National Highway (ทางหลวงแผ่นดิน),Department of Highways (DOH - กรมทางหลวง),Private Car,Drunk driving (เมาแล้วขับ),Normal Period (ช่วงเวลาปกติ),Level 2: Moderate Risk (Surveillance Zone),Yes,0,1,2,3,1493854.12,68.7,68.0
THA-2024-101019,2021,8,9,19,2021-08-09,Bangkok & Vicinity,Bangkok,13.77218,100.6195,Rural Road (ทางหลวงชนบท),Department of Rural Roads (DRR - กรมทางหลวงชนบท),Motorcycle,Road defect / Slippery surface (ถนนชำรุด/ลื่น),Normal Period (ช่วงเวลาปกติ),Level 1: Low Risk (Baseline Zone),No,0,0,0,0,86147.04,40.0,47.4
THA-2025-101020,2023,4,24,1,2023-04-24,Northeast,Ubon Ratchathani,15.18349,104.84892,Expressway (ทางพิเศษ),EXAT (การทางพิเศษแห่งประเทศไทย),Motorcycle,Drunk driving (เมาแล้วขับ),Normal Period (ช่วงเวลาปกติ),Level 1: Low Risk (Baseline Zone),Yes,0,0,0,0,79139.57,19.5,74.4
THA-2026-101021,2021,12,25,9,2021-12-25,North,Chiang Mai,18.86843,99.0001,National Highway (ทางหลวงแผ่นดิน),Department of Highways (DOH - กรมทางหลวง),Commercial Truck,Cutting off abruptly (ตัดหน้ากระชั้นชิด),Normal Period (ช่วงเวลาปกติ),Level 2: Moderate Risk (Surveillance Zone),Yes,0,2,3,5,2877201.13,65.1,35.1
THA-2020-101022,2024,6,10,18,2024-06-10,South,Phuket,7.94098,98.45158,Urban / City Road (ถนนในเมือง/ท้องถิ่น),Local Administration / BMA (อปท./กทม.),Motorcycle,Fatigue / Falling asleep (หลับใน),Normal Period (ช่วงเวลาปกติ),Level 1: Low Risk (Baseline Zone),No,0,0,0,0,72713.83,30.8,10.0
THA-2021-101023,2025,4,20,8,2025-04-20,South,Songkhla,7.13736,100.52244,National Highway (ทางหลวงแผ่นดิน),Department of Highways (DOH - กรมทางหลวง),Motorcycle,Drunk driving (เมาแล้วขับ),Normal Period (ช่วงเวลาปกติ),Level 1: Low Risk (Baseline Zone),Yes,0,0,1,1,140171.54,54.8,52.4
THA-2022-101024,2024,2,9,23,2024-02-09,South,Surat Thani,9.0709,99.22396,National Highway (ทางหลวงแผ่นดิน),Department of Highways (DOH - กรมทางหลวง),Private Car,Speeding (ขับรถเร็วเกินกำหนด),Normal Period (ช่วงเวลาปกติ),Level 2: Moderate Risk (Surveillance Zone),No,0,1,1,2,1038952.86,61.8,63.3
THA-2023-101025,2025,1,15,7,2025-01-15,Northeast,Nakhon Ratchasima,14.81286,102.19606,National Highway (ทางหลวงแผ่นดิน),Department of Highways (DOH - กรมทางหลวง),Motorcycle,Speeding (ขับรถเร็วเกินกำหนด),Normal Period (ช่วงเวลาปกติ),Level 3: Critical Blackspot (Red Zone),Yes,2,0,0,2,7474833.95,45.5,82.5
THA-2024-101026,2022,1,23,23,2022-01-23,Central,Saraburi,14.35916,101.07833,Urban / City Road (ถนนในเมือง/ท้องถิ่น),Local Administration / BMA (อปท./กทม.),Motorcycle,Speeding (ขับรถเร็วเกินกำหนด),Normal Period (ช่วงเวลาปกติ),Level 3: Critical Blackspot (Red Zone),Yes,1,1,1,3,6342656.98,10.0,84.9
THA-2025-101027,2021,8,21,23,2021-08-21,Central,Saraburi,14.4814,100.88575,National Highway (ทางหลวงแผ่นดิน),Department of Highways (DOH - กรมทางหลวง),Motorcycle,Cutting off abruptly (ตัดหน้ากระชั้นชิด),Normal Period (ช่วงเวลาปกติ),Level 1: Low Risk (Baseline Zone),No,0,0,1,1,61830.59,65.2,54.1
THA-2026-101028,2025,4,21,23,2025-04-21,North,Chiang Mai,18.65196,99.01991,Rural Road (ทางหลวงชนบท),Department of Rural Roads (DRR - กรมทางหลวงชนบท),Motorcycle,Fatigue / Falling asleep (หลับใน),Normal Period (ช่วงเวลาปกติ),Level 3: Critical Blackspot (Red Zone),Yes,2,0,1,3,8835896.72,49.8,37.8
THA-2020-101029,2022,5,1,0,2022-05-01,Central,Ayutthaya,14.32972,100.5739,National Highway (ทางหลวงแผ่นดิน),Department of Highways (DOH - กรมทางหลวง),Motorcycle,Speeding (ขับรถเร็วเกินกำหนด),Normal Period (ช่วงเวลาปกติ),Level 1: Low Risk (Baseline Zone),No,0,0,1,1,90256.46,39.3,79.5
THA-2021-101030,2024,11,2,5,2024-11-02,Bangkok & Vicinity,Bangkok,13.68546,100.54507,National Highway (ทางหลวงแผ่นดิน),Department of Highways (DOH - กรมทางหลวง),Motorcycle,Cutting off abruptly (ตัดหน้ากระชั้นชิด),Normal Period (ช่วงเวลาปกติ),Level 3: Critical Blackspot (Red Zone),No,3,2,0,5,12841709.37,39.2,42.7
THA-2022-101031,2022,8,26,11,2022-08-26,Northeast,Khon Kaen,16.35805,102.83069,Urban / City Road (ถนนในเมือง/ท้องถิ่น),Local Administration / BMA (อปท./กทม.),Private Car,Road defect / Slippery surface (ถนนชำรุด/ลื่น),Normal Period (ช่วงเวลาปกติ),Level 1: Low Risk (Baseline Zone),No,0,0,1,1,485406.74,38.8,55.1
THA-2023-101032,2020,12,19,23,2020-12-19,Bangkok & Vicinity,Nonthaburi,13.90368,100.64402,National Highway (ทางหลวงแผ่นดิน),Department of Highways (DOH - กรมทางหลวง),Commercial Truck,Fatigue / Falling asleep (หลับใน),Normal Period (ช่วงเวลาปกติ),Level 1: Low Risk (Baseline Zone),Yes,0,0,1,1,654441.78,61.8,53.3
THA-2024-101033,2026,7,14,18,2026-07-14,Bangkok & Vicinity,Bangkok,13.82883,100.50989,National Highway (ทางหลวงแผ่นดิน),Department of Highways (DOH - กรมทางหลวง),Motorcycle,Drunk driving (เมาแล้วขับ),Normal Period (ช่วงเวลาปกติ),Level 3: Critical Blackspot (Red Zone),No,1,0,0,1,4785814.35,44.5,71.1
THA-2025-101034,2021,8,8,16,2021-08-08,Bangkok & Vicinity,Bangkok,13.75558,100.53001,National Highway (ทางหลวงแผ่นดิน),Department of Highways (DOH - กรมทางหลวง),Commercial Truck,Speeding (ขับรถเร็วเกินกำหนด),Normal Period (ช่วงเวลาปกติ),Level 3: Critical Blackspot (Red Zone),Yes,1,0,0,1,5603884.28,72.1,63.1
THA-2026-101035,2026,8,6,1,2026-08-06,Northeast,Ubon Ratchathani,15.3138,104.78031,Rural Road (ทางหลวงชนบท),Department of Rural Roads (DRR - กรมทางหลวงชนบท),Motorcycle,Speeding (ขับรถเร็วเกินกำหนด),Normal Period (ช่วงเวลาปกติ),Level 3: Critical Blackspot (Red Zone),No,1,0,1,2,4222425.15,56.0,96.3
THA-2020-101036,2026,6,12,10,2026-06-12,North,Chiang Mai,18.86959,98.90097,Rural Road (ทางหลวงชนบท),Department of Rural Roads (DRR - กรมทางหลวงชนบท),Motorcycle,Speeding (ขับรถเร็วเกินกำหนด),Normal Period (ช่วงเวลาปกติ),Level 3: Critical Blackspot (Red Zone),No,1,1,0,2,5980641.59,53.6,90.3
THA-2021-101037,2025,10,26,17,2025-10-26,Central,Chonburi,13.40217,101.03343,National Highway (ทางหลวงแผ่นดิน),Department of Highways (DOH - กรมทางหลวง),Motorcycle,Speeding (ขับรถเร็วเกินกำหนด),Normal Period (ช่วงเวลาปกติ),Level 2: Moderate Risk (Surveillance Zone),Yes,0,1,1,2,752321.85,69.9,60.2
THA-2022-101038,2024,2,27,22,2024-02-27,Bangkok & Vicinity,Bangkok,13.69586,100.36299,National Highway (ทางหลวงแผ่นดิน),Department of Highways (DOH - กรมทางหลวง),Private Car,Speeding (ขับรถเร็วเกินกำหนด),Normal Period (ช่วงเวลาปกติ),Level 1: Low Risk (Baseline Zone),Yes,0,0,0,0,221164.27,48.7,64.8
THA-2023-101039,2024,6,15,21,2024-06-15,North,Chiang Mai,18.76449,98.74861,National Highway (ทางหลวงแผ่นดิน),Department of Highways (DOH - กรมทางหลวง),Motorcycle,Cutting off abruptly (ตัดหน้ากระชั้นชิด),Normal Period (ช่วงเวลาปกติ),Level 2: Moderate Risk (Surveillance Zone),Yes,0,2,1,3,1626017.54,29.5,38.3
THA-2024-101040,2025,1,14,10,2025-01-14,Northeast,Nakhon Ratchasima,14.96385,101.98546,National Highway (ทางหลวงแผ่นดิน),Department of Highways (DOH - กรมทางหลวง),Private Car,Speeding (ขับรถเร็วเกินกำหนด),Normal Period (ช่วงเวลาปกติ),Level 3: Critical Blackspot (Red Zone),Yes,1,2,0,3,6973684.76,53.5,68.1
THA-2025-101041,2022,1,21,17,2022-01-21,Central,Chonburi,13.64129,101.07998,Urban / City Road (ถนนในเมือง/ท้องถิ่น),Local Administration / BMA (อปท./กทม.),Private Car,Speeding (ขับรถเร็วเกินกำหนด),Normal Period (ช่วงเวลาปกติ),Level 2: Moderate Risk (Surveillance Zone),Yes,0,1,1,2,1050360.57,26.8,37.3
THA-2026-101042,2023,11,1,7,2023-11-01,North,Chiang Mai,18.7948,99.10522,Urban / City Road (ถนนในเมือง/ท้องถิ่น),Local Administration / BMA (อปท./กทม.),Motorcycle,Speeding (ขับรถเร็วเกินกำหนด),Normal Period (ช่วงเวลาปกติ),Level 2: Moderate Risk (Surveillance Zone),Yes,0,1,2,3,1277982.3,20.7,60.0
THA-2020-101043,2024,3,28,14,2024-03-28,Northeast,Khon Kaen,16.49565,102.71888,Rural Road (ทางหลวงชนบท),Department of Rural Roads (DRR - กรมทางหลวงชนบท),Private Car,Drunk driving (เมาแล้วขับ),Normal Period (ช่วงเวลาปกติ),Level 2: Moderate Risk (Surveillance Zone),Yes,0,1,3,4,1577858.79,46.6,52.4
THA-2021-101044,2023,3,11,8,2023-03-11,South,Phuket,7.82411,98.48495,National Highway (ทางหลวงแผ่นดิน),Department of Highways (DOH - กรมทางหลวง),Public Bus/Van,Drunk driving (เมาแล้วขับ),Normal Period (ช่วงเวลาปกติ),Level 1: Low Risk (Baseline Zone),No,0,0,0,0,487396.04,70.7,77.0
THA-2022-101045,2023,11,28,14,2023-11-28,Northeast,Khon Kaen,16.34575,102.85918,Rural Road (ทางหลวงชนบท),Department of Rural Roads (DRR - กรมทางหลวงชนบท),Motorcycle,Cutting off abruptly (ตัดหน้ากระชั้นชิด),Normal Period (ช่วงเวลาปกติ),Level 1: Low Risk (Baseline Zone),Yes,0,0,1,1,145648.92,36.4,16.0
THA-2023-101046,2022,5,25,6,2022-05-25,Bangkok & Vicinity,Nonthaburi,13.92283,100.48994,Urban / City Road (ถนนในเมือง/ท้องถิ่น),Local Administration / BMA (อปท./กทม.),Motorcycle,Speeding (ขับรถเร็วเกินกำหนด),Normal Period (ช่วงเวลาปกติ),Level 1: Low Risk (Baseline Zone),Yes,0,0,1,1,105354.21,28.1,70.1
THA-2024-101047,2024,1,3,19,2024-01-03,Bangkok & Vicinity,Bangkok,13.77001,100.57666,Rural Road (ทางหลวงชนบท),Department of Rural Roads (DRR - กรมทางหลวงชนบท),Private Car,Speeding (ขับรถเร็วเกินกำหนด),New Year Festival (เทศกาลปีใหม่),Level 3: Critical Blackspot (Red Zone),No,2,1,0,3,12123043.37,44.7,52.9
THA-2025-101048,2025,10,19,12,2025-10-19,Central,Saraburi,14.59947,100.95114,Urban / City Road (ถนนในเมือง/ท้องถิ่น),Local Administration / BMA (อปท./กทม.),Private Car,Speeding (ขับรถเร็วเกินกำหนด),Normal Period (ช่วงเวลาปกติ),Level 2: Moderate Risk (Surveillance Zone),Yes,0,1,3,4,960333.76,31.8,71.8
THA-2026-101049,2021,6,18,12,2021-06-18,Bangkok & Vicinity,Bangkok,13.75513,100.55466,Urban / City Road (ถนนในเมือง/ท้องถิ่น),Local Administration / BMA (อปท./กทม.),Motorcycle,Speeding (ขับรถเร็วเกินกำหนด),Normal Period (ช่วงเวลาปกติ),Level 1: Low Risk (Baseline Zone),No,0,0,1,1,77482.61,45.5,57.2
THA-2020-101050,2026,7,20,0,2026-07-20,Central,Saraburi,14.34696,101.0436,Rural Road (ทางหลวงชนบท),Department of Rural Roads (DRR - กรมทางหลวงชนบท),Motorcycle,Road defect / Slippery surface (ถนนชำรุด/ลื่น),Normal Period (ช่วงเวลาปกติ),Level 1: Low Risk (Baseline Zone),Yes,0,0,1,1,108387.51,33.2,48.3
THA-2021-101051,2024,10,28,19,2024-10-28,Northeast,Nakhon Ratchasima,14.96797,102.03165,National Highway (ทางหลวงแผ่นดิน),Department of Highways (DOH - กรมทางหลวง),Motorcycle,Running red light / Signal violation (ฝ่าฝืนสัญญาณไฟ),Normal Period (ช่วงเวลาปกติ),Level 2: Moderate Risk (Surveillance Zone),Yes,0,1,1,2,1128691.15,39.2,29.0
THA-2022-101052,2025,12,2,3,2025-12-02,South,Surat Thani,9.19215,99.37293,Urban / City Road (ถนนในเมือง/ท้องถิ่น),Local Administration / BMA (อปท./กทม.),Motorcycle,Drunk driving (เมาแล้วขับ),Normal Period (ช่วงเวลาปกติ),Level 2: Moderate Risk (Surveillance Zone),Yes,0,1,2,3,614861.43,26.1,67.6
THA-2023-101053,2023,11,25,23,2023-11-25,Central,Chonburi,13.27322,100.99078,National Highway (ทางหลวงแผ่นดิน),Department of Highways (DOH - กรมทางหลวง),Motorcycle,Road defect / Slippery surface (ถนนชำรุด/ลื่น),Normal Period (ช่วงเวลาปกติ),Level 3: Critical Blackspot (Red Zone),Yes,1,1,0,2,5464877.71,82.8,68.6
THA-2024-101054,2025,3,28,3,2025-03-28,South,Songkhla,7.17896,100.61179,Urban / City Road (ถนนในเมือง/ท้องถิ่น),Local Administration / BMA (อปท./กทม.),Public Bus/Van,Drunk driving (เมาแล้วขับ),Normal Period (ช่วงเวลาปกติ),Level 1: Low Risk (Baseline Zone),Yes,0,0,1,1,715684.66,32.4,56.3
THA-2025-101055,2020,4,26,3,2020-04-26,North,Chiang Mai,18.93446,98.98349,Urban / City Road (ถนนในเมือง/ท้องถิ่น),Local Administration / BMA (อปท./กทม.),Private Car,Speeding (ขับรถเร็วเกินกำหนด),Normal Period (ช่วงเวลาปกติ),Level 1: Low Risk (Baseline Zone),Yes,0,0,1,1,434118.39,14.0,35.1
THA-2026-101056,2025,10,7,12,2025-10-07,Central,Chonburi,13.34941,100.92347,Urban / City Road (ถนนในเมือง/ท้องถิ่น),Local Administration / BMA (อปท./กทม.),Motorcycle,Running red light / Signal violation (ฝ่าฝืนสัญญาณไฟ),Normal Period (ช่วงเวลาปกติ),Level 3: Critical Blackspot (Red Zone),No,1,0,1,2,5520173.16,26.8,24.4
THA-2020-101057,2020,11,8,1,2020-11-08,North,Chiang Rai,19.83626,99.87588,National Highway (ทางหลวงแผ่นดิน),Department of Highways (DOH - กรมทางหลวง),Private Car,Speeding (ขับรถเร็วเกินกำหนด),Normal Period (ช่วงเวลาปกติ),Level 1: Low Risk (Baseline Zone),Yes,0,0,1,1,317887.68,20.2,35.6
THA-2021-101058,2026,10,19,22,2026-10-19,Northeast,Nakhon Ratchasima,14.93762,102.08089,National Highway (ทางหลวงแผ่นดิน),Department of Highways (DOH - กรมทางหลวง),Commercial Truck,Drunk driving (เมาแล้วขับ),Normal Period (ช่วงเวลาปกติ),Level 1: Low Risk (Baseline Zone),Yes,0,0,0,0,997631.77,47.0,79.0
THA-2022-101059,2026,12,22,14,2026-12-22,Northeast,Khon Kaen,16.45004,102.82933,National Highway (ทางหลวงแผ่นดิน),Department of Highways (DOH - กรมทางหลวง),Motorcycle,Speeding (ขับรถเร็วเกินกำหนด),Normal Period (ช่วงเวลาปกติ),Level 3: Critical Blackspot (Red Zone),Yes,3,0,0,3,14579796.83,39.1,46.9
THA-2023-101060,2022,10,15,3,2022-10-15,Central,Saraburi,14.54105,100.92262,Urban / City Road (ถนนในเมือง/ท้องถิ่น),Local Administration / BMA (อปท./กทม.),Motorcycle,Cutting off abruptly (ตัดหน้ากระชั้นชิด),Normal Period (ช่วงเวลาปกติ),Level 3: Critical Blackspot (Red Zone),Yes,1,2,1,4,6534399.96,38.5,54.5
THA-2024-101061,2021,10,10,5,2021-10-10,South,Songkhla,7.23181,100.85199,Urban / City Road (ถนนในเมือง/ท้องถิ่น),Local Administration / BMA (อปท./กทม.),Motorcycle,Drunk driving (เมาแล้วขับ),Normal Period (ช่วงเวลาปกติ),Level 1: Low Risk (Baseline Zone),Yes,0,0,1,1,113260.1,29.6,34.3
THA-2025-101062,2025,10,22,2,2025-10-22,Central,Chonburi,13.47174,100.95209,Rural Road (ทางหลวงชนบท),Department of Rural Roads (DRR - กรมทางหลวงชนบท),Private Car,Cutting off abruptly (ตัดหน้ากระชั้นชิด),Normal Period (ช่วงเวลาปกติ),Level 1: Low Risk (Baseline Zone),Yes,0,0,1,1,408086.52,34.7,10.0
THA-2026-101063,2022,3,1,6,2022-03-01,North,Chiang Rai,20.0199,99.74576,National Highway (ทางหลวงแผ่นดิน),Department of Highways (DOH - กรมทางหลวง),Motorcycle,Speeding (ขับรถเร็วเกินกำหนด),Normal Period (ช่วงเวลาปกติ),Level 2: Moderate Risk (Surveillance Zone),No,0,1,1,2,1195994.71,67.7,85.3
THA-2020-101064,2025,1,6,5,2025-01-06,North,Chiang Rai,19.85954,99.90422,Expressway (ทางพิเศษ),EXAT (การทางพิเศษแห่งประเทศไทย),Public Bus/Van,Speeding (ขับรถเร็วเกินกำหนด),Normal Period (ช่วงเวลาปกติ),Level 1: Low Risk (Baseline Zone),Yes,0,0,0,0,723721.19,36.2,59.3
THA-2021-101065,2020,8,13,2,2020-08-13,Central,Chonburi,13.42193,101.03884,Expressway (ทางพิเศษ),EXAT (การทางพิเศษแห่งประเทศไทย),Motorcycle,Speeding (ขับรถเร็วเกินกำหนด),Normal Period (ช่วงเวลาปกติ),Level 3: Critical Blackspot (Red Zone),Yes,1,2,1,4,5951235.36,65.2,53.6
THA-2022-101066,2021,10,14,3,2021-10-14,Bangkok & Vicinity,Nonthaburi,13.80897,100.46089,National Highway (ทางหลวงแผ่นดิน),Department of Highways (DOH - กรมทางหลวง),Motorcycle,Running red light / Signal violation (ฝ่าฝืนสัญญาณไฟ),Normal Period (ช่วงเวลาปกติ),Level 3: Critical Blackspot (Red Zone),Yes,1,1,1,3,6633962.74,52.0,42.4
THA-2023-101067,2026,10,3,9,2026-10-03,Bangkok & Vicinity,Bangkok,13.7681,100.47909,Rural Road (ทางหลวงชนบท),Department of Rural Roads (DRR - กรมทางหลวงชนบท),Motorcycle,Fatigue / Falling asleep (หลับใน),Normal Period (ช่วงเวลาปกติ),Level 3: Critical Blackspot (Red Zone),Yes,1,1,1,3,6426837.97,42.3,41.0
THA-2024-101068,2024,2,11,20,2024-02-11,North,Chiang Mai,18.86824,98.96034,Urban / City Road (ถนนในเมือง/ท้องถิ่น),Local Administration / BMA (อปท./กทม.),Motorcycle,Cutting off abruptly (ตัดหน้ากระชั้นชิด),Normal Period (ช่วงเวลาปกติ),Level 2: Moderate Risk (Surveillance Zone),Yes,0,1,1,2,1262194.86,16.1,24.0
THA-2025-101069,2025,1,3,8,2025-01-03,North,Chiang Mai,18.76069,98.83897,Urban / City Road (ถนนในเมือง/ท้องถิ่น),Local Administration / BMA (อปท./กทม.),Private Car,Speeding (ขับรถเร็วเกินกำหนด),New Year Festival (เทศกาลปีใหม่),Level 1: Low Risk (Baseline Zone),Yes,0,0,1,1,415580.68,27.6,52.4
THA-2026-101070,2022,8,19,5,2022-08-19,North,Chiang Mai,18.86708,99.01431,Expressway (ทางพิเศษ),EXAT (การทางพิเศษแห่งประเทศไทย),Public Bus/Van,Fatigue / Falling asleep (หลับใน),Normal Period (ช่วงเวลาปกติ),Level 3: Critical Blackspot (Red Zone),No,2,0,0,2,11292443.11,27.4,24.3
THA-2020-101071,2024,7,10,19,2024-07-10,Bangkok & Vicinity,Nonthaburi,13.65636,100.55345,National Highway (ทางหลวงแผ่นดิน),Department of Highways (DOH - กรมทางหลวง),Motorcycle,Speeding (ขับรถเร็วเกินกำหนด),Normal Period (ช่วงเวลาปกติ),Level 2: Moderate Risk (Surveillance Zone),No,0,1,1,2,975988.9,49.7,85.5
THA-2021-101072,2024,7,27,10,2024-07-27,Bangkok & Vicinity,Bangkok,13.72019,100.57163,Rural Road (ทางหลวงชนบท),Department of Rural Roads (DRR - กรมทางหลวงชนบท),Public Bus/Van,Speeding (ขับรถเร็วเกินกำหนด),Normal Period (ช่วงเวลาปกติ),Level 1: Low Risk (Baseline Zone),No,0,0,1,1,854786.43,44.4,58.9
THA-2022-101073,2024,4,15,6,2024-04-15,Bangkok & Vicinity,Bangkok,13.74684,100.42941,Rural Road (ทางหลวงชนบท),Department of Rural Roads (DRR - กรมทางหลวงชนบท),Commercial Truck,Speeding (ขับรถเร็วเกินกำหนด),Songkran Festival (เทศกาลสงกรานต์),Level 1: Low Risk (Baseline Zone),Yes,0,0,1,1,1411880.64,59.2,59.4
THA-2023-101074,2024,11,11,17,2024-11-11,South,Songkhla,7.33121,100.75578,Urban / City Road (ถนนในเมือง/ท้องถิ่น),Local Administration / BMA (อปท./กทม.),Motorcycle,Road defect / Slippery surface (ถนนชำรุด/ลื่น),Normal Period (ช่วงเวลาปกติ),Level 2: Moderate Risk (Surveillance Zone),Yes,0,1,1,2,730563.51,42.7,33.0
THA-2024-101075,2024,9,15,3,2024-09-15,North,Chiang Rai,19.89379,99.87414,Urban / City Road (ถนนในเมือง/ท้องถิ่น),Local Administration / BMA (อปท./กทม.),Private Car,Speeding (ขับรถเร็วเกินกำหนด),Normal Period (ช่วงเวลาปกติ),Level 2: Moderate Risk (Surveillance Zone),Yes,0,1,1,2,1187334.17,16.7,70.3
THA-2025-101076,2023,6,26,4,2023-06-26,North,Chiang Rai,19.86917,99.68702,Expressway (ทางพิเศษ),EXAT (การทางพิเศษแห่งประเทศไทย),Motorcycle,Speeding (ขับรถเร็วเกินกำหนด),Normal Period (ช่วงเวลาปกติ),Level 1: Low Risk (Baseline Zone),Yes,0,0,1,1,155725.93,12.0,53.6
THA-2026-101077,2022,2,27,3,2022-02-27,Northeast,Ubon Ratchathani,15.36339,104.7755,Rural Road (ทางหลวงชนบท),Department of Rural Roads (DRR - กรมทางหลวงชนบท),Private Car,Cutting off abruptly (ตัดหน้ากระชั้นชิด),Normal Period (ช่วงเวลาปกติ),Level 1: Low Risk (Baseline Zone),Yes,0,0,1,1,449295.5,38.1,35.5
THA-2020-101078,2025,1,24,3,2025-01-24,Bangkok & Vicinity,Bangkok,13.87092,100.56455,Urban / City Road (ถนนในเมือง/ท้องถิ่น),Local Administration / BMA (อปท./กทม.),Motorcycle,Speeding (ขับรถเร็วเกินกำหนด),Normal Period (ช่วงเวลาปกติ),Level 1: Low Risk (Baseline Zone),Yes,0,0,1,1,96990.06,32.9,78.1
THA-2021-101079,2021,1,13,12,2021-01-13,South,Surat Thani,9.16404,99.31782,National Highway (ทางหลวงแผ่นดิน),Department of Highways (DOH - กรมทางหลวง),Private Car,Cutting off abruptly (ตัดหน้ากระชั้นชิด),Normal Period (ช่วงเวลาปกติ),Level 3: Critical Blackspot (Red Zone),No,1,0,1,2,5515850.86,51.8,23.0
THA-2022-101080,2024,9,5,15,2024-09-05,Central,Chonburi,13.42423,100.90096,National Highway (ทางหลวงแผ่นดิน),Department of Highways (DOH - กรมทางหลวง),Motorcycle,Cutting off abruptly (ตัดหน้ากระชั้นชิด),Normal Period (ช่วงเวลาปกติ),Level 3: Critical Blackspot (Red Zone),Yes,1,0,1,2,4984619.9,40.0,10.0
THA-2023-101081,2021,4,4,13,2021-04-04,Bangkok & Vicinity,Bangkok,13.8764,100.51469,National Highway (ทางหลวงแผ่นดิน),Department of Highways (DOH - กรมทางหลวง),Commercial Truck,Cutting off abruptly (ตัดหน้ากระชั้นชิด),Normal Period (ช่วงเวลาปกติ),Level 2: Moderate Risk (Surveillance Zone),Yes,0,1,2,3,1607888.66,78.2,53.0
THA-2024-101082,2024,5,13,10,2024-05-13,North,Chiang Rai,20.04505,99.82959,Urban / City Road (ถนนในเมือง/ท้องถิ่น),Local Administration / BMA (อปท./กทม.),Commercial Truck,Speeding (ขับรถเร็วเกินกำหนด),Normal Period (ช่วงเวลาปกติ),Level 1: Low Risk (Baseline Zone),Yes,0,0,1,1,1355885.43,11.7,71.5
THA-2025-101083,2025,3,9,1,2025-03-09,Central,Saraburi,14.54173,100.93455,Expressway (ทางพิเศษ),EXAT (การทางพิเศษแห่งประเทศไทย),Motorcycle,Speeding (ขับรถเร็วเกินกำหนด),Normal Period (ช่วงเวลาปกติ),Level 1: Low Risk (Baseline Zone),No,0,0,1,1,61924.24,56.9,71.3
THA-2026-101084,2021,4,25,21,2021-04-25,South,Surat Thani,9.19004,99.48448,National Highway (ทางหลวงแผ่นดิน),Department of Highways (DOH - กรมทางหลวง),Motorcycle,Fatigue / Falling asleep (หลับใน),Normal Period (ช่วงเวลาปกติ),Level 2: Moderate Risk (Surveillance Zone),Yes,0,1,1,2,1309964.57,12.2,35.6
THA-2020-101085,2020,12,17,13,2020-12-17,North,Phitsanulok,16.78167,100.25439,National Highway (ทางหลวงแผ่นดิน),Department of Highways (DOH - กรมทางหลวง),Motorcycle,Road defect / Slippery surface (ถนนชำรุด/ลื่น),Normal Period (ช่วงเวลาปกติ),Level 2: Moderate Risk (Surveillance Zone),No,0,2,1,3,2035664.33,54.4,37.7
THA-2021-101086,2021,8,2,23,2021-08-02,Northeast,Khon Kaen,16.43047,102.61521,Urban / City Road (ถนนในเมือง/ท้องถิ่น),Local Administration / BMA (อปท./กทม.),Private Car,Speeding (ขับรถเร็วเกินกำหนด),Normal Period (ช่วงเวลาปกติ),Level 2: Moderate Risk (Surveillance Zone),Yes,0,1,2,3,1691042.71,31.0,50.3
THA-2022-101087,2024,4,24,23,2024-04-24,Bangkok & Vicinity,Bangkok,13.70636,100.45771,Rural Road (ทางหลวงชนบท),Department of Rural Roads (DRR - กรมทางหลวงชนบท),Motorcycle,Speeding (ขับรถเร็วเกินกำหนด),Normal Period (ช่วงเวลาปกติ),Level 3: Critical Blackspot (Red Zone),No,3,2,1,6,16535546.92,78.2,65.6
THA-2023-101088,2025,9,5,6,2025-09-05,South,Songkhla,7.41303,100.63756,Expressway (ทางพิเศษ),EXAT (การทางพิเศษแห่งประเทศไทย),Private Car,Speeding (ขับรถเร็วเกินกำหนด),Normal Period (ช่วงเวลาปกติ),Level 2: Moderate Risk (Surveillance Zone),Yes,0,1,1,2,1166690.9,10.0,66.9
THA-2024-101089,2020,9,16,10,2020-09-16,Bangkok & Vicinity,Nonthaburi,13.90651,100.38122,National Highway (ทางหลวงแผ่นดิน),Department of Highways (DOH - กรมทางหลวง),Motorcycle,Drunk driving (เมาแล้วขับ),Normal Period (ช่วงเวลาปกติ),Level 1: Low Risk (Baseline Zone),Yes,0,0,1,1,71684.5,52.5,60.7
THA-2025-101090,2025,6,7,3,2025-06-07,South,Surat Thani,9.13255,99.40575,National Highway (ทางหลวงแผ่นดิน),Department of Highways (DOH - กรมทางหลวง),Motorcycle,Drunk driving (เมาแล้วขับ),Normal Period (ช่วงเวลาปกติ),Level 1: Low Risk (Baseline Zone),Yes,0,0,0,0,82668.71,62.9,75.5
THA-2026-101091,2022,2,1,6,2022-02-01,Northeast,Khon Kaen,16.6587,102.76201,Rural Road (ทางหลวงชนบท),Department of Rural Roads (DRR - กรมทางหลวงชนบท),Motorcycle,Speeding (ขับรถเร็วเกินกำหนด),Normal Period (ช่วงเวลาปกติ),Level 1: Low Risk (Baseline Zone),Yes,0,0,1,1,128269.63,42.3,79.4
THA-2020-101092,2023,12,28,15,2023-12-28,Northeast,Khon Kaen,16.2688,102.75382,National Highway (ทางหลวงแผ่นดิน),Department of Highways (DOH - กรมทางหลวง),Motorcycle,Drunk driving (เมาแล้วขับ),New Year Festival (เทศกาลปีใหม่),Level 2: Moderate Risk (Surveillance Zone),Yes,0,1,1,2,816999.35,85.2,71.2
THA-2021-101093,2026,10,26,5,2026-10-26,Northeast,Nakhon Ratchasima,14.91048,102.02922,National Highway (ทางหลวงแผ่นดิน),Department of Highways (DOH - กรมทางหลวง),Private Car,Drunk driving (เมาแล้วขับ),Normal Period (ช่วงเวลาปกติ),Level 1: Low Risk (Baseline Zone),No,0,0,0,0,172758.06,88.1,55.2
THA-2022-101094,2022,11,12,5,2022-11-12,Bangkok & Vicinity,Nonthaburi,13.94378,100.54425,National Highway (ทางหลวงแผ่นดิน),Department of Highways (DOH - กรมทางหลวง),Public Bus/Van,Road defect / Slippery surface (ถนนชำรุด/ลื่น),Normal Period (ช่วงเวลาปกติ),Level 2: Moderate Risk (Surveillance Zone),Yes,0,1,2,3,1985157.07,55.9,35.5
THA-2023-101095,2023,7,21,1,2023-07-21,Bangkok & Vicinity,Bangkok,13.65474,100.62926,National Highway (ทางหลวงแผ่นดิน),Department of Highways (DOH - กรมทางหลวง),Motorcycle,Speeding (ขับรถเร็วเกินกำหนด),Normal Period (ช่วงเวลาปกติ),Level 2: Moderate Risk (Surveillance Zone),No,0,1,1,2,707439.85,58.4,71.9
THA-2024-101096,2020,9,11,23,2020-09-11,Bangkok & Vicinity,Nonthaburi,14.03247,100.35995,National Highway (ทางหลวงแผ่นดิน),Department of Highways (DOH - กรมทางหลวง),Motorcycle,Speeding (ขับรถเร็วเกินกำหนด),Normal Period (ช่วงเวลาปกติ),Level 1: Low Risk (Baseline Zone),No,0,0,1,1,103184.53,66.1,74.3
THA-2025-101097,2020,6,12,7,2020-06-12,Bangkok & Vicinity,Bangkok,13.86229,100.48649,Expressway (ทางพิเศษ),EXAT (การทางพิเศษแห่งประเทศไทย),Motorcycle,Speeding (ขับรถเร็วเกินกำหนด),Normal Period (ช่วงเวลาปกติ),Level 1: Low Risk (Baseline Zone),Yes,0,0,1,1,135941.8,40.2,65.3
THA-2026-101098,2022,3,19,6,2022-03-19,Central,Chonburi,13.27632,100.85373,National Highway (ทางหลวงแผ่นดิน),Department of Highways (DOH - กรมทางหลวง),Private Car,Fatigue / Falling asleep (หลับใน),Normal Period (ช่วงเวลาปกติ),Level 1: Low Risk (Baseline Zone),No,0,0,0,0,141696.39,64.2,39.8
THA-2020-101099,2020,7,26,23,2020-07-26,North,Chiang Mai,18.74755,98.93833,National Highway (ทางหลวงแผ่นดิน),Department of Highways (DOH - กรมทางหลวง),Motorcycle,Fatigue / Falling asleep (หลับใน),Normal Period (ช่วงเวลาปกติ),Level 1: Low Risk (Baseline Zone),Yes,0,0,1,1,95138.41,46.5,10.0
THA-2021-101100,2024,5,12,13,2024-05-12,Bangkok & Vicinity,Bangkok,13.76957,100.69494,Urban / City Road (ถนนในเมือง/ท้องถิ่น),Local Administration / BMA (อปท./กทม.),Private Car,Cutting off abruptly (ตัดหน้ากระชั้นชิด),Normal Period (ช่วงเวลาปกติ),Level 3: Critical Blackspot (Red Zone),Yes,1,1,0,2,5778838.71,59.1,37.5
THA-2022-101101,2023,1,12,8,2023-01-12,South,Surat Thani,9.09249,99.19491,Rural Road (ทางหลวงชนบท),Department of Rural Roads (DRR - กรมทางหลวงชนบท),Public Bus/Van,Speeding (ขับรถเร็วเกินกำหนด),Normal Period (ช่วงเวลาปกติ),Level 1: Low Risk (Baseline Zone),Yes,0,0,1,1,1075883.31,22.1,52.4
THA-2023-101102,2023,3,14,14,2023-03-14,South,Phuket,7.85068,98.48608,Rural Road (ทางหลวงชนบท),Department of Rural Roads (DRR - กรมทางหลวงชนบท),Motorcycle,Speeding (ขับรถเร็วเกินกำหนด),Normal Period (ช่วงเวลาปกติ),Level 2: Moderate Risk (Surveillance Zone),No,0,1,1,2,567031.08,27.9,55.3
THA-2024-101103,2021,5,2,21,2021-05-02,South,Phuket,7.85811,98.45093,Rural Road (ทางหลวงชนบท),Department of Rural Roads (DRR - กรมทางหลวงชนบท),Private Car,Speeding (ขับรถเร็วเกินกำหนด),Normal Period (ช่วงเวลาปกติ),Level 2: Moderate Risk (Surveillance Zone),Yes,0,2,2,4,1872541.31,29.5,56.7
THA-2025-101104,2022,7,2,17,2022-07-02,South,Songkhla,7.1909,100.6198,Urban / City Road (ถนนในเมือง/ท้องถิ่น),Local Administration / BMA (อปท./กทม.),Motorcycle,Cutting off abruptly (ตัดหน้ากระชั้นชิด),Normal Period (ช่วงเวลาปกติ),Level 2: Moderate Risk (Surveillance Zone),Yes,0,1,1,2,966278.75,32.0,66.2
THA-2026-101105,2024,3,25,11,2024-03-25,Bangkok & Vicinity,Bangkok,13.89915,100.41467,Urban / City Road (ถนนในเมือง/ท้องถิ่น),Local Administration / BMA (อปท./กทม.),Motorcycle,Speeding (ขับรถเร็วเกินกำหนด),Normal Period (ช่วงเวลาปกติ),Level 1: Low Risk (Baseline Zone),No,0,0,1,1,107918.94,42.7,52.4
THA-2020-101106,2026,6,4,22,2026-06-04,North,Chiang Rai,19.81684,99.75881,Rural Road (ทางหลวงชนบท),Department of Rural Roads (DRR - กรมทางหลวงชนบท),Motorcycle,Speeding (ขับรถเร็วเกินกำหนด),Normal Period (ช่วงเวลาปกติ),Level 3: Critical Blackspot (Red Zone),No,1,0,1,2,5981701.43,72.2,50.9
THA-2021-101107,2020,5,20,18,2020-05-20,Central,Chonburi,13.39218,100.98951,Urban / City Road (ถนนในเมือง/ท้องถิ่น),Local Administration / BMA (อปท./กทม.),Motorcycle,Drunk driving (เมาแล้วขับ),Normal Period (ช่วงเวลาปกติ),Level 3: Critical Blackspot (Red Zone),No,1,1,0,2,6651126.3,51.0,39.2
THA-2022-101108,2026,1,23,12,2026-01-23,Northeast,Ubon Ratchathani,15.30871,104.84046,Rural Road (ทางหลวงชนบท),Department of Rural Roads (DRR - กรมทางหลวงชนบท),Motorcycle,Speeding (ขับรถเร็วเกินกำหนด),Normal Period (ช่วงเวลาปกติ),Level 3: Critical Blackspot (Red Zone),Yes,1,0,0,1,4921827.89,19.6,45.0
THA-2023-101109,2024,10,26,6,2024-10-26,Bangkok & Vicinity,Bangkok,13.7387,100.53142,National Highway (ทางหลวงแผ่นดิน),Department of Highways (DOH - กรมทางหลวง),Motorcycle,Cutting off abruptly (ตัดหน้ากระชั้นชิด),Normal Period (ช่วงเวลาปกติ),Level 2: Moderate Risk (Surveillance Zone),No,0,1,1,2,519794.91,28.1,24.6
THA-2024-101110,2024,6,16,9,2024-06-16,Central,Ayutthaya,14.50588,100.46379,Urban / City Road (ถนนในเมือง/ท้องถิ่น),Local Administration / BMA (อปท./กทม.),Motorcycle,Speeding (ขับรถเร็วเกินกำหนด),Normal Period (ช่วงเวลาปกติ),Level 1: Low Risk (Baseline Zone),Yes,0,0,0,0,27918.83,51.2,59.7
THA-2025-101111,2023,8,10,9,2023-08-10,Bangkok & Vicinity,Nonthaburi,13.77929,100.5171,Rural Road (ทางหลวงชนบท),Department of Rural Roads (DRR - กรมทางหลวงชนบท),Motorcycle,Fatigue / Falling asleep (หลับใน),Normal Period (ช่วงเวลาปกติ),Level 1: Low Risk (Baseline Zone),No,0,0,1,1,62804.29,35.1,26.2
THA-2026-101112,2020,1,13,1,2020-01-13,Bangkok & Vicinity,Nonthaburi,14.04502,100.41695,Urban / City Road (ถนนในเมือง/ท้องถิ่น),Local Administration / BMA (อปท./กทม.),Private Car,Cutting off abruptly (ตัดหน้ากระชั้นชิด),Normal Period (ช่วงเวลาปกติ),Level 2: Moderate Risk (Surveillance Zone),Yes,0,1,1,2,999392.01,26.7,43.6
THA-2020-101113,2020,2,2,13,2020-02-02,Northeast,Nakhon Ratchasima,14.979,102.01883,National Highway (ทางหลวงแผ่นดิน),Department of Highways (DOH - กรมทางหลวง),Commercial Truck,Road defect / Slippery surface (ถนนชำรุด/ลื่น),Normal Period (ช่วงเวลาปกติ),Level 1: Low Risk (Baseline Zone),Yes,0,0,1,1,782553.63,58.6,47.7
THA-2021-101114,2024,4,3,12,2024-04-03,Northeast,Khon Kaen,16.46804,102.63782,National Highway (ทางหลวงแผ่นดิน),Department of Highways (DOH - กรมทางหลวง),Motorcycle,Cutting off abruptly (ตัดหน้ากระชั้นชิด),Normal Period (ช่วงเวลาปกติ),Level 2: Moderate Risk (Surveillance Zone),No,0,1,1,2,1233521.03,62.5,26.5
THA-2022-101115,2022,12,19,21,2022-12-19,Northeast,Khon Kaen,16.33894,102.93865,Expressway (ทางพิเศษ),EXAT (การทางพิเศษแห่งประเทศไทย),Motorcycle,Road defect / Slippery surface (ถนนชำรุด/ลื่น),Normal Period (ช่วงเวลาปกติ),Level 1: Low Risk (Baseline Zone),Yes,0,0,1,1,132637.82,28.0,35.2
THA-2023-101116,2026,2,6,5,2026-02-06,Bangkok & Vicinity,Bangkok,13.75714,100.43472,National Highway (ทางหลวงแผ่นดิน),Department of Highways (DOH - กรมทางหลวง),Motorcycle,Road defect / Slippery surface (ถนนชำรุด/ลื่น),Normal Period (ช่วงเวลาปกติ),Level 3: Critical Blackspot (Red Zone),Yes,1,0,0,1,4251613.42,48.5,43.2
THA-2024-101117,2023,11,19,8,2023-11-19,Central,Saraburi,14.52478,100.9051,Expressway (ทางพิเศษ),EXAT (การทางพิเศษแห่งประเทศไทย),Commercial Truck,Cutting off abruptly (ตัดหน้ากระชั้นชิด),Normal Period (ช่วงเวลาปกติ),Level 1: Low Risk (Baseline Zone),No,0,0,0,0,638601.42,54.1,35.9
THA-2025-101118,2021,9,27,12,2021-09-27,Bangkok & Vicinity,Nonthaburi,13.91257,100.32658,Expressway (ทางพิเศษ),EXAT (การทางพิเศษแห่งประเทศไทย),Private Car,Road defect / Slippery surface (ถนนชำรุด/ลื่น),Normal Period (ช่วงเวลาปกติ),Level 1: Low Risk (Baseline Zone),Yes,0,0,1,1,294885.06,29.7,54.6
THA-2026-101119,2024,10,21,8,2024-10-21,Bangkok & Vicinity,Bangkok,13.663,100.41586,Urban / City Road (ถนนในเมือง/ท้องถิ่น),Local Administration / BMA (อปท./กทม.),Motorcycle,Speeding (ขับรถเร็วเกินกำหนด),Normal Period (ช่วงเวลาปกติ),Level 3: Critical Blackspot (Red Zone),No,1,0,0,1,4116751.73,41.0,52.2
THA-2020-101120,2022,8,20,12,2022-08-20,South,Phuket,7.93705,98.39173,Rural Road (ทางหลวงชนบท),Department of Rural Roads (DRR - กรมทางหลวงชนบท),Motorcycle,Speeding (ขับรถเร็วเกินกำหนด),Normal Period (ช่วงเวลาปกติ),Level 1: Low Risk (Baseline Zone),Yes,0,0,0,0,58741.5,22.2,46.1
THA-2021-101121,2023,8,19,4,2023-08-19,South,Surat Thani,9.26785,99.39612,Rural Road (ทางหลวงชนบท),Department of Rural Roads (DRR - กรมทางหลวงชนบท),Motorcycle,Speeding (ขับรถเร็วเกินกำหนด),Normal Period (ช่วงเวลาปกติ),Level 3: Critical Blackspot (Red Zone),Yes,1,1,0,2,4644933.63,26.5,47.6
THA-2022-101122,2024,4,8,13,2024-04-08,Central,Saraburi,14.49777,100.90634,Urban / City Road (ถนนในเมือง/ท้องถิ่น),Local Administration / BMA (อปท./กทม.),Motorcycle,Cutting off abruptly (ตัดหน้ากระชั้นชิด),Normal Period (ช่วงเวลาปกติ),Level 2: Moderate Risk (Surveillance Zone),Yes,0,1,1,2,893295.4,46.2,44.5
THA-2023-101123,2026,5,14,4,2026-05-14,Central,Ayutthaya,14.46965,100.69739,Urban / City Road (ถนนในเมือง/ท้องถิ่น),Local Administration / BMA (อปท./กทม.),Public Bus/Van,Drunk driving (เมาแล้วขับ),Normal Period (ช่วงเวลาปกติ),Level 1: Low Risk (Baseline Zone),Yes,0,0,1,1,1160198.82,37.8,30.2
THA-2024-101124,2025,4,10,8,2025-04-10,Northeast,Ubon Ratchathani,15.23619,104.75865,Rural Road (ทางหลวงชนบท),Department of Rural Roads (DRR - กรมทางหลวงชนบท),Commercial Truck,Fatigue / Falling asleep (หลับใน),Songkran Festival (เทศกาลสงกรานต์),Level 1: Low Risk (Baseline Zone),Yes,0,0,0,0,460916.04,55.4,41.5
THA-2025-101125,2024,9,3,7,2024-09-03,Northeast,Nakhon Ratchasima,14.79082,101.9087,Expressway (ทางพิเศษ),EXAT (การทางพิเศษแห่งประเทศไทย),Motorcycle,Speeding (ขับรถเร็วเกินกำหนด),Normal Period (ช่วงเวลาปกติ),Level 1: Low Risk (Baseline Zone),No,0,0,0,0,60435.87,23.5,69.8
THA-2026-101126,2024,2,6,6,2024-02-06,Bangkok & Vicinity,Bangkok,13.79879,100.54248,Rural Road (ทางหลวงชนบท),Department of Rural Roads (DRR - กรมทางหลวงชนบท),Motorcycle,Cutting off abruptly (ตัดหน้ากระชั้นชิด),Normal Period (ช่วงเวลาปกติ),Level 3: Critical Blackspot (Red Zone),No,1,1,0,2,4954923.68,24.2,32.6
THA-2020-101127,2026,11,15,7,2026-11-15,North,Chiang Rai,19.84971,99.95773,Expressway (ทางพิเศษ),EXAT (การทางพิเศษแห่งประเทศไทย),Motorcycle,Speeding (ขับรถเร็วเกินกำหนด),Normal Period (ช่วงเวลาปกติ),Level 2: Moderate Risk (Surveillance Zone),Yes,0,1,1,2,556906.47,38.1,81.3
THA-2021-101128,2022,8,23,21,2022-08-23,North,Chiang Mai,18.76968,98.93234,National Highway (ทางหลวงแผ่นดิน),Department of Highways (DOH - กรมทางหลวง),Motorcycle,Drunk driving (เมาแล้วขับ),Normal Period (ช่วงเวลาปกติ),Level 2: Moderate Risk (Surveillance Zone),No,0,1,1,2,597445.83,54.5,86.5
THA-2022-101129,2020,2,23,2,2020-02-23,Bangkok & Vicinity,Nonthaburi,13.9675,100.60687,National Highway (ทางหลวงแผ่นดิน),Department of Highways (DOH - กรมทางหลวง),Commercial Truck,Speeding (ขับรถเร็วเกินกำหนด),Normal Period (ช่วงเวลาปกติ),Level 2: Moderate Risk (Surveillance Zone),Yes,0,1,2,3,1288919.84,63.1,57.1
THA-2023-101130,2022,1,18,22,2022-01-18,Central,Chonburi,13.35646,101.03128,National Highway (ทางหลวงแผ่นดิน),Department of Highways (DOH - กรมทางหลวง),Motorcycle,Road defect / Slippery surface (ถนนชำรุด/ลื่น),Normal Period (ช่วงเวลาปกติ),Level 1: Low Risk (Baseline Zone),No,0,0,1,1,106795.98,42.2,29.3
THA-2024-101131,2021,10,14,23,2021-10-14,Northeast,Nakhon Ratchasima,15.03783,102.29357,National Highway (ทางหลวงแผ่นดิน),Department of Highways (DOH - กรมทางหลวง),Motorcycle,Speeding (ขับรถเร็วเกินกำหนด),Normal Period (ช่วงเวลาปกติ),Level 1: Low Risk (Baseline Zone),Yes,0,0,1,1,95257.34,60.7,60.2
THA-2025-101132,2024,3,19,14,2024-03-19,Bangkok & Vicinity,Bangkok,13.74451,100.39561,Urban / City Road (ถนนในเมือง/ท้องถิ่น),Local Administration / BMA (อปท./กทม.),Motorcycle,Speeding (ขับรถเร็วเกินกำหนด),Normal Period (ช่วงเวลาปกติ),Level 1: Low Risk (Baseline Zone),Yes,0,0,1,1,76593.31,58.0,64.2
THA-2026-101133,2024,9,28,7,2024-09-28,Bangkok & Vicinity,Nonthaburi,13.91839,100.519,National Highway (ทางหลวงแผ่นดิน),Department of Highways (DOH - กรมทางหลวง),Commercial Truck,Fatigue / Falling asleep (หลับใน),Normal Period (ช่วงเวลาปกติ),Level 1: Low Risk (Baseline Zone),Yes,0,0,1,1,855045.31,62.0,23.9
THA-2020-101134,2024,12,26,0,2024-12-26,Northeast,Ubon Ratchathani,15.25491,104.84449,Expressway (ทางพิเศษ),EXAT (การทางพิเศษแห่งประเทศไทย),Private Car,Cutting off abruptly (ตัดหน้ากระชั้นชิด),Normal Period (ช่วงเวลาปกติ),Level 3: Critical Blackspot (Red Zone),Yes,3,1,0,4,12634328.4,49.8,56.3
THA-2021-101135,2020,3,10,6,2020-03-10,Bangkok & Vicinity,Bangkok,13.61308,100.52532,National Highway (ทางหลวงแผ่นดิน),Department of Highways (DOH - กรมทางหลวง),Motorcycle,Speeding (ขับรถเร็วเกินกำหนด),Normal Period (ช่วงเวลาปกติ),Level 3: Critical Blackspot (Red Zone),No,2,0,0,2,10315506.79,53.0,78.3
THA-2022-101136,2025,9,15,18,2025-09-15,Central,Saraburi,14.49658,100.88298,National Highway (ทางหลวงแผ่นดิน),Department of Highways (DOH - กรมทางหลวง),Motorcycle,Cutting off abruptly (ตัดหน้ากระชั้นชิด),Normal Period (ช่วงเวลาปกติ),Level 2: Moderate Risk (Surveillance Zone),No,0,1,1,2,872409.43,62.5,53.2
THA-2023-101137,2022,7,4,1,2022-07-04,Northeast,Nakhon Ratchasima,14.94406,102.09427,National Highway (ทางหลวงแผ่นดิน),Department of Highways (DOH - กรมทางหลวง),Motorcycle,Speeding (ขับรถเร็วเกินกำหนด),Normal Period (ช่วงเวลาปกติ),Level 2: Moderate Risk (Surveillance Zone),Yes,0,1,2,3,751649.77,60.8,49.7
THA-2024-101138,2024,10,23,13,2024-10-23,Northeast,Nakhon Ratchasima,15.00334,102.09516,Rural Road (ทางหลวงชนบท),Department of Rural Roads (DRR - กรมทางหลวงชนบท),Public Bus/Van,Running red light / Signal violation (ฝ่าฝืนสัญญาณไฟ),Normal Period (ช่วงเวลาปกติ),Level 3: Critical Blackspot (Red Zone),Yes,1,1,0,2,5969433.83,51.7,33.4
THA-2025-101139,2023,1,2,17,2023-01-02,Northeast,Khon Kaen,16.53613,102.89166,National Highway (ทางหลวงแผ่นดิน),Department of Highways (DOH - กรมทางหลวง),Motorcycle,Cutting off abruptly (ตัดหน้ากระชั้นชิด),New Year Festival (เทศกาลปีใหม่),Level 1: Low Risk (Baseline Zone),Yes,0,0,1,1,105020.33,72.9,22.1
THA-2026-101140,2022,10,3,14,2022-10-03,Central,Ayutthaya,14.34662,100.47522,National Highway (ทางหลวงแผ่นดิน),Department of Highways (DOH - กรมทางหลวง),Motorcycle,Speeding (ขับรถเร็วเกินกำหนด),Normal Period (ช่วงเวลาปกติ),Level 3: Critical Blackspot (Red Zone),No,1,2,0,3,6476002.42,70.0,89.3
THA-2020-101141,2021,5,7,13,2021-05-07,North,Chiang Mai,18.84055,98.95696,Urban / City Road (ถนนในเมือง/ท้องถิ่น),Local Administration / BMA (อปท./กทม.),Motorcycle,Cutting off abruptly (ตัดหน้ากระชั้นชิด),Normal Period (ช่วงเวลาปกติ),Level 3: Critical Blackspot (Red Zone),Yes,1,1,0,2,4469142.87,41.3,23.6
THA-2021-101142,2020,9,23,23,2020-09-23,Northeast,Ubon Ratchathani,15.22943,104.72862,National Highway (ทางหลวงแผ่นดิน),Department of Highways (DOH - กรมทางหลวง),Private Car,Speeding (ขับรถเร็วเกินกำหนด),Normal Period (ช่วงเวลาปกติ),Level 1: Low Risk (Baseline Zone),Yes,0,0,1,1,331019.63,73.5,58.6
THA-2022-101143,2025,12,16,18,2025-12-16,Northeast,Nakhon Ratchasima,15.01712,102.3312,National Highway (ทางหลวงแผ่นดิน),Department of Highways (DOH - กรมทางหลวง),Motorcycle,Fatigue / Falling asleep (หลับใน),Normal Period (ช่วงเวลาปกติ),Level 3: Critical Blackspot (Red Zone),No,2,0,0,2,8846910.19,50.9,10.0
THA-2023-101144,2026,3,10,18,2026-03-10,Bangkok & Vicinity,Nonthaburi,13.81653,100.56943,Urban / City Road (ถนนในเมือง/ท้องถิ่น),Local Administration / BMA (อปท./กทม.),Motorcycle,Road defect / Slippery surface (ถนนชำรุด/ลื่น),Normal Period (ช่วงเวลาปกติ),Level 1: Low Risk (Baseline Zone),No,0,0,1,1,123574.15,43.1,33.3
THA-2024-101145,2024,9,19,21,2024-09-19,Central,Saraburi,14.64103,100.86373,National Highway (ทางหลวงแผ่นดิน),Department of Highways (DOH - กรมทางหลวง),Private Car,Road defect / Slippery surface (ถนนชำรุด/ลื่น),Normal Period (ช่วงเวลาปกติ),Level 1: Low Risk (Baseline Zone),Yes,0,0,1,1,361766.77,57.5,37.9
THA-2025-101146,2020,5,28,16,2020-05-28,Central,Chonburi,13.14283,101.0473,National Highway (ทางหลวงแผ่นดิน),Department of Highways (DOH - กรมทางหลวง),Private Car,Speeding (ขับรถเร็วเกินกำหนด),Normal Period (ช่วงเวลาปกติ),Level 3: Critical Blackspot (Red Zone),Yes,1,0,0,1,4099382.82,46.1,36.1
THA-2026-101147,2023,9,17,21,2023-09-17,Northeast,Ubon Ratchathani,15.25194,104.87532,National Highway (ทางหลวงแผ่นดิน),Department of Highways (DOH - กรมทางหลวง),Private Car,Speeding (ขับรถเร็วเกินกำหนด),Normal Period (ช่วงเวลาปกติ),Level 2: Moderate Risk (Surveillance Zone),Yes,0,1,1,2,1573310.18,66.8,52.5
THA-2020-101148,2025,10,28,18,2025-10-28,Central,Saraburi,14.53384,101.01518,National Highway (ทางหลวงแผ่นดิน),Department of Highways (DOH - กรมทางหลวง),Commercial Truck,Speeding (ขับรถเร็วเกินกำหนด),Normal Period (ช่วงเวลาปกติ),Level 1: Low Risk (Baseline Zone),Yes,0,0,1,1,1199500.12,56.0,59.3
THA-2021-101149,2025,6,19,15,2025-06-19,Central,Saraburi,14.52012,101.10618,Rural Road (ทางหลวงชนบท),Department of Rural Roads (DRR - กรมทางหลวงชนบท),Motorcycle,Drunk driving (เมาแล้วขับ),Normal Period (ช่วงเวลาปกติ),Level 1: Low Risk (Baseline Zone),Yes,0,0,0,0,68827.46,26.6,41.8
THA-2022-101150,2020,9,5,19,2020-09-05,Central,Chonburi,13.42392,101.07573,National Highway (ทางหลวงแผ่นดิน),Department of Highways (DOH - กรมทางหลวง),Motorcycle,Cutting off abruptly (ตัดหน้ากระชั้นชิด),Normal Period (ช่วงเวลาปกติ),Level 2: Moderate Risk (Surveillance Zone),No,0,2,3,5,1837129.44,38.7,31.5
THA-2023-101151,2020,7,23,18,2020-07-23,Central,Ayutthaya,14.35379,100.59638,Urban / City Road (ถนนในเมือง/ท้องถิ่น),Local Administration / BMA (อปท./กทม.),Public Bus/Van,Cutting off abruptly (ตัดหน้ากระชั้นชิด),Normal Period (ช่วงเวลาปกติ),Level 3: Critical Blackspot (Red Zone),No,2,0,0,2,11098679.74,32.4,39.6
THA-2024-101152,2024,7,20,0,2024-07-20,Northeast,Ubon Ratchathani,15.09273,104.79537,Urban / City Road (ถนนในเมือง/ท้องถิ่น),Local Administration / BMA (อปท./กทม.),Motorcycle,Road defect / Slippery surface (ถนนชำรุด/ลื่น),Normal Period (ช่วงเวลาปกติ),Level 1: Low Risk (Baseline Zone),Yes,0,0,1,1,152530.73,39.2,53.8
THA-2025-101153,2022,8,13,18,2022-08-13,Northeast,Ubon Ratchathani,15.34179,104.84128,National Highway (ทางหลวงแผ่นดิน),Department of Highways (DOH - กรมทางหลวง),Private Car,Speeding (ขับรถเร็วเกินกำหนด),Normal Period (ช่วงเวลาปกติ),Level 1: Low Risk (Baseline Zone),Yes,0,0,1,1,261470.55,51.8,59.1
THA-2026-101154,2022,7,13,6,2022-07-13,Northeast,Khon Kaen,16.33096,102.76202,Expressway (ทางพิเศษ),EXAT (การทางพิเศษแห่งประเทศไทย),Private Car,Speeding (ขับรถเร็วเกินกำหนด),Normal Period (ช่วงเวลาปกติ),Level 2: Moderate Risk (Surveillance Zone),Yes,0,1,1,2,1057322.62,71.7,44.4
THA-2020-101155,2020,12,11,22,2020-12-11,Central,Chonburi,13.29879,100.9812,National Highway (ทางหลวงแผ่นดิน),Department of Highways (DOH - กรมทางหลวง),Motorcycle,Speeding (ขับรถเร็วเกินกำหนด),Normal Period (ช่วงเวลาปกติ),Level 3: Critical Blackspot (Red Zone),No,1,0,1,2,3872151.02,11.1,69.5
THA-2021-101156,2023,9,11,10,2023-09-11,Bangkok & Vicinity,Bangkok,13.68122,100.62988,National Highway (ทางหลวงแผ่นดิน),Department of Highways (DOH - กรมทางหลวง),Motorcycle,Speeding (ขับรถเร็วเกินกำหนด),Normal Period (ช่วงเวลาปกติ),Level 3: Critical Blackspot (Red Zone),Yes,1,1,0,2,4669376.95,28.0,74.5
THA-2022-101157,2025,11,16,4,2025-11-16,South,Phuket,7.89914,98.2667,National Highway (ทางหลวงแผ่นดิน),Department of Highways (DOH - กรมทางหลวง),Private Car,Speeding (ขับรถเร็วเกินกำหนด),Normal Period (ช่วงเวลาปกติ),Level 1: Low Risk (Baseline Zone),Yes,0,0,1,1,327395.43,55.1,77.8
THA-2023-101158,2026,9,15,16,2026-09-15,Central,Saraburi,14.66715,100.90668,National Highway (ทางหลวงแผ่นดิน),Department of Highways (DOH - กรมทางหลวง),Commercial Truck,Cutting off abruptly (ตัดหน้ากระชั้นชิด),Normal Period (ช่วงเวลาปกติ),Level 2: Moderate Risk (Surveillance Zone),Yes,0,1,1,2,1946702.05,41.7,40.3
THA-2024-101159,2024,6,17,10,2024-06-17,Bangkok & Vicinity,Bangkok,13.80184,100.52941,Rural Road (ทางหลวงชนบท),Department of Rural Roads (DRR - กรมทางหลวงชนบท),Private Car,Speeding (ขับรถเร็วเกินกำหนด),Normal Period (ช่วงเวลาปกติ),Level 1: Low Risk (Baseline Zone),Yes,0,0,1,1,189310.48,55.4,60.6
THA-2025-101160,2023,7,22,23,2023-07-22,Central,Ayutthaya,14.39077,100.53748,National Highway (ทางหลวงแผ่นดิน),Department of Highways (DOH - กรมทางหลวง),Motorcycle,Speeding (ขับรถเร็วเกินกำหนด),Normal Period (ช่วงเวลาปกติ),Level 2: Moderate Risk (Surveillance Zone),Yes,0,1,2,3,563456.62,87.5,53.4
THA-2026-101161,2020,2,18,7,2020-02-18,Bangkok & Vicinity,Bangkok,13.78607,100.48837,Urban / City Road (ถนนในเมือง/ท้องถิ่น),Local Administration / BMA (อปท./กทม.),Motorcycle,Drunk driving (เมาแล้วขับ),Normal Period (ช่วงเวลาปกติ),Level 3: Critical Blackspot (Red Zone),Yes,1,1,1,3,5208331.39,28.9,78.1
THA-2020-101162,2023,9,28,9,2023-09-28,North,Chiang Mai,18.82089,98.96858,Rural Road (ทางหลวงชนบท),Department of Rural Roads (DRR - กรมทางหลวงชนบท),Motorcycle,Speeding (ขับรถเร็วเกินกำหนด),Normal Period (ช่วงเวลาปกติ),Level 1: Low Risk (Baseline Zone),Yes,0,0,0,0,76871.24,10.0,73.0
THA-2021-101163,2022,12,19,11,2022-12-19,Central,Chonburi,13.335,100.85312,National Highway (ทางหลวงแผ่นดิน),Department of Highways (DOH - กรมทางหลวง),Motorcycle,Drunk driving (เมาแล้วขับ),Normal Period (ช่วงเวลาปกติ),Level 1: Low Risk (Baseline Zone),Yes,0,0,0,0,41916.81,65.3,47.1
THA-2022-101164,2024,1,4,9,2024-01-04,Bangkok & Vicinity,Bangkok,13.75583,100.52202,Urban / City Road (ถนนในเมือง/ท้องถิ่น),Local Administration / BMA (อปท./กทม.),Motorcycle,Speeding (ขับรถเร็วเกินกำหนด),New Year Festival (เทศกาลปีใหม่),Level 1: Low Risk (Baseline Zone),No,0,0,1,1,83069.74,41.7,55.7
THA-2023-101165,2022,1,22,12,2022-01-22,Central,Ayutthaya,14.5196,100.61154,Expressway (ทางพิเศษ),EXAT (การทางพิเศษแห่งประเทศไทย),Public Bus/Van,Cutting off abruptly (ตัดหน้ากระชั้นชิด),Normal Period (ช่วงเวลาปกติ),Level 2: Moderate Risk (Surveillance Zone),Yes,0,1,1,2,2439943.82,25.9,26.6
THA-2024-101166,2021,3,22,17,2021-03-22,Central,Ayutthaya,14.28798,100.47708,National Highway (ทางหลวงแผ่นดิน),Department of Highways (DOH - กรมทางหลวง),Private Car,Road defect / Slippery surface (ถนนชำรุด/ลื่น),Normal Period (ช่วงเวลาปกติ),Level 2: Moderate Risk (Surveillance Zone),Yes,0,1,3,4,1553612.31,60.8,43.9
THA-2025-101167,2020,12,23,9,2020-12-23,Northeast,Nakhon Ratchasima,15.00397,102.03075,National Highway (ทางหลวงแผ่นดิน),Department of Highways (DOH - กรมทางหลวง),Private Car,Speeding (ขับรถเร็วเกินกำหนด),Normal Period (ช่วงเวลาปกติ),Level 1: Low Risk (Baseline Zone),Yes,0,0,1,1,344789.54,60.1,43.7
THA-2026-101168,2022,6,5,18,2022-06-05,Bangkok & Vicinity,Bangkok,13.70514,100.43447,National Highway (ทางหลวงแผ่นดิน),Department of Highways (DOH - กรมทางหลวง),Motorcycle,Cutting off abruptly (ตัดหน้ากระชั้นชิด),Normal Period (ช่วงเวลาปกติ),Level 1: Low Risk (Baseline Zone),No,0,0,1,1,147594.75,57.5,48.9
THA-2020-101169,2020,5,7,19,2020-05-07,North,Chiang Mai,18.75873,99.05155,Rural Road (ทางหลวงชนบท),Department of Rural Roads (DRR - กรมทางหลวงชนบท),Motorcycle,Fatigue / Falling asleep (หลับใน),Normal Period (ช่วงเวลาปกติ),Level 1: Low Risk (Baseline Zone),No,0,0,1,1,94579.97,43.6,43.2
THA-2021-101170,2021,2,2,16,2021-02-02,Northeast,Khon Kaen,16.25311,102.94012,Rural Road (ทางหลวงชนบท),Department of Rural Roads (DRR - กรมทางหลวงชนบท),Public Bus/Van,Cutting off abruptly (ตัดหน้ากระชั้นชิด),Normal Period (ช่วงเวลาปกติ),Level 2: Moderate Risk (Surveillance Zone),Yes,0,1,2,3,1939147.12,43.6,34.3
THA-2022-101171,2026,9,1,19,2026-09-01,South,Songkhla,7.15723,100.55723,National Highway (ทางหลวงแผ่นดิน),Department of Highways (DOH - กรมทางหลวง),Motorcycle,Speeding (ขับรถเร็วเกินกำหนด),Normal Period (ช่วงเวลาปกติ),Level 1: Low Risk (Baseline Zone),Yes,0,0,0,0,68796.88,59.6,66.4
THA-2023-101172,2023,10,12,15,2023-10-12,Northeast,Khon Kaen,16.5121,102.80504,Rural Road (ทางหลวงชนบท),Department of Rural Roads (DRR - กรมทางหลวงชนบท),Motorcycle,Cutting off abruptly (ตัดหน้ากระชั้นชิด),Normal Period (ช่วงเวลาปกติ),Level 1: Low Risk (Baseline Zone),Yes,0,0,1,1,135272.3,41.2,45.2
THA-2024-101173,2023,4,10,4,2023-04-10,Bangkok & Vicinity,Nonthaburi,13.76788,100.37643,Rural Road (ทางหลวงชนบท),Department of Rural Roads (DRR - กรมทางหลวงชนบท),Motorcycle,Drunk driving (เมาแล้วขับ),Songkran Festival (เทศกาลสงกรานต์),Level 1: Low Risk (Baseline Zone),No,0,0,1,1,164800.66,44.4,61.1
THA-2025-101174,2026,4,8,2,2026-04-08,Northeast,Khon Kaen,16.49479,102.89198,Rural Road (ทางหลวงชนบท),Department of Rural Roads (DRR - กรมทางหลวงชนบท),Commercial Truck,Road defect / Slippery surface (ถนนชำรุด/ลื่น),Normal Period (ช่วงเวลาปกติ),Level 2: Moderate Risk (Surveillance Zone),No,0,2,2,4,2356558.35,44.0,44.6
THA-2026-101175,2026,5,1,14,2026-05-01,Northeast,Nakhon Ratchasima,14.94273,102.21672,National Highway (ทางหลวงแผ่นดิน),Department of Highways (DOH - กรมทางหลวง),Commercial Truck,Speeding (ขับรถเร็วเกินกำหนด),Normal Period (ช่วงเวลาปกติ),Level 1: Low Risk (Baseline Zone),Yes,0,0,1,1,1385229.03,33.0,51.0
THA-2020-101176,2024,8,12,1,2024-08-12,Central,Chonburi,13.36432,101.10422,National Highway (ทางหลวงแผ่นดิน),Department of Highways (DOH - กรมทางหลวง),Motorcycle,Speeding (ขับรถเร็วเกินกำหนด),Normal Period (ช่วงเวลาปกติ),Level 2: Moderate Risk (Surveillance Zone),No,0,2,1,3,960700.46,34.1,52.2
THA-2021-101177,2025,10,2,12,2025-10-02,Bangkok & Vicinity,Bangkok,13.67014,100.40462,National Highway (ทางหลวงแผ่นดิน),Department of Highways (DOH - กรมทางหลวง),Commercial Truck,Speeding (ขับรถเร็วเกินกำหนด),Normal Period (ช่วงเวลาปกติ),Level 3: Critical Blackspot (Red Zone),No,1,1,0,2,6095557.78,49.1,58.5
THA-2022-101178,2022,4,27,21,2022-04-27,Central,Chonburi,13.31487,100.94874,Rural Road (ทางหลวงชนบท),Department of Rural Roads (DRR - กรมทางหลวงชนบท),Motorcycle,Speeding (ขับรถเร็วเกินกำหนด),Normal Period (ช่วงเวลาปกติ),Level 3: Critical Blackspot (Red Zone),No,1,2,0,3,6459818.54,65.5,67.8
THA-2023-101179,2022,5,28,7,2022-05-28,Northeast,Nakhon Ratchasima,15.0835,102.1242,Expressway (ทางพิเศษ),EXAT (การทางพิเศษแห่งประเทศไทย),Motorcycle,Speeding (ขับรถเร็วเกินกำหนด),Normal Period (ช่วงเวลาปกติ),Level 3: Critical Blackspot (Red Zone),No,1,2,1,4,6093407.62,55.0,60.2
THA-2024-101180,2023,12,10,22,2023-12-10,South,Surat Thani,9.06987,99.3225,Rural Road (ทางหลวงชนบท),Department of Rural Roads (DRR - กรมทางหลวงชนบท),Commercial Truck,Speeding (ขับรถเร็วเกินกำหนด),Normal Period (ช่วงเวลาปกติ),Level 2: Moderate Risk (Surveillance Zone),Yes,0,1,2,3,1504095.06,41.9,55.4
THA-2025-101181,2024,4,22,16,2024-04-22,North,Chiang Mai,18.74978,98.91296,National Highway (ทางหลวงแผ่นดิน),Department of Highways (DOH - กรมทางหลวง),Commercial Truck,Speeding (ขับรถเร็วเกินกำหนด),Normal Period (ช่วงเวลาปกติ),Level 3: Critical Blackspot (Red Zone),Yes,2,0,1,3,12438152.89,98.0,86.0
THA-2026-101182,2024,6,17,3,2024-06-17,Northeast,Khon Kaen,16.42502,102.80642,National Highway (ทางหลวงแผ่นดิน),Department of Highways (DOH - กรมทางหลวง),Private Car,Speeding (ขับรถเร็วเกินกำหนด),Normal Period (ช่วงเวลาปกติ),Level 2: Moderate Risk (Surveillance Zone),Yes,0,2,1,3,1375974.66,50.8,56.9
THA-2020-101183,2022,12,26,18,2022-12-26,South,Surat Thani,9.06929,99.25163,Urban / City Road (ถนนในเมือง/ท้องถิ่น),Local Administration / BMA (อปท./กทม.),Private Car,Road defect / Slippery surface (ถนนชำรุด/ลื่น),Normal Period (ช่วงเวลาปกติ),Level 1: Low Risk (Baseline Zone),Yes,0,0,1,1,260763.87,29.4,69.7
THA-2021-101184,2021,3,3,21,2021-03-03,Bangkok & Vicinity,Bangkok,13.82961,100.53991,Urban / City Road (ถนนในเมือง/ท้องถิ่น),Local Administration / BMA (อปท./กทม.),Commercial Truck,Speeding (ขับรถเร็วเกินกำหนด),Normal Period (ช่วงเวลาปกติ),Level 1: Low Risk (Baseline Zone),Yes,0,0,0,0,1061751.95,51.8,56.6
THA-2022-101185,2024,8,7,8,2024-08-07,South,Surat Thani,9.22313,99.29596,Rural Road (ทางหลวงชนบท),Department of Rural Roads (DRR - กรมทางหลวงชนบท),Private Car,Speeding (ขับรถเร็วเกินกำหนด),Normal Period (ช่วงเวลาปกติ),Level 1: Low Risk (Baseline Zone),Yes,0,0,0,0,138177.6,74.8,39.4
THA-2023-101186,2021,6,12,22,2021-06-12,Northeast,Ubon Ratchathani,15.1469,104.79565,National Highway (ทางหลวงแผ่นดิน),Department of Highways (DOH - กรมทางหลวง),Commercial Truck,Speeding (ขับรถเร็วเกินกำหนด),Normal Period (ช่วงเวลาปกติ),Level 2: Moderate Risk (Surveillance Zone),Yes,0,2,1,3,2087902.47,96.4,75.9
THA-2024-101187,2024,10,8,14,2024-10-08,Bangkok & Vicinity,Bangkok,13.84876,100.35776,National Highway (ทางหลวงแผ่นดิน),Department of Highways (DOH - กรมทางหลวง),Private Car,Road defect / Slippery surface (ถนนชำรุด/ลื่น),Normal Period (ช่วงเวลาปกติ),Level 2: Moderate Risk (Surveillance Zone),No,0,1,2,3,1399646.22,68.8,30.9
THA-2025-101188,2024,5,20,8,2024-05-20,North,Chiang Mai,18.91832,98.88539,Rural Road (ทางหลวงชนบท),Department of Rural Roads (DRR - กรมทางหลวงชนบท),Public Bus/Van,Drunk driving (เมาแล้วขับ),Normal Period (ช่วงเวลาปกติ),Level 2: Moderate Risk (Surveillance Zone),No,0,1,2,3,1517828.41,54.4,46.7
THA-2026-101189,2024,2,12,23,2024-02-12,Central,Chonburi,13.43127,100.89286,Expressway (ทางพิเศษ),EXAT (การทางพิเศษแห่งประเทศไทย),Public Bus/Van,Fatigue / Falling asleep (หลับใน),Normal Period (ช่วงเวลาปกติ),Level 3: Critical Blackspot (Red Zone),Yes,1,1,0,2,7106852.36,51.3,40.7
THA-2020-101190,2025,10,3,20,2025-10-03,Bangkok & Vicinity,Bangkok,13.70273,100.31663,Rural Road (ทางหลวงชนบท),Department of Rural Roads (DRR - กรมทางหลวงชนบท),Motorcycle,Speeding (ขับรถเร็วเกินกำหนด),Normal Period (ช่วงเวลาปกติ),Level 2: Moderate Risk (Surveillance Zone),Yes,0,2,2,4,1096801.47,47.8,49.0
THA-2021-101191,2026,10,17,8,2026-10-17,Northeast,Khon Kaen,16.59904,102.87533,Rural Road (ทางหลวงชนบท),Department of Rural Roads (DRR - กรมทางหลวงชนบท),Commercial Truck,Fatigue / Falling asleep (หลับใน),Normal Period (ช่วงเวลาปกติ),Level 2: Moderate Risk (Surveillance Zone),Yes,0,1,2,3,1213223.78,49.2,48.2
THA-2022-101192,2023,7,28,13,2023-07-28,North,Chiang Mai,18.84533,98.94094,Rural Road (ทางหลวงชนบท),Department of Rural Roads (DRR - กรมทางหลวงชนบท),Motorcycle,Cutting off abruptly (ตัดหน้ากระชั้นชิด),Normal Period (ช่วงเวลาปกติ),Level 3: Critical Blackspot (Red Zone),No,2,1,0,3,12200181.09,21.6,59.6
THA-2023-101193,2025,2,9,22,2025-02-09,Northeast,Khon Kaen,16.34843,102.89349,National Highway (ทางหลวงแผ่นดิน),Department of Highways (DOH - กรมทางหลวง),Motorcycle,Speeding (ขับรถเร็วเกินกำหนด),Normal Period (ช่วงเวลาปกติ),Level 1: Low Risk (Baseline Zone),No,0,0,1,1,106408.52,71.6,41.8
THA-2024-101194,2024,1,10,20,2024-01-10,Bangkok & Vicinity,Bangkok,13.64802,100.48676,Urban / City Road (ถนนในเมือง/ท้องถิ่น),Local Administration / BMA (อปท./กทม.),Private Car,Cutting off abruptly (ตัดหน้ากระชั้นชิด),Normal Period (ช่วงเวลาปกติ),Level 1: Low Risk (Baseline Zone),Yes,0,0,1,1,395669.92,38.5,19.3
THA-2025-101195,2021,7,22,15,2021-07-22,Central,Saraburi,14.41633,100.92196,Rural Road (ทางหลวงชนบท),Department of Rural Roads (DRR - กรมทางหลวงชนบท),Motorcycle,Fatigue / Falling asleep (หลับใน),Normal Period (ช่วงเวลาปกติ),Level 1: Low Risk (Baseline Zone),No,0,0,0,0,52328.08,42.7,44.1
THA-2026-101196,2020,5,6,23,2020-05-06,South,Songkhla,7.00308,100.48105,Expressway (ทางพิเศษ),EXAT (การทางพิเศษแห่งประเทศไทย),Motorcycle,Fatigue / Falling asleep (หลับใน),Normal Period (ช่วงเวลาปกติ),Level 3: Critical Blackspot (Red Zone),No,1,1,0,2,4509462.23,47.1,44.1
THA-2020-101197,2022,1,25,22,2022-01-25,South,Surat Thani,9.06082,99.37683,National Highway (ทางหลวงแผ่นดิน),Department of Highways (DOH - กรมทางหลวง),Commercial Truck,Road defect / Slippery surface (ถนนชำรุด/ลื่น),Normal Period (ช่วงเวลาปกติ),Level 1: Low Risk (Baseline Zone),Yes,0,0,1,1,426213.91,54.9,43.2
THA-2021-101198,2023,4,1,16,2023-04-01,Central,Chonburi,13.31328,101.07322,National Highway (ทางหลวงแผ่นดิน),Department of Highways (DOH - กรมทางหลวง),Motorcycle,Road defect / Slippery surface (ถนนชำรุด/ลื่น),Normal Period (ช่วงเวลาปกติ),Level 2: Moderate Risk (Surveillance Zone),Yes,0,1,2,3,632149.13,38.9,29.6
THA-2022-101199,2024,12,22,12,2024-12-22,Bangkok & Vicinity,Bangkok,13.89136,100.47402,Rural Road (ทางหลวงชนบท),Department of Rural Roads (DRR - กรมทางหลวงชนบท),Motorcycle,Speeding (ขับรถเร็วเกินกำหนด),Normal Period (ช่วงเวลาปกติ),Level 1: Low Risk (Baseline Zone),Yes,0,0,1,1,81374.22,21.4,54.4
THA-2023-101200,2025,4,12,8,2025-04-12,Central,Chonburi,13.22804,101.07161,National Highway (ทางหลวงแผ่นดิน),Department of Highways (DOH - กรมทางหลวง),Public Bus/Van,Cutting off abruptly (ตัดหน้ากระชั้นชิด),Songkran Festival (เทศกาลสงกรานต์),Level 1: Low Risk (Baseline Zone),Yes,0,0,0,0,1164793.85,37.0,36.5
THA-2024-101201,2021,10,5,14,2021-10-05,Bangkok & Vicinity,Bangkok,13.61756,100.42051,National Highway (ทางหลวงแผ่นดิน),Department of Highways (DOH - กรมทางหลวง),Motorcycle,Speeding (ขับรถเร็วเกินกำหนด),Normal Period (ช่วงเวลาปกติ),Level 1: Low Risk (Baseline Zone),No,0,0,1,1,140342.36,29.4,71.8
THA-2025-101202,2021,7,13,6,2021-07-13,Bangkok & Vicinity,Bangkok,13.6032,100.58848,National Highway (ทางหลวงแผ่นดิน),Department of Highways (DOH - กรมทางหลวง),Motorcycle,Road defect / Slippery surface (ถนนชำรุด/ลื่น),Normal Period (ช่วงเวลาปกติ),Level 3: Critical Blackspot (Red Zone),No,1,0,0,1,5310157.22,68.9,35.7
THA-2026-101203,2026,9,27,0,2026-09-27,North,Chiang Mai,18.83979,99.13095,Urban / City Road (ถนนในเมือง/ท้องถิ่น),Local Administration / BMA (อปท./กทม.),Motorcycle,Speeding (ขับรถเร็วเกินกำหนด),Normal Period (ช่วงเวลาปกติ),Level 1: Low Risk (Baseline Zone),Yes,0,0,1,1,90419.84,26.9,70.8
THA-2020-101204,2020,2,15,0,2020-02-15,Northeast,Nakhon Ratchasima,14.94019,102.02364,Rural Road (ทางหลวงชนบท),Department of Rural Roads (DRR - กรมทางหลวงชนบท),Motorcycle,Fatigue / Falling asleep (หลับใน),Normal Period (ช่วงเวลาปกติ),Level 1: Low Risk (Baseline Zone),Yes,0,0,1,1,98870.29,23.3,22.4
THA-2021-101205,2023,12,22,4,2023-12-22,Central,Chonburi,13.31387,100.86475,National Highway (ทางหลวงแผ่นดิน),Department of Highways (DOH - กรมทางหลวง),Private Car,Speeding (ขับรถเร็วเกินกำหนด),Normal Period (ช่วงเวลาปกติ),Level 3: Critical Blackspot (Red Zone),Yes,1,0,1,2,6063574.05,54.6,72.0
THA-2022-101206,2024,1,11,23,2024-01-11,Northeast,Ubon Ratchathani,15.37338,105.1512,Rural Road (ทางหลวงชนบท),Department of Rural Roads (DRR - กรมทางหลวงชนบท),Commercial Truck,Speeding (ขับรถเร็วเกินกำหนด),Normal Period (ช่วงเวลาปกติ),Level 2: Moderate Risk (Surveillance Zone),Yes,0,1,1,2,1477404.75,45.9,72.2
THA-2023-101207,2023,2,8,8,2023-02-08,North,Phitsanulok,16.75596,100.31924,National Highway (ทางหลวงแผ่นดิน),Department of Highways (DOH - กรมทางหลวง),Motorcycle,Speeding (ขับรถเร็วเกินกำหนด),Normal Period (ช่วงเวลาปกติ),Level 3: Critical Blackspot (Red Zone),Yes,1,1,1,3,4819232.1,62.2,58.1
THA-2024-101208,2020,7,5,11,2020-07-05,Bangkok & Vicinity,Nonthaburi,13.84811,100.55316,Expressway (ทางพิเศษ),EXAT (การทางพิเศษแห่งประเทศไทย),Commercial Truck,Speeding (ขับรถเร็วเกินกำหนด),Normal Period (ช่วงเวลาปกติ),Level 2: Moderate Risk (Surveillance Zone),Yes,0,2,2,4,1805509.65,53.1,54.3
THA-2025-101209,2020,10,2,5,2020-10-02,South,Songkhla,7.27097,100.51142,Rural Road (ทางหลวงชนบท),Department of Rural Roads (DRR - กรมทางหลวงชนบท),Motorcycle,Road defect / Slippery surface (ถนนชำรุด/ลื่น),Normal Period (ช่วงเวลาปกติ),Level 2: Moderate Risk (Surveillance Zone),No,0,1,1,2,685322.06,42.3,47.0
THA-2026-101210,2020,6,12,12,2020-06-12,North,Chiang Rai,19.86743,99.94888,Rural Road (ทางหลวงชนบท),Department of Rural Roads (DRR - กรมทางหลวงชนบท),Motorcycle,Speeding (ขับรถเร็วเกินกำหนด),Normal Period (ช่วงเวลาปกติ),Level 3: Critical Blackspot (Red Zone),Yes,1,0,1,2,4848871.54,35.9,40.0
THA-2020-101211,2024,4,28,7,2024-04-28,North,Phitsanulok,16.8669,100.29536,National Highway (ทางหลวงแผ่นดิน),Department of Highways (DOH - กรมทางหลวง),Private Car,Cutting off abruptly (ตัดหน้ากระชั้นชิด),Normal Period (ช่วงเวลาปกติ),Level 3: Critical Blackspot (Red Zone),Yes,1,1,1,3,5691026.73,48.1,53.5
THA-2021-101212,2023,1,2,14,2023-01-02,Bangkok & Vicinity,Bangkok,13.80217,100.55651,Urban / City Road (ถนนในเมือง/ท้องถิ่น),Local Administration / BMA (อปท./กทม.),Private Car,Speeding (ขับรถเร็วเกินกำหนด),New Year Festival (เทศกาลปีใหม่),Level 2: Moderate Risk (Surveillance Zone),Yes,0,1,3,4,1325826.39,10.0,83.5
THA-2022-101213,2021,1,26,5,2021-01-26,Central,Chonburi,13.4653,101.05254,Urban / City Road (ถนนในเมือง/ท้องถิ่น),Local Administration / BMA (อปท./กทม.),Private Car,Speeding (ขับรถเร็วเกินกำหนด),Normal Period (ช่วงเวลาปกติ),Level 2: Moderate Risk (Surveillance Zone),Yes,0,2,1,3,2553284.26,15.8,72.6
THA-2023-101214,2024,5,16,5,2024-05-16,Northeast,Ubon Ratchathani,15.24023,104.87907,Urban / City Road (ถนนในเมือง/ท้องถิ่น),Local Administration / BMA (อปท./กทม.),Motorcycle,Speeding (ขับรถเร็วเกินกำหนด),Normal Period (ช่วงเวลาปกติ),Level 1: Low Risk (Baseline Zone),Yes,0,0,0,0,86475.53,54.8,71.5
THA-2024-101215,2025,1,21,3,2025-01-21,Bangkok & Vicinity,Nonthaburi,13.85603,100.44625,National Highway (ทางหลวงแผ่นดิน),Department of Highways (DOH - กรมทางหลวง),Motorcycle,Speeding (ขับรถเร็วเกินกำหนด),Normal Period (ช่วงเวลาปกติ),Level 3: Critical Blackspot (Red Zone),No,1,2,0,3,6008471.34,71.1,40.4
THA-2025-101216,2020,12,3,10,2020-12-03,Bangkok & Vicinity,Bangkok,13.75165,100.49156,National Highway (ทางหลวงแผ่นดิน),Department of Highways (DOH - กรมทางหลวง),Motorcycle,Road defect / Slippery surface (ถนนชำรุด/ลื่น),Normal Period (ช่วงเวลาปกติ),Level 1: Low Risk (Baseline Zone),No,0,0,0,0,87274.49,32.2,36.0
THA-2026-101217,2023,7,10,20,2023-07-10,Northeast,Ubon Ratchathani,15.09197,104.91704,Rural Road (ทางหลวงชนบท),Department of Rural Roads (DRR - กรมทางหลวงชนบท),Motorcycle,Cutting off abruptly (ตัดหน้ากระชั้นชิด),Normal Period (ช่วงเวลาปกติ),Level 2: Moderate Risk (Surveillance Zone),Yes,0,1,3,4,1276337.6,12.3,57.1
THA-2020-101218,2024,11,19,17,2024-11-19,Northeast,Ubon Ratchathani,15.3298,104.89624,National Highway (ทางหลวงแผ่นดิน),Department of Highways (DOH - กรมทางหลวง),Private Car,Speeding (ขับรถเร็วเกินกำหนด),Normal Period (ช่วงเวลาปกติ),Level 1: Low Risk (Baseline Zone),Yes,0,0,1,1,356468.46,63.3,54.5
THA-2021-101219,2022,1,8,2,2022-01-08,Bangkok & Vicinity,Nonthaburi,13.94172,100.49757,National Highway (ทางหลวงแผ่นดิน),Department of Highways (DOH - กรมทางหลวง),Motorcycle,Cutting off abruptly (ตัดหน้ากระชั้นชิด),Normal Period (ช่วงเวลาปกติ),Level 1: Low Risk (Baseline Zone),Yes,0,0,0,0,75691.56,56.1,36.7
THA-2022-101220,2022,1,7,2,2022-01-07,South,Surat Thani,9.09193,99.4069,Expressway (ทางพิเศษ),EXAT (การทางพิเศษแห่งประเทศไทย),Private Car,Speeding (ขับรถเร็วเกินกำหนด),Normal Period (ช่วงเวลาปกติ),Level 2: Moderate Risk (Surveillance Zone),Yes,0,1,1,2,886365.94,46.9,55.2
THA-2023-101221,2024,2,1,11,2024-02-01,Bangkok & Vicinity,Bangkok,13.66101,100.40339,National Highway (ทางหลวงแผ่นดิน),Department of Highways (DOH - กรมทางหลวง),Motorcycle,Speeding (ขับรถเร็วเกินกำหนด),Normal Period (ช่วงเวลาปกติ),Level 2: Moderate Risk (Surveillance Zone),No,0,1,1,2,950631.53,54.1,41.3
THA-2024-101222,2026,11,12,20,2026-11-12,North,Phitsanulok,16.86143,100.30377,Expressway (ทางพิเศษ),EXAT (การทางพิเศษแห่งประเทศไทย),Motorcycle,Cutting off abruptly (ตัดหน้ากระชั้นชิด),Normal Period (ช่วงเวลาปกติ),Level 1: Low Risk (Baseline Zone),No,0,0,1,1,134305.15,66.4,48.4
THA-2025-101223,2025,12,28,20,2025-12-28,South,Surat Thani,9.22191,99.16756,National Highway (ทางหลวงแผ่นดิน),Department of Highways (DOH - กรมทางหลวง),Motorcycle,Speeding (ขับรถเร็วเกินกำหนด),New Year Festival (เทศกาลปีใหม่),Level 2: Moderate Risk (Surveillance Zone),No,0,1,2,3,1252352.68,44.1,67.7
THA-2026-101224,2024,10,5,5,2024-10-05,North,Chiang Rai,19.9017,99.73887,Rural Road (ทางหลวงชนบท),Department of Rural Roads (DRR - กรมทางหลวงชนบท),Motorcycle,Drunk driving (เมาแล้วขับ),Normal Period (ช่วงเวลาปกติ),Level 2: Moderate Risk (Surveillance Zone),No,0,1,1,2,1195426.74,14.4,54.8
THA-2020-101225,2025,3,16,20,2025-03-16,Northeast,Khon Kaen,16.50918,102.94364,Rural Road (ทางหลวงชนบท),Department of Rural Roads (DRR - กรมทางหลวงชนบท),Commercial Truck,Cutting off abruptly (ตัดหน้ากระชั้นชิด),Normal Period (ช่วงเวลาปกติ),Level 3: Critical Blackspot (Red Zone),Yes,1,1,0,2,6935896.72,34.7,31.4
THA-2021-101226,2022,11,25,5,2022-11-25,North,Chiang Rai,19.9559,99.79039,Rural Road (ทางหลวงชนบท),Department of Rural Roads (DRR - กรมทางหลวงชนบท),Motorcycle,Fatigue / Falling asleep (หลับใน),Normal Period (ช่วงเวลาปกติ),Level 1: Low Risk (Baseline Zone),No,0,0,0,0,34845.86,75.6,25.4
THA-2022-101227,2024,1,4,7,2024-01-04,Bangkok & Vicinity,Nonthaburi,13.79473,100.47634,Expressway (ทางพิเศษ),EXAT (การทางพิเศษแห่งประเทศไทย),Motorcycle,Road defect / Slippery surface (ถนนชำรุด/ลื่น),New Year Festival (เทศกาลปีใหม่),Level 3: Critical Blackspot (Red Zone),No,1,2,0,3,6193579.39,56.3,10.0
THA-2023-101228,2023,9,17,14,2023-09-17,South,Songkhla,7.0999,100.59997,National Highway (ทางหลวงแผ่นดิน),Department of Highways (DOH - กรมทางหลวง),Commercial Truck,Speeding (ขับรถเร็วเกินกำหนด),Normal Period (ช่วงเวลาปกติ),Level 2: Moderate Risk (Surveillance Zone),Yes,0,1,2,3,1902054.18,60.7,74.0
THA-2024-101229,2021,10,24,17,2021-10-24,North,Chiang Rai,19.84292,99.71625,Urban / City Road (ถนนในเมือง/ท้องถิ่น),Local Administration / BMA (อปท./กทม.),Private Car,Speeding (ขับรถเร็วเกินกำหนด),Normal Period (ช่วงเวลาปกติ),Level 1: Low Risk (Baseline Zone),Yes,0,0,0,0,389738.14,44.2,72.0
THA-2025-101230,2024,8,21,19,2024-08-21,South,Phuket,7.91466,98.4335,Rural Road (ทางหลวงชนบท),Department of Rural Roads (DRR - กรมทางหลวงชนบท),Motorcycle,Speeding (ขับรถเร็วเกินกำหนด),Normal Period (ช่วงเวลาปกติ),Level 2: Moderate Risk (Surveillance Zone),Yes,0,1,1,2,1249070.44,22.4,36.5
THA-2026-101231,2023,5,2,15,2023-05-02,Bangkok & Vicinity,Nonthaburi,14.01505,100.47441,National Highway (ทางหลวงแผ่นดิน),Department of Highways (DOH - กรมทางหลวง),Motorcycle,Speeding (ขับรถเร็วเกินกำหนด),Normal Period (ช่วงเวลาปกติ),Level 2: Moderate Risk (Surveillance Zone),No,0,2,2,4,1076883.78,78.0,79.8
THA-2020-101232,2022,11,12,5,2022-11-12,Bangkok & Vicinity,Bangkok,13.58618,100.57518,Urban / City Road (ถนนในเมือง/ท้องถิ่น),Local Administration / BMA (อปท./กทม.),Private Car,Fatigue / Falling asleep (หลับใน),Normal Period (ช่วงเวลาปกติ),Level 1: Low Risk (Baseline Zone),Yes,0,0,1,1,486659.31,36.4,43.8
THA-2021-101233,2026,2,1,20,2026-02-01,Bangkok & Vicinity,Bangkok,13.8398,100.60458,National Highway (ทางหลวงแผ่นดิน),Department of Highways (DOH - กรมทางหลวง),Public Bus/Van,Drunk driving (เมาแล้วขับ),Normal Period (ช่วงเวลาปกติ),Level 2: Moderate Risk (Surveillance Zone),Yes,0,2,2,4,2621567.58,36.8,47.4
THA-2022-101234,2020,5,12,16,2020-05-12,Northeast,Ubon Ratchathani,15.37722,104.981,Urban / City Road (ถนนในเมือง/ท้องถิ่น),Local Administration / BMA (อปท./กทม.),Commercial Truck,Cutting off abruptly (ตัดหน้ากระชั้นชิด),Normal Period (ช่วงเวลาปกติ),Level 3: Critical Blackspot (Red Zone),Yes,1,1,0,2,5266092.1,63.6,52.3
THA-2023-101235,2022,6,12,8,2022-06-12,North,Chiang Mai,18.70039,99.12463,National Highway (ทางหลวงแผ่นดิน),Department of Highways (DOH - กรมทางหลวง),Motorcycle,Cutting off abruptly (ตัดหน้ากระชั้นชิด),Normal Period (ช่วงเวลาปกติ),Level 2: Moderate Risk (Surveillance Zone),Yes,0,1,1,2,679481.19,41.9,30.9
THA-2024-101236,2020,1,12,18,2020-01-12,Central,Saraburi,14.49938,100.98266,Urban / City Road (ถนนในเมือง/ท้องถิ่น),Local Administration / BMA (อปท./กทม.),Public Bus/Van,Speeding (ขับรถเร็วเกินกำหนด),Normal Period (ช่วงเวลาปกติ),Level 1: Low Risk (Baseline Zone),Yes,0,0,0,0,1275581.17,36.5,81.3
THA-2025-101237,2025,11,19,17,2025-11-19,Northeast,Nakhon Ratchasima,15.00325,102.01025,Rural Road (ทางหลวงชนบท),Department of Rural Roads (DRR - กรมทางหลวงชนบท),Motorcycle,Cutting off abruptly (ตัดหน้ากระชั้นชิด),Normal Period (ช่วงเวลาปกติ),Level 2: Moderate Risk (Surveillance Zone),Yes,0,1,1,2,679254.51,12.7,62.7
THA-2026-101238,2024,4,25,22,2024-04-25,South,Surat Thani,9.24263,99.28045,National Highway (ทางหลวงแผ่นดิน),Department of Highways (DOH - กรมทางหลวง),Motorcycle,Fatigue / Falling asleep (หลับใน),Normal Period (ช่วงเวลาปกติ),Level 3: Critical Blackspot (Red Zone),No,1,2,0,3,6855218.74,68.7,56.1
THA-2020-101239,2022,9,17,4,2022-09-17,Bangkok & Vicinity,Bangkok,13.92359,100.43311,Rural Road (ทางหลวงชนบท),Department of Rural Roads (DRR - กรมทางหลวงชนบท),Commercial Truck,Cutting off abruptly (ตัดหน้ากระชั้นชิด),Normal Period (ช่วงเวลาปกติ),Level 3: Critical Blackspot (Red Zone),No,1,0,1,2,4887798.52,44.1,41.4
THA-2021-101240,2024,2,20,5,2024-02-20,Central,Saraburi,14.4385,100.85114,National Highway (ทางหลวงแผ่นดิน),Department of Highways (DOH - กรมทางหลวง),Motorcycle,Speeding (ขับรถเร็วเกินกำหนด),Normal Period (ช่วงเวลาปกติ),Level 1: Low Risk (Baseline Zone),No,0,0,0,0,81322.31,76.0,58.7
THA-2022-101241,2022,5,24,11,2022-05-24,Central,Chonburi,13.49567,100.84365,National Highway (ทางหลวงแผ่นดิน),Department of Highways (DOH - กรมทางหลวง),Motorcycle,Drunk driving (เมาแล้วขับ),Normal Period (ช่วงเวลาปกติ),Level 1: Low Risk (Baseline Zone),No,0,0,1,1,78379.47,60.9,49.6
THA-2023-101242,2025,1,24,10,2025-01-24,Central,Chonburi,13.44328,101.14961,National Highway (ทางหลวงแผ่นดิน),Department of Highways (DOH - กรมทางหลวง),Motorcycle,Speeding (ขับรถเร็วเกินกำหนด),Normal Period (ช่วงเวลาปกติ),Level 3: Critical Blackspot (Red Zone),Yes,1,0,1,2,5131960.73,43.1,70.8
THA-2024-101243,2023,4,26,15,2023-04-26,Central,Saraburi,14.51366,100.87542,National Highway (ทางหลวงแผ่นดิน),Department of Highways (DOH - กรมทางหลวง),Motorcycle,Cutting off abruptly (ตัดหน้ากระชั้นชิด),Normal Period (ช่วงเวลาปกติ),Level 3: Critical Blackspot (Red Zone),Yes,1,1,0,2,4284833.55,69.8,58.8
THA-2025-101244,2023,4,28,19,2023-04-28,Central,Chonburi,13.36829,100.88368,National Highway (ทางหลวงแผ่นดิน),Department of Highways (DOH - กรมทางหลวง),Private Car,Cutting off abruptly (ตัดหน้ากระชั้นชิด),Normal Period (ช่วงเวลาปกติ),Level 3: Critical Blackspot (Red Zone),Yes,2,0,0,2,10548967.19,54.7,40.9
THA-2026-101245,2026,6,11,16,2026-06-11,Northeast,Khon Kaen,16.67054,102.88388,Rural Road (ทางหลวงชนบท),Department of Rural Roads (DRR - กรมทางหลวงชนบท),Private Car,Cutting off abruptly (ตัดหน้ากระชั้นชิด),Normal Period (ช่วงเวลาปกติ),Level 2: Moderate Risk (Surveillance Zone),Yes,0,2,1,3,1154978.6,43.3,62.6
THA-2020-101246,2022,10,13,19,2022-10-13,Bangkok & Vicinity,Bangkok,13.64645,100.42915,Rural Road (ทางหลวงชนบท),Department of Rural Roads (DRR - กรมทางหลวงชนบท),Motorcycle,Drunk driving (เมาแล้วขับ),Normal Period (ช่วงเวลาปกติ),Level 3: Critical Blackspot (Red Zone),No,2,1,1,4,9909005.04,27.7,87.1
THA-2021-101247,2021,9,27,8,2021-09-27,Bangkok & Vicinity,Bangkok,13.77242,100.3853,Rural Road (ทางหลวงชนบท),Department of Rural Roads (DRR - กรมทางหลวงชนบท),Motorcycle,Road defect / Slippery surface (ถนนชำรุด/ลื่น),Normal Period (ช่วงเวลาปกติ),Level 3: Critical Blackspot (Red Zone),Yes,1,2,1,4,6408498.88,21.4,49.7
THA-2022-101248,2024,3,8,0,2024-03-08,South,Phuket,7.74501,98.41874,National Highway (ทางหลวงแผ่นดิน),Department of Highways (DOH - กรมทางหลวง),Public Bus/Van,Speeding (ขับรถเร็วเกินกำหนด),Normal Period (ช่วงเวลาปกติ),Level 3: Critical Blackspot (Red Zone),No,1,0,1,2,6120145.92,36.2,72.7
THA-2023-101249,2026,9,10,2,2026-09-10,Northeast,Khon Kaen,16.52274,102.90597,Rural Road (ทางหลวงชนบท),Department of Rural Roads (DRR - กรมทางหลวงชนบท),Commercial Truck,Road defect / Slippery surface (ถนนชำรุด/ลื่น),Normal Period (ช่วงเวลาปกติ),Level 2: Moderate Risk (Surveillance Zone),No,0,1,2,3,2305378.14,38.3,58.2
THA-2024-101250,2022,6,8,20,2022-06-08,Central,Chonburi,13.35572,100.95999,Rural Road (ทางหลวงชนบท),Department of Rural Roads (DRR - กรมทางหลวงชนบท),Motorcycle,Cutting off abruptly (ตัดหน้ากระชั้นชิด),Normal Period (ช่วงเวลาปกติ),Level 2: Moderate Risk (Surveillance Zone),Yes,0,2,3,5,2142810.5,35.3,33.5
THA-2025-101251,2020,7,20,22,2020-07-20,Northeast,Nakhon Ratchasima,14.98455,102.18709,National Highway (ทางหลวงแผ่นดิน),Department of Highways (DOH - กรมทางหลวง),Public Bus/Van,Drunk driving (เมาแล้วขับ),Normal Period (ช่วงเวลาปกติ),Level 1: Low Risk (Baseline Zone),Yes,0,0,0,0,1338774.06,49.4,67.6
THA-2026-101252,2022,12,8,8,2022-12-08,Bangkok & Vicinity,Bangkok,13.64319,100.43183,Urban / City Road (ถนนในเมือง/ท้องถิ่น),Local Administration / BMA (อปท./กทม.),Private Car,Fatigue / Falling asleep (หลับใน),Normal Period (ช่วงเวลาปกติ),Level 1: Low Risk (Baseline Zone),Yes,0,0,1,1,407720.3,23.0,39.2
THA-2020-101253,2023,10,9,21,2023-10-09,Bangkok & Vicinity,Bangkok,13.7223,100.48,Rural Road (ทางหลวงชนบท),Department of Rural Roads (DRR - กรมทางหลวงชนบท),Motorcycle,Cutting off abruptly (ตัดหน้ากระชั้นชิด),Normal Period (ช่วงเวลาปกติ),Level 1: Low Risk (Baseline Zone),No,0,0,0,0,61787.84,68.9,32.6
THA-2021-101254,2021,2,7,18,2021-02-07,Northeast,Ubon Ratchathani,15.2399,104.84506,Rural Road (ทางหลวงชนบท),Department of Rural Roads (DRR - กรมทางหลวงชนบท),Motorcycle,Fatigue / Falling asleep (หลับใน),Normal Period (ช่วงเวลาปกติ),Level 1: Low Risk (Baseline Zone),Yes,0,0,1,1,139885.9,35.9,15.0
THA-2022-101255,2024,11,14,12,2024-11-14,North,Phitsanulok,16.88176,100.10725,National Highway (ทางหลวงแผ่นดิน),Department of Highways (DOH - กรมทางหลวง),Motorcycle,Speeding (ขับรถเร็วเกินกำหนด),Normal Period (ช่วงเวลาปกติ),Level 3: Critical Blackspot (Red Zone),Yes,1,1,1,3,5877591.99,66.2,84.0
THA-2023-101256,2026,10,28,22,2026-10-28,Bangkok & Vicinity,Bangkok,13.61217,100.44193,National Highway (ทางหลวงแผ่นดิน),Department of Highways (DOH - กรมทางหลวง),Private Car,Speeding (ขับรถเร็วเกินกำหนด),Normal Period (ช่วงเวลาปกติ),Level 1: Low Risk (Baseline Zone),Yes,0,0,0,0,255608.01,64.2,75.2
THA-2024-101257,2023,6,2,13,2023-06-02,Northeast,Nakhon Ratchasima,15.05762,102.03912,Urban / City Road (ถนนในเมือง/ท้องถิ่น),Local Administration / BMA (อปท./กทม.),Motorcycle,Drunk driving (เมาแล้วขับ),Normal Period (ช่วงเวลาปกติ),Level 1: Low Risk (Baseline Zone),No,0,0,1,1,86751.77,51.7,69.3
THA-2025-101258,2022,6,25,19,2022-06-25,Bangkok & Vicinity,Bangkok,13.7526,100.51333,Urban / City Road (ถนนในเมือง/ท้องถิ่น),Local Administration / BMA (อปท./กทม.),Motorcycle,Road defect / Slippery surface (ถนนชำรุด/ลื่น),Normal Period (ช่วงเวลาปกติ),Level 1: Low Risk (Baseline Zone),No,0,0,0,0,61038.0,46.9,56.8
THA-2026-101259,2023,2,11,18,2023-02-11,Northeast,Khon Kaen,16.46065,102.96441,National Highway (ทางหลวงแผ่นดิน),Department of Highways (DOH - กรมทางหลวง),Motorcycle,Road defect / Slippery surface (ถนนชำรุด/ลื่น),Normal Period (ช่วงเวลาปกติ),Level 3: Critical Blackspot (Red Zone),Yes,1,1,1,3,5816263.43,51.0,71.0
THA-2020-101260,2020,2,8,22,2020-02-08,Bangkok & Vicinity,Nonthaburi,13.92462,100.60317,National Highway (ทางหลวงแผ่นดิน),Department of Highways (DOH - กรมทางหลวง),Public Bus/Van,Drunk driving (เมาแล้วขับ),Normal Period (ช่วงเวลาปกติ),Level 1: Low Risk (Baseline Zone),Yes,0,0,0,0,795334.81,40.1,64.7
THA-2021-101261,2026,2,13,6,2026-02-13,Central,Chonburi,13.34969,101.11732,Rural Road (ทางหลวงชนบท),Department of Rural Roads (DRR - กรมทางหลวงชนบท),Motorcycle,Cutting off abruptly (ตัดหน้ากระชั้นชิด),Normal Period (ช่วงเวลาปกติ),Level 1: Low Risk (Baseline Zone),Yes,0,0,1,1,79880.01,13.1,69.4
THA-2022-101262,2023,10,21,3,2023-10-21,North,Chiang Mai,18.79474,98.80932,Rural Road (ทางหลวงชนบท),Department of Rural Roads (DRR - กรมทางหลวงชนบท),Commercial Truck,Speeding (ขับรถเร็วเกินกำหนด),Normal Period (ช่วงเวลาปกติ),Level 2: Moderate Risk (Surveillance Zone),Yes,0,1,1,2,2112514.74,19.4,81.4
THA-2023-101263,2022,12,15,11,2022-12-15,North,Phitsanulok,17.04235,100.27006,Urban / City Road (ถนนในเมือง/ท้องถิ่น),Local Administration / BMA (อปท./กทม.),Public Bus/Van,Running red light / Signal violation (ฝ่าฝืนสัญญาณไฟ),Normal Period (ช่วงเวลาปกติ),Level 2: Moderate Risk (Surveillance Zone),Yes,0,2,1,3,2956371.89,41.6,48.8
THA-2024-101264,2024,1,28,22,2024-01-28,Bangkok & Vicinity,Bangkok,13.80398,100.40563,National Highway (ทางหลวงแผ่นดิน),Department of Highways (DOH - กรมทางหลวง),Motorcycle,Speeding (ขับรถเร็วเกินกำหนด),Normal Period (ช่วงเวลาปกติ),Level 3: Critical Blackspot (Red Zone),Yes,1,2,0,3,4835450.01,30.8,48.3
THA-2025-101265,2023,5,3,13,2023-05-03,Bangkok & Vicinity,Bangkok,13.95404,100.43041,National Highway (ทางหลวงแผ่นดิน),Department of Highways (DOH - กรมทางหลวง),Motorcycle,Drunk driving (เมาแล้วขับ),Normal Period (ช่วงเวลาปกติ),Level 3: Critical Blackspot (Red Zone),No,2,1,1,4,10904400.34,38.1,77.0
THA-2026-101266,2024,8,23,1,2024-08-23,North,Chiang Rai,19.87583,99.70298,National Highway (ทางหลวงแผ่นดิน),Department of Highways (DOH - กรมทางหลวง),Motorcycle,Cutting off abruptly (ตัดหน้ากระชั้นชิด),Normal Period (ช่วงเวลาปกติ),Level 2: Moderate Risk (Surveillance Zone),Yes,0,1,2,3,1235933.66,62.8,26.6
THA-2020-101267,2020,2,14,0,2020-02-14,Northeast,Nakhon Ratchasima,15.01271,102.07246,National Highway (ทางหลวงแผ่นดิน),Department of Highways (DOH - กรมทางหลวง),Commercial Truck,Drunk driving (เมาแล้วขับ),Normal Period (ช่วงเวลาปกติ),Level 1: Low Risk (Baseline Zone),No,0,0,0,0,866962.12,49.3,69.6
THA-2021-101268,2025,5,15,17,2025-05-15,Northeast,Khon Kaen,16.29328,102.81752,National Highway (ทางหลวงแผ่นดิน),Department of Highways (DOH - กรมทางหลวง),Motorcycle,Cutting off abruptly (ตัดหน้ากระชั้นชิด),Normal Period (ช่วงเวลาปกติ),Level 1: Low Risk (Baseline Zone),No,0,0,1,1,111386.68,47.1,24.0
THA-2022-101269,2026,12,2,19,2026-12-02,North,Chiang Mai,18.79683,98.96303,Urban / City Road (ถนนในเมือง/ท้องถิ่น),Local Administration / BMA (อปท./กทม.),Motorcycle,Running red light / Signal violation (ฝ่าฝืนสัญญาณไฟ),Normal Period (ช่วงเวลาปกติ),Level 1: Low Risk (Baseline Zone),No,0,0,1,1,101726.94,64.2,22.5
THA-2023-101270,2024,8,19,7,2024-08-19,Northeast,Ubon Ratchathani,15.08092,104.87347,Rural Road (ทางหลวงชนบท),Department of Rural Roads (DRR - กรมทางหลวงชนบท),Motorcycle,Cutting off abruptly (ตัดหน้ากระชั้นชิด),Normal Period (ช่วงเวลาปกติ),Level 3: Critical Blackspot (Red Zone),Yes,1,2,0,3,6151175.58,43.0,52.1
THA-2024-101271,2026,10,12,2,2026-10-12,Central,Saraburi,14.41481,100.99083,Urban / City Road (ถนนในเมือง/ท้องถิ่น),Local Administration / BMA (อปท./กทม.),Motorcycle,Road defect / Slippery surface (ถนนชำรุด/ลื่น),Normal Period (ช่วงเวลาปกติ),Level 1: Low Risk (Baseline Zone),No,0,0,1,1,137988.77,26.4,21.0
THA-2025-101272,2021,5,25,5,2021-05-25,Central,Chonburi,13.31111,101.06819,National Highway (ทางหลวงแผ่นดิน),Department of Highways (DOH - กรมทางหลวง),Public Bus/Van,Speeding (ขับรถเร็วเกินกำหนด),Normal Period (ช่วงเวลาปกติ),Level 2: Moderate Risk (Surveillance Zone),No,0,1,1,2,1186401.38,34.3,75.4
THA-2026-101273,2023,2,20,21,2023-02-20,Bangkok & Vicinity,Bangkok,13.75757,100.50769,National Highway (ทางหลวงแผ่นดิน),Department of Highways (DOH - กรมทางหลวง),Private Car,Cutting off abruptly (ตัดหน้ากระชั้นชิด),Normal Period (ช่วงเวลาปกติ),Level 3: Critical Blackspot (Red Zone),Yes,2,0,0,2,9585037.42,67.2,52.7
THA-2020-101274,2024,3,4,12,2024-03-04,Northeast,Nakhon Ratchasima,15.09477,102.02443,National Highway (ทางหลวงแผ่นดิน),Department of Highways (DOH - กรมทางหลวง),Commercial Truck,Drunk driving (เมาแล้วขับ),Normal Period (ช่วงเวลาปกติ),Level 2: Moderate Risk (Surveillance Zone),Yes,0,1,2,3,2455700.09,49.5,56.4
THA-2021-101275,2024,6,3,8,2024-06-03,Bangkok & Vicinity,Bangkok,13.65768,100.55181,National Highway (ทางหลวงแผ่นดิน),Department of Highways (DOH - กรมทางหลวง),Motorcycle,Drunk driving (เมาแล้วขับ),Normal Period (ช่วงเวลาปกติ),Level 2: Moderate Risk (Surveillance Zone),No,0,1,1,2,685526.55,48.9,93.9
THA-2022-101276,2023,11,5,8,2023-11-05,Bangkok & Vicinity,Nonthaburi,13.74384,100.44151,Urban / City Road (ถนนในเมือง/ท้องถิ่น),Local Administration / BMA (อปท./กทม.),Motorcycle,Road defect / Slippery surface (ถนนชำรุด/ลื่น),Normal Period (ช่วงเวลาปกติ),Level 1: Low Risk (Baseline Zone),Yes,0,0,0,0,47456.02,54.0,64.7
THA-2023-101277,2022,11,3,19,2022-11-03,South,Songkhla,7.03348,100.71796,National Highway (ทางหลวงแผ่นดิน),Department of Highways (DOH - กรมทางหลวง),Public Bus/Van,Speeding (ขับรถเร็วเกินกำหนด),Normal Period (ช่วงเวลาปกติ),Level 2: Moderate Risk (Surveillance Zone),No,0,1,1,2,1827900.73,27.2,84.7
THA-2024-101278,2021,5,25,8,2021-05-25,Bangkok & Vicinity,Bangkok,13.66606,100.44291,National Highway (ทางหลวงแผ่นดิน),Department of Highways (DOH - กรมทางหลวง),Motorcycle,Speeding (ขับรถเร็วเกินกำหนด),Normal Period (ช่วงเวลาปกติ),Level 2: Moderate Risk (Surveillance Zone),Yes,0,1,1,2,1291961.79,41.0,80.0
THA-2025-101279,2022,11,15,14,2022-11-15,Northeast,Nakhon Ratchasima,14.8638,102.06311,National Highway (ทางหลวงแผ่นดิน),Department of Highways (DOH - กรมทางหลวง),Public Bus/Van,Cutting off abruptly (ตัดหน้ากระชั้นชิด),Normal Period (ช่วงเวลาปกติ),Level 2: Moderate Risk (Surveillance Zone),Yes,0,1,1,2,1820342.96,46.7,32.9
THA-2026-101280,2021,4,19,12,2021-04-19,Northeast,Khon Kaen,16.41934,102.89794,National Highway (ทางหลวงแผ่นดิน),Department of Highways (DOH - กรมทางหลวง),Motorcycle,Speeding (ขับรถเร็วเกินกำหนด),Normal Period (ช่วงเวลาปกติ),Level 1: Low Risk (Baseline Zone),Yes,0,0,1,1,135318.26,51.9,52.1
THA-2020-101281,2025,4,2,21,2025-04-02,Central,Chonburi,13.24212,100.93062,Urban / City Road (ถนนในเมือง/ท้องถิ่น),Local Administration / BMA (อปท./กทม.),Motorcycle,Running red light / Signal violation (ฝ่าฝืนสัญญาณไฟ),Normal Period (ช่วงเวลาปกติ),Level 1: Low Risk (Baseline Zone),Yes,0,0,1,1,92269.58,12.8,31.7
THA-2021-101282,2021,5,12,15,2021-05-12,Northeast,Nakhon Ratchasima,15.10795,102.1915,National Highway (ทางหลวงแผ่นดิน),Department of Highways (DOH - กรมทางหลวง),Private Car,Speeding (ขับรถเร็วเกินกำหนด),Normal Period (ช่วงเวลาปกติ),Level 2: Moderate Risk (Surveillance Zone),Yes,0,2,2,4,1961263.71,49.4,54.0
THA-2022-101283,2020,2,5,1,2020-02-05,Bangkok & Vicinity,Bangkok,13.6953,100.49735,Urban / City Road (ถนนในเมือง/ท้องถิ่น),Local Administration / BMA (อปท./กทม.),Public Bus/Van,Cutting off abruptly (ตัดหน้ากระชั้นชิด),Normal Period (ช่วงเวลาปกติ),Level 1: Low Risk (Baseline Zone),Yes,0,0,1,1,914697.03,58.5,54.3
THA-2023-101284,2023,9,22,13,2023-09-22,North,Chiang Mai,18.96542,98.87784,Rural Road (ทางหลวงชนบท),Department of Rural Roads (DRR - กรมทางหลวงชนบท),Public Bus/Van,Speeding (ขับรถเร็วเกินกำหนด),Normal Period (ช่วงเวลาปกติ),Level 1: Low Risk (Baseline Zone),No,0,0,1,1,1360077.82,34.0,69.4
THA-2024-101285,2024,2,17,5,2024-02-17,Northeast,Nakhon Ratchasima,14.80699,102.04955,National Highway (ทางหลวงแผ่นดิน),Department of Highways (DOH - กรมทางหลวง),Motorcycle,Cutting off abruptly (ตัดหน้ากระชั้นชิด),Normal Period (ช่วงเวลาปกติ),Level 1: Low Risk (Baseline Zone),Yes,0,0,1,1,146319.47,86.2,42.7
THA-2025-101286,2026,10,14,1,2026-10-14,Bangkok & Vicinity,Bangkok,13.7488,100.4296,National Highway (ทางหลวงแผ่นดิน),Department of Highways (DOH - กรมทางหลวง),Motorcycle,Speeding (ขับรถเร็วเกินกำหนด),Normal Period (ช่วงเวลาปกติ),Level 1: Low Risk (Baseline Zone),Yes,0,0,1,1,123980.63,53.9,63.5
THA-2026-101287,2024,2,28,7,2024-02-28,North,Chiang Mai,18.87622,99.00426,Urban / City Road (ถนนในเมือง/ท้องถิ่น),Local Administration / BMA (อปท./กทม.),Private Car,Speeding (ขับรถเร็วเกินกำหนด),Normal Period (ช่วงเวลาปกติ),Level 1: Low Risk (Baseline Zone),Yes,0,0,0,0,361024.06,41.7,73.9
THA-2020-101288,2022,10,27,3,2022-10-27,Bangkok & Vicinity,Bangkok,13.7019,100.45329,Urban / City Road (ถนนในเมือง/ท้องถิ่น),Local Administration / BMA (อปท./กทม.),Private Car,Speeding (ขับรถเร็วเกินกำหนด),Normal Period (ช่วงเวลาปกติ),Level 2: Moderate Risk (Surveillance Zone),No,0,1,3,4,1078451.94,44.4,64.7
THA-2021-101289,2025,9,22,20,2025-09-22,Bangkok & Vicinity,Bangkok,13.68913,100.57648,National Highway (ทางหลวงแผ่นดิน),Department of Highways (DOH - กรมทางหลวง),Private Car,Cutting off abruptly (ตัดหน้ากระชั้นชิด),Normal Period (ช่วงเวลาปกติ),Level 2: Moderate Risk (Surveillance Zone),Yes,0,1,3,4,1590617.84,41.6,58.6
THA-2022-101290,2023,3,10,23,2023-03-10,North,Chiang Rai,19.86797,99.73324,National Highway (ทางหลวงแผ่นดิน),Department of Highways (DOH - กรมทางหลวง),Motorcycle,Running red light / Signal violation (ฝ่าฝืนสัญญาณไฟ),Normal Period (ช่วงเวลาปกติ),Level 1: Low Risk (Baseline Zone),No,0,0,0,0,85829.5,79.9,58.1
THA-2023-101291,2020,10,3,13,2020-10-03,Bangkok & Vicinity,Bangkok,13.84287,100.47692,National Highway (ทางหลวงแผ่นดิน),Department of Highways (DOH - กรมทางหลวง),Public Bus/Van,Speeding (ขับรถเร็วเกินกำหนด),Normal Period (ช่วงเวลาปกติ),Level 2: Moderate Risk (Surveillance Zone),Yes,0,2,1,3,2231949.96,48.6,54.3
THA-2024-101292,2024,7,4,10,2024-07-04,Northeast,Nakhon Ratchasima,14.85751,102.25195,National Highway (ทางหลวงแผ่นดิน),Department of Highways (DOH - กรมทางหลวง),Private Car,Cutting off abruptly (ตัดหน้ากระชั้นชิด),Normal Period (ช่วงเวลาปกติ),Level 2: Moderate Risk (Surveillance Zone),Yes,0,1,3,4,1668215.29,39.2,34.2
THA-2025-101293,2026,4,6,23,2026-04-06,Northeast,Ubon Ratchathani,15.29975,104.85146,National Highway (ทางหลวงแผ่นดิน),Department of Highways (DOH - กรมทางหลวง),Commercial Truck,Running red light / Signal violation (ฝ่าฝืนสัญญาณไฟ),Normal Period (ช่วงเวลาปกติ),Level 2: Moderate Risk (Surveillance Zone),Yes,0,1,1,2,1422533.78,83.4,32.0
THA-2026-101294,2022,6,24,13,2022-06-24,Central,Ayutthaya,14.33413,100.54317,National Highway (ทางหลวงแผ่นดิน),Department of Highways (DOH - กรมทางหลวง),Motorcycle,Fatigue / Falling asleep (หลับใน),Normal Period (ช่วงเวลาปกติ),Level 2: Moderate Risk (Surveillance Zone),Yes,0,1,1,2,671405.22,43.7,21.7
THA-2020-101295,2022,4,25,11,2022-04-25,Bangkok & Vicinity,Bangkok,13.72923,100.47718,National Highway (ทางหลวงแผ่นดิน),Department of Highways (DOH - กรมทางหลวง),Motorcycle,Running red light / Signal violation (ฝ่าฝืนสัญญาณไฟ),Normal Period (ช่วงเวลาปกติ),Level 1: Low Risk (Baseline Zone),No,0,0,0,0,79728.88,56.0,26.9
THA-2021-101296,2021,10,22,15,2021-10-22,Bangkok & Vicinity,Bangkok,13.70323,100.4925,National Highway (ทางหลวงแผ่นดิน),Department of Highways (DOH - กรมทางหลวง),Public Bus/Van,Running red light / Signal violation (ฝ่าฝืนสัญญาณไฟ),Normal Period (ช่วงเวลาปกติ),Level 1: Low Risk (Baseline Zone),Yes,0,0,1,1,1363883.33,47.5,45.5
THA-2022-101297,2021,7,16,5,2021-07-16,Bangkok & Vicinity,Bangkok,13.70145,100.52191,National Highway (ทางหลวงแผ่นดิน),Department of Highways (DOH - กรมทางหลวง),Private Car,Cutting off abruptly (ตัดหน้ากระชั้นชิด),Normal Period (ช่วงเวลาปกติ),Level 1: Low Risk (Baseline Zone),Yes,0,0,1,1,476876.41,88.7,29.0
THA-2023-101298,2023,1,7,19,2023-01-07,Northeast,Khon Kaen,16.43009,102.76056,Urban / City Road (ถนนในเมือง/ท้องถิ่น),Local Administration / BMA (อปท./กทม.),Commercial Truck,Drunk driving (เมาแล้วขับ),Normal Period (ช่วงเวลาปกติ),Level 3: Critical Blackspot (Red Zone),Yes,1,0,1,2,4860965.71,39.7,51.2
THA-2024-101299,2024,3,15,0,2024-03-15,Central,Chonburi,13.35329,101.03356,Rural Road (ทางหลวงชนบท),Department of Rural Roads (DRR - กรมทางหลวงชนบท),Public Bus/Van,Speeding (ขับรถเร็วเกินกำหนด),Normal Period (ช่วงเวลาปกติ),Level 1: Low Risk (Baseline Zone),Yes,0,0,1,1,843559.87,15.7,48.8
THA-2025-101300,2020,3,21,11,2020-03-21,Bangkok & Vicinity,Bangkok,13.55322,100.55384,Expressway (ทางพิเศษ),EXAT (การทางพิเศษแห่งประเทศไทย),Private Car,Cutting off abruptly (ตัดหน้ากระชั้นชิด),Normal Period (ช่วงเวลาปกติ),Level 1: Low Risk (Baseline Zone),Yes,0,0,1,1,467346.09,20.3,42.7
THA-2026-101301,2026,1,28,6,2026-01-28,South,Surat Thani,9.02783,99.2802,National Highway (ทางหลวงแผ่นดิน),Department of Highways (DOH - กรมทางหลวง),Motorcycle,Fatigue / Falling asleep (หลับใน),Normal Period (ช่วงเวลาปกติ),Level 1: Low Risk (Baseline Zone),Yes,0,0,0,0,66473.92,38.4,45.8
THA-2020-101302,2025,6,25,7,2025-06-25,Bangkok & Vicinity,Bangkok,13.50163,100.55271,Rural Road (ทางหลวงชนบท),Department of Rural Roads (DRR - กรมทางหลวงชนบท),Motorcycle,Cutting off abruptly (ตัดหน้ากระชั้นชิด),Normal Period (ช่วงเวลาปกติ),Level 2: Moderate Risk (Surveillance Zone),Yes,0,1,2,3,1018781.98,40.1,39.4
THA-2021-101303,2024,11,20,8,2024-11-20,Northeast,Nakhon Ratchasima,14.91328,102.05282,National Highway (ทางหลวงแผ่นดิน),Department of Highways (DOH - กรมทางหลวง),Motorcycle,Drunk driving (เมาแล้วขับ),Normal Period (ช่วงเวลาปกติ),Level 1: Low Risk (Baseline Zone),No,0,0,0,0,56062.75,69.1,56.6
THA-2022-101304,2025,9,26,1,2025-09-26,Central,Chonburi,13.36926,100.80733,Rural Road (ทางหลวงชนบท),Department of Rural Roads (DRR - กรมทางหลวงชนบท),Motorcycle,Drunk driving (เมาแล้วขับ),Normal Period (ช่วงเวลาปกติ),Level 2: Moderate Risk (Surveillance Zone),Yes,0,2,1,3,2350904.19,38.6,89.9
THA-2023-101305,2020,8,11,16,2020-08-11,Central,Saraburi,14.53449,100.96914,National Highway (ทางหลวงแผ่นดิน),Department of Highways (DOH - กรมทางหลวง),Motorcycle,Speeding (ขับรถเร็วเกินกำหนด),Normal Period (ช่วงเวลาปกติ),Level 3: Critical Blackspot (Red Zone),Yes,1,1,0,2,5475300.49,49.7,80.3
THA-2024-101306,2023,11,22,19,2023-11-22,Central,Chonburi,13.37678,100.94925,National Highway (ทางหลวงแผ่นดิน),Department of Highways (DOH - กรมทางหลวง),Motorcycle,Road defect / Slippery surface (ถนนชำรุด/ลื่น),Normal Period (ช่วงเวลาปกติ),Level 2: Moderate Risk (Surveillance Zone),No,0,1,2,3,1274124.17,78.9,36.8
THA-2025-101307,2024,7,21,12,2024-07-21,Central,Ayutthaya,14.3569,100.56161,Expressway (ทางพิเศษ),EXAT (การทางพิเศษแห่งประเทศไทย),Motorcycle,Cutting off abruptly (ตัดหน้ากระชั้นชิด),Normal Period (ช่วงเวลาปกติ),Level 1: Low Risk (Baseline Zone),Yes,0,0,0,0,63209.27,45.4,60.0
THA-2026-101308,2025,10,1,4,2025-10-01,North,Chiang Mai,18.85657,99.09825,Rural Road (ทางหลวงชนบท),Department of Rural Roads (DRR - กรมทางหลวงชนบท),Motorcycle,Speeding (ขับรถเร็วเกินกำหนด),Normal Period (ช่วงเวลาปกติ),Level 2: Moderate Risk (Surveillance Zone),No,0,1,2,3,816944.22,46.9,88.2
THA-2020-101309,2025,8,5,9,2025-08-05,Central,Ayutthaya,14.31622,100.58924,Expressway (ทางพิเศษ),EXAT (การทางพิเศษแห่งประเทศไทย),Motorcycle,Fatigue / Falling asleep (หลับใน),Normal Period (ช่วงเวลาปกติ),Level 1: Low Risk (Baseline Zone),No,0,0,1,1,74508.73,55.4,23.9
THA-2021-101310,2022,6,13,11,2022-06-13,Bangkok & Vicinity,Bangkok,13.69622,100.5393,National Highway (ทางหลวงแผ่นดิน),Department of Highways (DOH - กรมทางหลวง),Motorcycle,Cutting off abruptly (ตัดหน้ากระชั้นชิด),Normal Period (ช่วงเวลาปกติ),Level 1: Low Risk (Baseline Zone),No,0,0,0,0,52914.38,66.0,60.2
THA-2022-101311,2026,9,21,16,2026-09-21,South,Phuket,7.92181,98.37729,National Highway (ทางหลวงแผ่นดิน),Department of Highways (DOH - กรมทางหลวง),Motorcycle,Drunk driving (เมาแล้วขับ),Normal Period (ช่วงเวลาปกติ),Level 1: Low Risk (Baseline Zone),Yes,0,0,0,0,69053.76,49.2,42.5
THA-2023-101312,2021,3,14,20,2021-03-14,Northeast,Nakhon Ratchasima,15.02661,102.09809,National Highway (ทางหลวงแผ่นดิน),Department of Highways (DOH - กรมทางหลวง),Private Car,Cutting off abruptly (ตัดหน้ากระชั้นชิด),Normal Period (ช่วงเวลาปกติ),Level 1: Low Risk (Baseline Zone),No,0,0,0,0,232692.36,40.5,58.0
THA-2024-101313,2026,10,9,5,2026-10-09,Central,Ayutthaya,14.34887,100.48917,Rural Road (ทางหลวงชนบท),Department of Rural Roads (DRR - กรมทางหลวงชนบท),Motorcycle,Cutting off abruptly (ตัดหน้ากระชั้นชิด),Normal Period (ช่วงเวลาปกติ),Level 2: Moderate Risk (Surveillance Zone),No,0,2,2,4,2333405.21,34.7,40.8
THA-2025-101314,2026,10,17,2,2026-10-17,North,Phitsanulok,16.83658,100.21389,Rural Road (ทางหลวงชนบท),Department of Rural Roads (DRR - กรมทางหลวงชนบท),Motorcycle,Fatigue / Falling asleep (หลับใน),Normal Period (ช่วงเวลาปกติ),Level 2: Moderate Risk (Surveillance Zone),No,0,1,2,3,600800.08,33.1,54.2
THA-2026-101315,2021,9,15,14,2021-09-15,Northeast,Khon Kaen,16.51047,102.74771,Expressway (ทางพิเศษ),EXAT (การทางพิเศษแห่งประเทศไทย),Private Car,Cutting off abruptly (ตัดหน้ากระชั้นชิด),Normal Period (ช่วงเวลาปกติ),Level 2: Moderate Risk (Surveillance Zone),Yes,0,1,2,3,920047.91,57.3,14.6
THA-2020-101316,2025,4,21,6,2025-04-21,Northeast,Nakhon Ratchasima,15.0041,102.07434,National Highway (ทางหลวงแผ่นดิน),Department of Highways (DOH - กรมทางหลวง),Commercial Truck,Cutting off abruptly (ตัดหน้ากระชั้นชิด),Normal Period (ช่วงเวลาปกติ),Level 3: Critical Blackspot (Red Zone),No,1,2,0,3,6931202.8,55.5,16.0
THA-2021-101317,2020,7,7,5,2020-07-07,Central,Chonburi,13.38507,100.97945,Rural Road (ทางหลวงชนบท),Department of Rural Roads (DRR - กรมทางหลวงชนบท),Motorcycle,Speeding (ขับรถเร็วเกินกำหนด),Normal Period (ช่วงเวลาปกติ),Level 3: Critical Blackspot (Red Zone),No,1,0,1,2,4632964.37,27.9,83.2
THA-2022-101318,2023,9,27,3,2023-09-27,Bangkok & Vicinity,Bangkok,13.68268,100.60024,National Highway (ทางหลวงแผ่นดิน),Department of Highways (DOH - กรมทางหลวง),Private Car,Road defect / Slippery surface (ถนนชำรุด/ลื่น),Normal Period (ช่วงเวลาปกติ),Level 2: Moderate Risk (Surveillance Zone),Yes,0,2,1,3,2191645.6,31.6,20.9
THA-2023-101319,2023,2,22,18,2023-02-22,Bangkok & Vicinity,Bangkok,13.67645,100.55963,National Highway (ทางหลวงแผ่นดิน),Department of Highways (DOH - กรมทางหลวง),Public Bus/Van,Speeding (ขับรถเร็วเกินกำหนด),Normal Period (ช่วงเวลาปกติ),Level 1: Low Risk (Baseline Zone),Yes,0,0,1,1,1138995.54,38.1,53.9
THA-2024-101320,2024,2,22,4,2024-02-22,Bangkok & Vicinity,Nonthaburi,13.70925,100.4874,Rural Road (ทางหลวงชนบท),Department of Rural Roads (DRR - กรมทางหลวงชนบท),Commercial Truck,Fatigue / Falling asleep (หลับใน),Normal Period (ช่วงเวลาปกติ),Level 3: Critical Blackspot (Red Zone),Yes,1,1,0,2,6353965.91,24.9,10.0
THA-2025-101321,2026,9,12,2,2026-09-12,Bangkok & Vicinity,Bangkok,13.89393,100.47701,Rural Road (ทางหลวงชนบท),Department of Rural Roads (DRR - กรมทางหลวงชนบท),Motorcycle,Speeding (ขับรถเร็วเกินกำหนด),Normal Period (ช่วงเวลาปกติ),Level 1: Low Risk (Baseline Zone),No,0,0,1,1,96181.04,14.5,51.9
THA-2026-101322,2024,12,23,8,2024-12-23,Central,Saraburi,14.53758,101.05503,National Highway (ทางหลวงแผ่นดิน),Department of Highways (DOH - กรมทางหลวง),Private Car,Drunk driving (เมาแล้วขับ),Normal Period (ช่วงเวลาปกติ),Level 3: Critical Blackspot (Red Zone),No,1,0,1,2,5324065.3,63.8,91.3
THA-2020-101323,2023,3,6,5,2023-03-06,Bangkok & Vicinity,Bangkok,13.74345,100.52511,National Highway (ทางหลวงแผ่นดิน),Department of Highways (DOH - กรมทางหลวง),Motorcycle,Road defect / Slippery surface (ถนนชำรุด/ลื่น),Normal Period (ช่วงเวลาปกติ),Level 1: Low Risk (Baseline Zone),Yes,0,0,1,1,129302.77,47.2,35.6
THA-2021-101324,2025,9,21,12,2025-09-21,South,Songkhla,7.23002,100.49013,National Highway (ทางหลวงแผ่นดิน),Department of Highways (DOH - กรมทางหลวง),Private Car,Speeding (ขับรถเร็วเกินกำหนด),Normal Period (ช่วงเวลาปกติ),Level 1: Low Risk (Baseline Zone),Yes,0,0,0,0,420942.83,62.3,57.2
THA-2022-101325,2026,5,16,21,2026-05-16,North,Chiang Mai,18.7446,98.99699,National Highway (ทางหลวงแผ่นดิน),Department of Highways (DOH - กรมทางหลวง),Public Bus/Van,Cutting off abruptly (ตัดหน้ากระชั้นชิด),Normal Period (ช่วงเวลาปกติ),Level 2: Moderate Risk (Surveillance Zone),Yes,0,1,3,4,1219070.72,23.0,27.6
THA-2023-101326,2020,6,26,19,2020-06-26,Bangkok & Vicinity,Bangkok,13.61267,100.62508,National Highway (ทางหลวงแผ่นดิน),Department of Highways (DOH - กรมทางหลวง),Motorcycle,Fatigue / Falling asleep (หลับใน),Normal Period (ช่วงเวลาปกติ),Level 2: Moderate Risk (Surveillance Zone),Yes,0,1,2,3,607682.78,69.4,42.8
THA-2024-101327,2026,2,5,3,2026-02-05,Central,Chonburi,13.42918,101.03937,National Highway (ทางหลวงแผ่นดิน),Department of Highways (DOH - กรมทางหลวง),Public Bus/Van,Drunk driving (เมาแล้วขับ),Normal Period (ช่วงเวลาปกติ),Level 3: Critical Blackspot (Red Zone),Yes,1,0,0,1,4398757.96,60.5,56.4
THA-2025-101328,2020,8,9,1,2020-08-09,Northeast,Ubon Ratchathani,15.3636,104.91239,National Highway (ทางหลวงแผ่นดิน),Department of Highways (DOH - กรมทางหลวง),Motorcycle,Cutting off abruptly (ตัดหน้ากระชั้นชิด),Normal Period (ช่วงเวลาปกติ),Level 3: Critical Blackspot (Red Zone),Yes,1,1,0,2,5087002.51,41.3,22.1
THA-2026-101329,2025,11,14,3,2025-11-14,Northeast,Nakhon Ratchasima,14.95921,101.9509,Expressway (ทางพิเศษ),EXAT (การทางพิเศษแห่งประเทศไทย),Public Bus/Van,Drunk driving (เมาแล้วขับ),Normal Period (ช่วงเวลาปกติ),Level 2: Moderate Risk (Surveillance Zone),Yes,0,1,3,4,2123820.13,44.6,50.7
THA-2020-101330,2022,9,8,7,2022-09-08,Northeast,Nakhon Ratchasima,14.91859,102.0391,Expressway (ทางพิเศษ),EXAT (การทางพิเศษแห่งประเทศไทย),Private Car,Drunk driving (เมาแล้วขับ),Normal Period (ช่วงเวลาปกติ),Level 2: Moderate Risk (Surveillance Zone),Yes,0,2,1,3,2269065.44,32.5,66.0
THA-2021-101331,2021,2,14,12,2021-02-14,Central,Chonburi,13.41679,100.99198,Rural Road (ทางหลวงชนบท),Department of Rural Roads (DRR - กรมทางหลวงชนบท),Motorcycle,Fatigue / Falling asleep (หลับใน),Normal Period (ช่วงเวลาปกติ),Level 1: Low Risk (Baseline Zone),No,0,0,1,1,133975.38,72.0,54.9
THA-2022-101332,2023,6,12,9,2023-06-12,Bangkok & Vicinity,Nonthaburi,13.72121,100.59126,Expressway (ทางพิเศษ),EXAT (การทางพิเศษแห่งประเทศไทย),Private Car,Fatigue / Falling asleep (หลับใน),Normal Period (ช่วงเวลาปกติ),Level 3: Critical Blackspot (Red Zone),Yes,2,1,1,4,11614295.51,33.7,11.7
THA-2023-101333,2024,6,10,17,2024-06-10,South,Songkhla,7.29524,100.7471,Rural Road (ทางหลวงชนบท),Department of Rural Roads (DRR - กรมทางหลวงชนบท),Motorcycle,Speeding (ขับรถเร็วเกินกำหนด),Normal Period (ช่วงเวลาปกติ),Level 2: Moderate Risk (Surveillance Zone),Yes,0,2,1,3,1023202.06,57.1,85.3
THA-2024-101334,2022,8,20,8,2022-08-20,South,Songkhla,7.07391,100.64324,National Highway (ทางหลวงแผ่นดิน),Department of Highways (DOH - กรมทางหลวง),Motorcycle,Running red light / Signal violation (ฝ่าฝืนสัญญาณไฟ),Normal Period (ช่วงเวลาปกติ),Level 2: Moderate Risk (Surveillance Zone),Yes,0,2,1,3,1651004.54,32.8,25.8
THA-2025-101335,2020,10,20,0,2020-10-20,Northeast,Ubon Ratchathani,15.15423,105.02183,National Highway (ทางหลวงแผ่นดิน),Department of Highways (DOH - กรมทางหลวง),Commercial Truck,Cutting off abruptly (ตัดหน้ากระชั้นชิด),Normal Period (ช่วงเวลาปกติ),Level 1: Low Risk (Baseline Zone),Yes,0,0,1,1,1120354.09,62.6,53.3
THA-2026-101336,2024,12,26,12,2024-12-26,Bangkok & Vicinity,Bangkok,13.75905,100.46848,Urban / City Road (ถนนในเมือง/ท้องถิ่น),Local Administration / BMA (อปท./กทม.),Motorcycle,Speeding (ขับรถเร็วเกินกำหนด),Normal Period (ช่วงเวลาปกติ),Level 1: Low Risk (Baseline Zone),No,0,0,0,0,59500.29,20.0,65.1
THA-2020-101337,2026,5,21,17,2026-05-21,Northeast,Ubon Ratchathani,15.19492,104.87736,Rural Road (ทางหลวงชนบท),Department of Rural Roads (DRR - กรมทางหลวงชนบท),Private Car,Speeding (ขับรถเร็วเกินกำหนด),Normal Period (ช่วงเวลาปกติ),Level 1: Low Risk (Baseline Zone),Yes,0,0,1,1,283433.16,38.5,47.5
THA-2021-101338,2022,9,13,14,2022-09-13,Bangkok & Vicinity,Bangkok,13.80271,100.35347,Urban / City Road (ถนนในเมือง/ท้องถิ่น),Local Administration / BMA (อปท./กทม.),Motorcycle,Speeding (ขับรถเร็วเกินกำหนด),Normal Period (ช่วงเวลาปกติ),Level 3: Critical Blackspot (Red Zone),Yes,2,1,1,4,7837583.73,45.7,77.0
THA-2022-101339,2021,1,19,1,2021-01-19,Bangkok & Vicinity,Bangkok,13.88202,100.54418,Urban / City Road (ถนนในเมือง/ท้องถิ่น),Local Administration / BMA (อปท./กทม.),Motorcycle,Speeding (ขับรถเร็วเกินกำหนด),Normal Period (ช่วงเวลาปกติ),Level 3: Critical Blackspot (Red Zone),No,2,0,1,3,9800392.75,26.5,61.6
THA-2023-101340,2023,9,15,10,2023-09-15,Bangkok & Vicinity,Nonthaburi,13.98709,100.66736,National Highway (ทางหลวงแผ่นดิน),Department of Highways (DOH - กรมทางหลวง),Public Bus/Van,Speeding (ขับรถเร็วเกินกำหนด),Normal Period (ช่วงเวลาปกติ),Level 3: Critical Blackspot (Red Zone),Yes,1,0,0,1,5037145.66,58.1,56.3
THA-2024-101341,2020,10,8,13,2020-10-08,North,Phitsanulok,16.81215,100.34302,National Highway (ทางหลวงแผ่นดิน),Department of Highways (DOH - กรมทางหลวง),Motorcycle,Speeding (ขับรถเร็วเกินกำหนด),Normal Period (ช่วงเวลาปกติ),Level 2: Moderate Risk (Surveillance Zone),No,0,1,2,3,895286.53,37.7,54.1
THA-2025-101342,2025,7,23,21,2025-07-23,Central,Saraburi,14.47708,100.86871,National Highway (ทางหลวงแผ่นดิน),Department of Highways (DOH - กรมทางหลวง),Private Car,Drunk driving (เมาแล้วขับ),Normal Period (ช่วงเวลาปกติ),Level 3: Critical Blackspot (Red Zone),Yes,1,1,0,2,7075989.75,87.6,62.1
THA-2026-101343,2025,4,21,14,2025-04-21,Central,Chonburi,13.50261,100.91818,National Highway (ทางหลวงแผ่นดิน),Department of Highways (DOH - กรมทางหลวง),Private Car,Speeding (ขับรถเร็วเกินกำหนด),Normal Period (ช่วงเวลาปกติ),Level 2: Moderate Risk (Surveillance Zone),Yes,0,1,1,2,1297759.54,48.9,83.6
THA-2020-101344,2024,3,10,13,2024-03-10,Central,Chonburi,13.37878,100.903,National Highway (ทางหลวงแผ่นดิน),Department of Highways (DOH - กรมทางหลวง),Private Car,Speeding (ขับรถเร็วเกินกำหนด),Normal Period (ช่วงเวลาปกติ),Level 2: Moderate Risk (Surveillance Zone),Yes,0,2,3,5,2858585.97,63.4,57.1
THA-2021-101345,2022,10,3,15,2022-10-03,North,Chiang Rai,19.8515,99.79514,National Highway (ทางหลวงแผ่นดิน),Department of Highways (DOH - กรมทางหลวง),Commercial Truck,Speeding (ขับรถเร็วเกินกำหนด),Normal Period (ช่วงเวลาปกติ),Level 3: Critical Blackspot (Red Zone),Yes,2,0,1,3,8562056.37,43.1,62.6
THA-2022-101346,2025,11,21,22,2025-11-21,North,Chiang Mai,18.91854,99.03154,National Highway (ทางหลวงแผ่นดิน),Department of Highways (DOH - กรมทางหลวง),Private Car,Speeding (ขับรถเร็วเกินกำหนด),Normal Period (ช่วงเวลาปกติ),Level 1: Low Risk (Baseline Zone),Yes,0,0,1,1,294609.55,50.9,32.2
THA-2023-101347,2023,6,3,14,2023-06-03,North,Chiang Mai,18.86407,98.82269,National Highway (ทางหลวงแผ่นดิน),Department of Highways (DOH - กรมทางหลวง),Motorcycle,Speeding (ขับรถเร็วเกินกำหนด),Normal Period (ช่วงเวลาปกติ),Level 1: Low Risk (Baseline Zone),No,0,0,1,1,111959.42,64.3,77.7
THA-2024-101348,2025,12,26,18,2025-12-26,South,Songkhla,7.17872,100.57988,National Highway (ทางหลวงแผ่นดิน),Department of Highways (DOH - กรมทางหลวง),Commercial Truck,Cutting off abruptly (ตัดหน้ากระชั้นชิด),Normal Period (ช่วงเวลาปกติ),Level 1: Low Risk (Baseline Zone),No,0,0,0,0,1176088.27,52.4,18.4
THA-2025-101349,2024,1,5,8,2024-01-05,Bangkok & Vicinity,Bangkok,13.80061,100.71839,National Highway (ทางหลวงแผ่นดิน),Department of Highways (DOH - กรมทางหลวง),Motorcycle,Running red light / Signal violation (ฝ่าฝืนสัญญาณไฟ),Normal Period (ช่วงเวลาปกติ),Level 1: Low Risk (Baseline Zone),Yes,0,0,1,1,85061.11,68.4,19.8
THA-2026-101350,2025,3,16,4,2025-03-16,Central,Saraburi,14.31375,100.94675,National Highway (ทางหลวงแผ่นดิน),Department of Highways (DOH - กรมทางหลวง),Motorcycle,Road defect / Slippery surface (ถนนชำรุด/ลื่น),Normal Period (ช่วงเวลาปกติ),Level 3: Critical Blackspot (Red Zone),No,1,0,1,2,5724295.28,41.2,38.1
THA-2020-101351,2024,2,17,4,2024-02-17,Northeast,Nakhon Ratchasima,15.17833,102.05192,National Highway (ทางหลวงแผ่นดิน),Department of Highways (DOH - กรมทางหลวง),Public Bus/Van,Road defect / Slippery surface (ถนนชำรุด/ลื่น),Normal Period (ช่วงเวลาปกติ),Level 3: Critical Blackspot (Red Zone),Yes,1,0,0,1,6425151.94,43.2,54.3
THA-2021-101352,2023,11,6,10,2023-11-06,North,Phitsanulok,16.83459,100.32679,Rural Road (ทางหลวงชนบท),Department of Rural Roads (DRR - กรมทางหลวงชนบท),Private Car,Speeding (ขับรถเร็วเกินกำหนด),Normal Period (ช่วงเวลาปกติ),Level 1: Low Risk (Baseline Zone),Yes,0,0,1,1,236521.38,40.3,57.6
THA-2022-101353,2026,9,26,19,2026-09-26,Central,Chonburi,13.16707,101.00866,Expressway (ทางพิเศษ),EXAT (การทางพิเศษแห่งประเทศไทย),Commercial Truck,Speeding (ขับรถเร็วเกินกำหนด),Normal Period (ช่วงเวลาปกติ),Level 3: Critical Blackspot (Red Zone),Yes,1,1,0,2,6525246.55,54.7,64.1
THA-2023-101354,2023,3,20,23,2023-03-20,Northeast,Nakhon Ratchasima,14.90843,102.2821,National Highway (ทางหลวงแผ่นดิน),Department of Highways (DOH - กรมทางหลวง),Private Car,Speeding (ขับรถเร็วเกินกำหนด),Normal Period (ช่วงเวลาปกติ),Level 2: Moderate Risk (Surveillance Zone),Yes,0,1,2,3,1467641.23,76.5,67.0
THA-2024-101355,2024,2,20,3,2024-02-20,Central,Saraburi,14.51024,100.84687,National Highway (ทางหลวงแผ่นดิน),Department of Highways (DOH - กรมทางหลวง),Commercial Truck,Fatigue / Falling asleep (หลับใน),Normal Period (ช่วงเวลาปกติ),Level 1: Low Risk (Baseline Zone),Yes,0,0,1,1,1177317.41,14.9,58.3
THA-2025-101356,2021,4,16,19,2021-04-16,South,Phuket,7.9566,98.43622,Urban / City Road (ถนนในเมือง/ท้องถิ่น),Local Administration / BMA (อปท./กทม.),Public Bus/Van,Speeding (ขับรถเร็วเกินกำหนด),Songkran Festival (เทศกาลสงกรานต์),Level 2: Moderate Risk (Surveillance Zone),No,0,1,1,2,1486515.36,39.8,32.7
THA-2026-101357,2024,2,24,17,2024-02-24,North,Chiang Rai,19.99113,100.01254,Rural Road (ทางหลวงชนบท),Department of Rural Roads (DRR - กรมทางหลวงชนบท),Motorcycle,Cutting off abruptly (ตัดหน้ากระชั้นชิด),Normal Period (ช่วงเวลาปกติ),Level 1: Low Risk (Baseline Zone),Yes,0,0,1,1,112936.3,29.9,63.1
THA-2020-101358,2024,1,2,2,2024-01-02,Bangkok & Vicinity,Nonthaburi,13.80943,100.66811,Urban / City Road (ถนนในเมือง/ท้องถิ่น),Local Administration / BMA (อปท./กทม.),Motorcycle,Speeding (ขับรถเร็วเกินกำหนด),New Year Festival (เทศกาลปีใหม่),Level 1: Low Risk (Baseline Zone),No,0,0,1,1,155488.04,61.1,56.4
THA-2021-101359,2021,6,20,3,2021-06-20,Northeast,Khon Kaen,16.60117,102.75443,National Highway (ทางหลวงแผ่นดิน),Department of Highways (DOH - กรมทางหลวง),Motorcycle,Speeding (ขับรถเร็วเกินกำหนด),Normal Period (ช่วงเวลาปกติ),Level 1: Low Risk (Baseline Zone),No,0,0,1,1,146814.76,38.6,48.8
THA-2022-101360,2020,10,15,13,2020-10-15,South,Phuket,7.81995,98.39655,Urban / City Road (ถนนในเมือง/ท้องถิ่น),Local Administration / BMA (อปท./กทม.),Private Car,Running red light / Signal violation (ฝ่าฝืนสัญญาณไฟ),Normal Period (ช่วงเวลาปกติ),Level 1: Low Risk (Baseline Zone),Yes,0,0,0,0,257427.3,48.8,23.2
THA-2023-101361,2024,8,18,6,2024-08-18,Bangkok & Vicinity,Bangkok,13.73833,100.65561,Expressway (ทางพิเศษ),EXAT (การทางพิเศษแห่งประเทศไทย),Motorcycle,Drunk driving (เมาแล้วขับ),Normal Period (ช่วงเวลาปกติ),Level 1: Low Risk (Baseline Zone),Yes,0,0,0,0,51837.98,55.4,60.1
THA-2024-101362,2025,10,1,7,2025-10-01,Northeast,Khon Kaen,16.35445,102.84562,Rural Road (ทางหลวงชนบท),Department of Rural Roads (DRR - กรมทางหลวงชนบท),Motorcycle,Fatigue / Falling asleep (หลับใน),Normal Period (ช่วงเวลาปกติ),Level 3: Critical Blackspot (Red Zone),Yes,1,1,0,2,6405366.9,21.5,10.0
THA-2025-101363,2023,10,26,23,2023-10-26,Northeast,Khon Kaen,16.36331,102.83336,National Highway (ทางหลวงแผ่นดิน),Department of Highways (DOH - กรมทางหลวง),Motorcycle,Cutting off abruptly (ตัดหน้ากระชั้นชิด),Normal Period (ช่วงเวลาปกติ),Level 3: Critical Blackspot (Red Zone),Yes,3,1,1,5,12198556.26,54.3,19.3
THA-2026-101364,2021,2,19,15,2021-02-19,Central,Chonburi,13.55385,101.14877,Urban / City Road (ถนนในเมือง/ท้องถิ่น),Local Administration / BMA (อปท./กทม.),Public Bus/Van,Road defect / Slippery surface (ถนนชำรุด/ลื่น),Normal Period (ช่วงเวลาปกติ),Level 2: Moderate Risk (Surveillance Zone),Yes,0,1,3,4,1064811.87,24.7,26.1
THA-2020-101365,2024,9,12,19,2024-09-12,Bangkok & Vicinity,Bangkok,13.79037,100.55848,Urban / City Road (ถนนในเมือง/ท้องถิ่น),Local Administration / BMA (อปท./กทม.),Private Car,Drunk driving (เมาแล้วขับ),Normal Period (ช่วงเวลาปกติ),Level 2: Moderate Risk (Surveillance Zone),Yes,0,2,1,3,1628590.18,41.0,86.6
THA-2021-101366,2020,3,8,14,2020-03-08,Central,Chonburi,13.40353,100.95734,Urban / City Road (ถนนในเมือง/ท้องถิ่น),Local Administration / BMA (อปท./กทม.),Motorcycle,Road defect / Slippery surface (ถนนชำรุด/ลื่น),Normal Period (ช่วงเวลาปกติ),Level 2: Moderate Risk (Surveillance Zone),Yes,0,1,2,3,849974.11,49.5,22.6
THA-2022-101367,2023,8,6,6,2023-08-06,South,Phuket,8.05289,98.51106,National Highway (ทางหลวงแผ่นดิน),Department of Highways (DOH - กรมทางหลวง),Motorcycle,Speeding (ขับรถเร็วเกินกำหนด),Normal Period (ช่วงเวลาปกติ),Level 3: Critical Blackspot (Red Zone),No,1,1,0,2,5957734.77,66.2,74.9
THA-2023-101368,2021,12,12,16,2021-12-12,Bangkok & Vicinity,Bangkok,13.77739,100.48228,Urban / City Road (ถนนในเมือง/ท้องถิ่น),Local Administration / BMA (อปท./กทม.),Motorcycle,Cutting off abruptly (ตัดหน้ากระชั้นชิด),Normal Period (ช่วงเวลาปกติ),Level 3: Critical Blackspot (Red Zone),No,2,1,0,3,9061166.65,55.9,40.3
THA-2024-101369,2021,8,7,21,2021-08-07,Bangkok & Vicinity,Nonthaburi,13.84842,100.54389,National Highway (ทางหลวงแผ่นดิน),Department of Highways (DOH - กรมทางหลวง),Motorcycle,Drunk driving (เมาแล้วขับ),Normal Period (ช่วงเวลาปกติ),Level 2: Moderate Risk (Surveillance Zone),No,0,1,2,3,971502.43,58.8,87.6
THA-2025-101370,2021,3,18,21,2021-03-18,South,Songkhla,7.17245,100.71686,National Highway (ทางหลวงแผ่นดิน),Department of Highways (DOH - กรมทางหลวง),Motorcycle,Cutting off abruptly (ตัดหน้ากระชั้นชิด),Normal Period (ช่วงเวลาปกติ),Level 3: Critical Blackspot (Red Zone),Yes,1,1,0,2,4547760.35,44.4,42.0
THA-2026-101371,2022,3,22,21,2022-03-22,Bangkok & Vicinity,Bangkok,13.79941,100.41596,Rural Road (ทางหลวงชนบท),Department of Rural Roads (DRR - กรมทางหลวงชนบท),Commercial Truck,Road defect / Slippery surface (ถนนชำรุด/ลื่น),Normal Period (ช่วงเวลาปกติ),Level 1: Low Risk (Baseline Zone),Yes,0,0,1,1,496182.34,28.8,45.7
THA-2020-101372,2020,12,14,11,2020-12-14,Central,Saraburi,14.4257,100.99997,National Highway (ทางหลวงแผ่นดิน),Department of Highways (DOH - กรมทางหลวง),Public Bus/Van,Running red light / Signal violation (ฝ่าฝืนสัญญาณไฟ),Normal Period (ช่วงเวลาปกติ),Level 2: Moderate Risk (Surveillance Zone),Yes,0,1,2,3,1971015.6,51.3,42.6
THA-2021-101373,2022,6,8,17,2022-06-08,Northeast,Nakhon Ratchasima,14.87583,102.06643,Rural Road (ทางหลวงชนบท),Department of Rural Roads (DRR - กรมทางหลวงชนบท),Motorcycle,Cutting off abruptly (ตัดหน้ากระชั้นชิด),Normal Period (ช่วงเวลาปกติ),Level 3: Critical Blackspot (Red Zone),No,1,2,0,3,7506867.19,17.1,38.2
THA-2022-101374,2023,1,24,23,2023-01-24,Bangkok & Vicinity,Nonthaburi,13.82253,100.40194,Rural Road (ทางหลวงชนบท),Department of Rural Roads (DRR - กรมทางหลวงชนบท),Motorcycle,Cutting off abruptly (ตัดหน้ากระชั้นชิด),Normal Period (ช่วงเวลาปกติ),Level 2: Moderate Risk (Surveillance Zone),No,0,1,2,3,920120.29,35.8,36.5
THA-2023-101375,2023,4,20,13,2023-04-20,Central,Saraburi,14.55682,100.89966,National Highway (ทางหลวงแผ่นดิน),Department of Highways (DOH - กรมทางหลวง),Motorcycle,Cutting off abruptly (ตัดหน้ากระชั้นชิด),Normal Period (ช่วงเวลาปกติ),Level 2: Moderate Risk (Surveillance Zone),No,0,1,2,3,620439.02,57.9,35.2
THA-2024-101376,2022,1,22,14,2022-01-22,North,Phitsanulok,16.7637,100.45357,Rural Road (ทางหลวงชนบท),Department of Rural Roads (DRR - กรมทางหลวงชนบท),Motorcycle,Fatigue / Falling asleep (หลับใน),Normal Period (ช่วงเวลาปกติ),Level 1: Low Risk (Baseline Zone),No,0,0,0,0,27235.81,36.7,52.5
THA-2025-101377,2025,3,14,14,2025-03-14,Northeast,Nakhon Ratchasima,14.76112,102.0201,Expressway (ทางพิเศษ),EXAT (การทางพิเศษแห่งประเทศไทย),Motorcycle,Drunk driving (เมาแล้วขับ),Normal Period (ช่วงเวลาปกติ),Level 2: Moderate Risk (Surveillance Zone),No,0,1,1,2,477475.99,10.0,75.9
THA-2026-101378,2021,9,5,4,2021-09-05,North,Chiang Mai,18.73639,98.86305,National Highway (ทางหลวงแผ่นดิน),Department of Highways (DOH - กรมทางหลวง),Motorcycle,Speeding (ขับรถเร็วเกินกำหนด),Normal Period (ช่วงเวลาปกติ),Level 1: Low Risk (Baseline Zone),No,0,0,0,0,62636.02,57.1,82.2
THA-2020-101379,2023,5,9,15,2023-05-09,Northeast,Khon Kaen,16.63541,103.02586,Rural Road (ทางหลวงชนบท),Department of Rural Roads (DRR - กรมทางหลวงชนบท),Motorcycle,Cutting off abruptly (ตัดหน้ากระชั้นชิด),Normal Period (ช่วงเวลาปกติ),Level 1: Low Risk (Baseline Zone),No,0,0,1,1,118106.83,40.4,44.2
THA-2021-101380,2020,12,8,4,2020-12-08,Bangkok & Vicinity,Bangkok,13.6947,100.61599,National Highway (ทางหลวงแผ่นดิน),Department of Highways (DOH - กรมทางหลวง),Private Car,Speeding (ขับรถเร็วเกินกำหนด),Normal Period (ช่วงเวลาปกติ),Level 2: Moderate Risk (Surveillance Zone),Yes,0,1,1,2,860570.84,55.2,90.5
THA-2022-101381,2020,5,2,1,2020-05-02,North,Chiang Rai,19.96419,99.98965,National Highway (ทางหลวงแผ่นดิน),Department of Highways (DOH - กรมทางหลวง),Private Car,Fatigue / Falling asleep (หลับใน),Normal Period (ช่วงเวลาปกติ),Level 1: Low Risk (Baseline Zone),Yes,0,0,0,0,240156.62,64.7,10.0
THA-2023-101382,2024,11,28,19,2024-11-28,South,Surat Thani,9.12855,99.36034,National Highway (ทางหลวงแผ่นดิน),Department of Highways (DOH - กรมทางหลวง),Private Car,Speeding (ขับรถเร็วเกินกำหนด),Normal Period (ช่วงเวลาปกติ),Level 1: Low Risk (Baseline Zone),No,0,0,1,1,383767.86,48.7,98.0
THA-2024-101383,2024,4,16,8,2024-04-16,Bangkok & Vicinity,Nonthaburi,13.98833,100.62586,National Highway (ทางหลวงแผ่นดิน),Department of Highways (DOH - กรมทางหลวง),Motorcycle,Cutting off abruptly (ตัดหน้ากระชั้นชิด),Songkran Festival (เทศกาลสงกรานต์),Level 3: Critical Blackspot (Red Zone),No,1,1,1,3,7116009.56,73.7,22.1
THA-2025-101384,2026,3,13,21,2026-03-13,Northeast,Ubon Ratchathani,15.25845,104.76247,National Highway (ทางหลวงแผ่นดิน),Department of Highways (DOH - กรมทางหลวง),Commercial Truck,Fatigue / Falling asleep (หลับใน),Normal Period (ช่วงเวลาปกติ),Level 1: Low Risk (Baseline Zone),Yes,0,0,0,0,1256881.35,47.2,24.9
THA-2026-101385,2023,5,7,8,2023-05-07,North,Chiang Mai,18.7196,98.81887,Expressway (ทางพิเศษ),EXAT (การทางพิเศษแห่งประเทศไทย),Public Bus/Van,Speeding (ขับรถเร็วเกินกำหนด),Normal Period (ช่วงเวลาปกติ),Level 2: Moderate Risk (Surveillance Zone),Yes,0,1,3,4,1613246.36,55.8,59.5
THA-2020-101386,2026,11,16,3,2026-11-16,Central,Chonburi,13.43195,101.00379,Rural Road (ทางหลวงชนบท),Department of Rural Roads (DRR - กรมทางหลวงชนบท),Motorcycle,Speeding (ขับรถเร็วเกินกำหนด),Normal Period (ช่วงเวลาปกติ),Level 1: Low Risk (Baseline Zone),Yes,0,0,0,0,30755.52,27.5,76.5
THA-2021-101387,2020,4,7,14,2020-04-07,Bangkok & Vicinity,Bangkok,13.78233,100.49954,Rural Road (ทางหลวงชนบท),Department of Rural Roads (DRR - กรมทางหลวงชนบท),Motorcycle,Cutting off abruptly (ตัดหน้ากระชั้นชิด),Normal Period (ช่วงเวลาปกติ),Level 2: Moderate Risk (Surveillance Zone),No,0,1,2,3,1342684.88,28.7,58.4
THA-2022-101388,2020,8,27,10,2020-08-27,South,Surat Thani,9.0353,99.34964,National Highway (ทางหลวงแผ่นดิน),Department of Highways (DOH - กรมทางหลวง),Motorcycle,Speeding (ขับรถเร็วเกินกำหนด),Normal Period (ช่วงเวลาปกติ),Level 2: Moderate Risk (Surveillance Zone),Yes,0,1,3,4,561320.85,45.3,59.7
THA-2023-101389,2020,4,14,0,2020-04-14,North,Phitsanulok,16.87557,100.18776,Rural Road (ทางหลวงชนบท),Department of Rural Roads (DRR - กรมทางหลวงชนบท),Motorcycle,Speeding (ขับรถเร็วเกินกำหนด),Songkran Festival (เทศกาลสงกรานต์),Level 1: Low Risk (Baseline Zone),Yes,0,0,0,0,82495.72,29.6,80.3
THA-2024-101390,2021,11,14,17,2021-11-14,Bangkok & Vicinity,Nonthaburi,13.85955,100.45505,National Highway (ทางหลวงแผ่นดิน),Department of Highways (DOH - กรมทางหลวง),Motorcycle,Running red light / Signal violation (ฝ่าฝืนสัญญาณไฟ),Normal Period (ช่วงเวลาปกติ),Level 2: Moderate Risk (Surveillance Zone),No,0,2,1,3,2114361.29,66.2,19.8
THA-2025-101391,2023,12,12,0,2023-12-12,Bangkok & Vicinity,Bangkok,13.7369,100.39961,National Highway (ทางหลวงแผ่นดิน),Department of Highways (DOH - กรมทางหลวง),Private Car,Fatigue / Falling asleep (หลับใน),Normal Period (ช่วงเวลาปกติ),Level 2: Moderate Risk (Surveillance Zone),Yes,0,1,1,2,1391805.41,26.2,28.5
THA-2026-101392,2024,8,1,7,2024-08-01,Bangkok & Vicinity,Bangkok,13.73216,100.64826,National Highway (ทางหลวงแผ่นดิน),Department of Highways (DOH - กรมทางหลวง),Motorcycle,Road defect / Slippery surface (ถนนชำรุด/ลื่น),Normal Period (ช่วงเวลาปกติ),Level 2: Moderate Risk (Surveillance Zone),Yes,0,1,1,2,1281729.78,66.3,47.7
THA-2020-101393,2020,6,1,15,2020-06-01,Northeast,Nakhon Ratchasima,14.93473,102.03652,National Highway (ทางหลวงแผ่นดิน),Department of Highways (DOH - กรมทางหลวง),Motorcycle,Road defect / Slippery surface (ถนนชำรุด/ลื่น),Normal Period (ช่วงเวลาปกติ),Level 2: Moderate Risk (Surveillance Zone),No,0,2,1,3,1813116.43,40.9,31.5
THA-2021-101394,2026,12,12,21,2026-12-12,North,Chiang Mai,18.73267,98.96818,National Highway (ทางหลวงแผ่นดิน),Department of Highways (DOH - กรมทางหลวง),Motorcycle,Speeding (ขับรถเร็วเกินกำหนด),Normal Period (ช่วงเวลาปกติ),Level 3: Critical Blackspot (Red Zone),No,1,0,0,1,4980364.27,41.3,65.7
THA-2022-101395,2025,11,20,17,2025-11-20,Central,Ayutthaya,14.51451,100.69491,Rural Road (ทางหลวงชนบท),Department of Rural Roads (DRR - กรมทางหลวงชนบท),Public Bus/Van,Speeding (ขับรถเร็วเกินกำหนด),Normal Period (ช่วงเวลาปกติ),Level 2: Moderate Risk (Surveillance Zone),Yes,0,1,1,2,2006182.78,49.3,66.7
THA-2023-101396,2022,5,21,21,2022-05-21,North,Phitsanulok,16.80819,100.20805,Urban / City Road (ถนนในเมือง/ท้องถิ่น),Local Administration / BMA (อปท./กทม.),Motorcycle,Speeding (ขับรถเร็วเกินกำหนด),Normal Period (ช่วงเวลาปกติ),Level 2: Moderate Risk (Surveillance Zone),No,0,1,1,2,1289235.96,29.1,55.1
THA-2024-101397,2020,4,15,8,2020-04-15,Bangkok & Vicinity,Nonthaburi,13.70361,100.43138,National Highway (ทางหลวงแผ่นดิน),Department of Highways (DOH - กรมทางหลวง),Private Car,Fatigue / Falling asleep (หลับใน),Songkran Festival (เทศกาลสงกรานต์),Level 3: Critical Blackspot (Red Zone),Yes,1,0,0,1,4821156.18,63.7,34.9
THA-2025-101398,2021,4,4,11,2021-04-04,Northeast,Khon Kaen,16.25449,102.89021,National Highway (ทางหลวงแผ่นดิน),Department of Highways (DOH - กรมทางหลวง),Motorcycle,Drunk driving (เมาแล้วขับ),Normal Period (ช่วงเวลาปกติ),Level 1: Low Risk (Baseline Zone),Yes,0,0,0,0,88038.99,50.3,40.1
THA-2026-101399,2021,12,7,18,2021-12-07,Central,Chonburi,13.4813,100.95093,National Highway (ทางหลวงแผ่นดิน),Department of Highways (DOH - กรมทางหลวง),Motorcycle,Speeding (ขับรถเร็วเกินกำหนด),Normal Period (ช่วงเวลาปกติ),Level 2: Moderate Risk (Surveillance Zone),No,0,1,3,4,907345.67,30.7,48.0
THA-2020-101400,2021,4,16,17,2021-04-16,Bangkok & Vicinity,Bangkok,13.79085,100.40379,Expressway (ทางพิเศษ),EXAT (การทางพิเศษแห่งประเทศไทย),Private Car,Speeding (ขับรถเร็วเกินกำหนด),Songkran Festival (เทศกาลสงกรานต์),Level 2: Moderate Risk (Surveillance Zone),Yes,0,1,1,2,1104372.42,20.1,75.9
THA-2021-101401,2023,11,3,4,2023-11-03,Bangkok & Vicinity,Bangkok,13.58171,100.50681,Urban / City Road (ถนนในเมือง/ท้องถิ่น),Local Administration / BMA (อปท./กทม.),Motorcycle,Cutting off abruptly (ตัดหน้ากระชั้นชิด),Normal Period (ช่วงเวลาปกติ),Level 3: Critical Blackspot (Red Zone),No,1,1,1,3,4721688.15,49.4,12.4
THA-2022-101402,2021,9,7,1,2021-09-07,Bangkok & Vicinity,Bangkok,13.7908,100.65516,Rural Road (ทางหลวงชนบท),Department of Rural Roads (DRR - กรมทางหลวงชนบท),Motorcycle,Cutting off abruptly (ตัดหน้ากระชั้นชิด),Normal Period (ช่วงเวลาปกติ),Level 2: Moderate Risk (Surveillance Zone),Yes,0,2,3,5,1868455.11,24.8,49.6
THA-2023-101403,2022,4,24,6,2022-04-24,Central,Chonburi,13.54679,100.95963,Expressway (ทางพิเศษ),EXAT (การทางพิเศษแห่งประเทศไทย),Motorcycle,Road defect / Slippery surface (ถนนชำรุด/ลื่น),Normal Period (ช่วงเวลาปกติ),Level 2: Moderate Risk (Surveillance Zone),No,0,1,2,3,921580.59,57.3,22.1
THA-2024-101404,2026,12,22,9,2026-12-22,Northeast,Ubon Ratchathani,15.32689,104.87566,National Highway (ทางหลวงแผ่นดิน),Department of Highways (DOH - กรมทางหลวง),Private Car,Cutting off abruptly (ตัดหน้ากระชั้นชิด),Normal Period (ช่วงเวลาปกติ),Level 2: Moderate Risk (Surveillance Zone),Yes,0,1,2,3,781239.56,29.5,34.8
THA-2025-101405,2024,9,6,14,2024-09-06,Northeast,Nakhon Ratchasima,14.9801,102.09443,Expressway (ทางพิเศษ),EXAT (การทางพิเศษแห่งประเทศไทย),Private Car,Road defect / Slippery surface (ถนนชำรุด/ลื่น),Normal Period (ช่วงเวลาปกติ),Level 1: Low Risk (Baseline Zone),Yes,0,0,1,1,347664.96,33.4,40.1
THA-2026-101406,2026,10,16,6,2026-10-16,Central,Saraburi,14.51585,100.90163,National Highway (ทางหลวงแผ่นดิน),Department of Highways (DOH - กรมทางหลวง),Motorcycle,Cutting off abruptly (ตัดหน้ากระชั้นชิด),Normal Period (ช่วงเวลาปกติ),Level 1: Low Risk (Baseline Zone),No,0,0,0,0,53226.79,26.0,41.7
THA-2020-101407,2021,6,24,4,2021-06-24,Central,Ayutthaya,14.5023,100.58771,National Highway (ทางหลวงแผ่นดิน),Department of Highways (DOH - กรมทางหลวง),Private Car,Drunk driving (เมาแล้วขับ),Normal Period (ช่วงเวลาปกติ),Level 3: Critical Blackspot (Red Zone),Yes,2,1,0,3,12862719.27,79.3,25.4
THA-2021-101408,2022,10,8,14,2022-10-08,Northeast,Khon Kaen,16.58897,102.74275,Rural Road (ทางหลวงชนบท),Department of Rural Roads (DRR - กรมทางหลวงชนบท),Motorcycle,Road defect / Slippery surface (ถนนชำรุด/ลื่น),Normal Period (ช่วงเวลาปกติ),Level 1: Low Risk (Baseline Zone),No,0,0,1,1,103488.41,22.7,75.8
THA-2022-101409,2023,7,23,19,2023-07-23,Central,Saraburi,14.27395,100.86914,National Highway (ทางหลวงแผ่นดิน),Department of Highways (DOH - กรมทางหลวง),Private Car,Road defect / Slippery surface (ถนนชำรุด/ลื่น),Normal Period (ช่วงเวลาปกติ),Level 1: Low Risk (Baseline Zone),Yes,0,0,0,0,271373.93,55.0,14.2
THA-2023-101410,2020,12,22,19,2020-12-22,Bangkok & Vicinity,Bangkok,13.68106,100.36738,Rural Road (ทางหลวงชนบท),Department of Rural Roads (DRR - กรมทางหลวงชนบท),Motorcycle,Speeding (ขับรถเร็วเกินกำหนด),Normal Period (ช่วงเวลาปกติ),Level 3: Critical Blackspot (Red Zone),Yes,1,0,0,1,4985826.37,42.8,58.4
THA-2024-101411,2020,10,6,14,2020-10-06,Bangkok & Vicinity,Bangkok,13.87336,100.38152,National Highway (ทางหลวงแผ่นดิน),Department of Highways (DOH - กรมทางหลวง),Private Car,Speeding (ขับรถเร็วเกินกำหนด),Normal Period (ช่วงเวลาปกติ),Level 2: Moderate Risk (Surveillance Zone),Yes,0,1,1,2,1079853.96,54.9,78.4
THA-2025-101412,2024,3,10,9,2024-03-10,Bangkok & Vicinity,Nonthaburi,13.91455,100.69468,Rural Road (ทางหลวงชนบท),Department of Rural Roads (DRR - กรมทางหลวงชนบท),Public Bus/Van,Cutting off abruptly (ตัดหน้ากระชั้นชิด),Normal Period (ช่วงเวลาปกติ),Level 3: Critical Blackspot (Red Zone),Yes,1,1,0,2,7162249.95,22.7,19.5
THA-2026-101413,2024,8,16,23,2024-08-16,Bangkok & Vicinity,Bangkok,13.65281,100.48102,National Highway (ทางหลวงแผ่นดิน),Department of Highways (DOH - กรมทางหลวง),Public Bus/Van,Cutting off abruptly (ตัดหน้ากระชั้นชิด),Normal Period (ช่วงเวลาปกติ),Level 1: Low Risk (Baseline Zone),Yes,0,0,0,0,567945.37,44.1,63.0
THA-2020-101414,2023,3,11,13,2023-03-11,Northeast,Nakhon Ratchasima,15.10164,102.06041,National Highway (ทางหลวงแผ่นดิน),Department of Highways (DOH - กรมทางหลวง),Motorcycle,Drunk driving (เมาแล้วขับ),Normal Period (ช่วงเวลาปกติ),Level 1: Low Risk (Baseline Zone),No,0,0,1,1,115884.99,70.3,47.9
THA-2021-101415,2023,1,13,9,2023-01-13,South,Surat Thani,9.16812,99.37904,Urban / City Road (ถนนในเมือง/ท้องถิ่น),Local Administration / BMA (อปท./กทม.),Commercial Truck,Road defect / Slippery surface (ถนนชำรุด/ลื่น),Normal Period (ช่วงเวลาปกติ),Level 1: Low Risk (Baseline Zone),Yes,0,0,0,0,627322.3,56.7,32.1
THA-2022-101416,2023,10,6,16,2023-10-06,Bangkok & Vicinity,Bangkok,13.77192,100.46145,Urban / City Road (ถนนในเมือง/ท้องถิ่น),Local Administration / BMA (อปท./กทม.),Motorcycle,Speeding (ขับรถเร็วเกินกำหนด),Normal Period (ช่วงเวลาปกติ),Level 2: Moderate Risk (Surveillance Zone),No,0,1,1,2,1231688.48,19.9,62.8
THA-2023-101417,2020,12,24,20,2020-12-24,Bangkok & Vicinity,Bangkok,13.68602,100.40327,Expressway (ทางพิเศษ),EXAT (การทางพิเศษแห่งประเทศไทย),Public Bus/Van,Cutting off abruptly (ตัดหน้ากระชั้นชิด),Normal Period (ช่วงเวลาปกติ),Level 2: Moderate Risk (Surveillance Zone),Yes,0,1,2,3,1572843.94,57.5,10.0
THA-2024-101418,2022,5,1,13,2022-05-01,North,Phitsanulok,16.87479,100.20669,Rural Road (ทางหลวงชนบท),Department of Rural Roads (DRR - กรมทางหลวงชนบท),Motorcycle,Speeding (ขับรถเร็วเกินกำหนด),Normal Period (ช่วงเวลาปกติ),Level 1: Low Risk (Baseline Zone),No,0,0,1,1,109463.57,49.3,72.8
THA-2025-101419,2021,2,21,1,2021-02-21,South,Surat Thani,9.24584,99.46453,Rural Road (ทางหลวงชนบท),Department of Rural Roads (DRR - กรมทางหลวงชนบท),Motorcycle,Road defect / Slippery surface (ถนนชำรุด/ลื่น),Normal Period (ช่วงเวลาปกติ),Level 2: Moderate Risk (Surveillance Zone),Yes,0,2,2,4,1482133.03,37.5,55.8
THA-2026-101420,2020,10,19,15,2020-10-19,North,Chiang Mai,18.68419,99.05174,Rural Road (ทางหลวงชนบท),Department of Rural Roads (DRR - กรมทางหลวงชนบท),Motorcycle,Running red light / Signal violation (ฝ่าฝืนสัญญาณไฟ),Normal Period (ช่วงเวลาปกติ),Level 1: Low Risk (Baseline Zone),No,0,0,0,0,61489.75,28.8,83.8
THA-2020-101421,2026,6,12,12,2026-06-12,Northeast,Nakhon Ratchasima,15.16521,102.02082,National Highway (ทางหลวงแผ่นดิน),Department of Highways (DOH - กรมทางหลวง),Motorcycle,Cutting off abruptly (ตัดหน้ากระชั้นชิด),Normal Period (ช่วงเวลาปกติ),Level 2: Moderate Risk (Surveillance Zone),Yes,0,2,1,3,1280231.37,53.0,24.9
THA-2021-101422,2024,10,24,8,2024-10-24,Bangkok & Vicinity,Bangkok,13.86436,100.55237,National Highway (ทางหลวงแผ่นดิน),Department of Highways (DOH - กรมทางหลวง),Private Car,Speeding (ขับรถเร็วเกินกำหนด),Normal Period (ช่วงเวลาปกติ),Level 2: Moderate Risk (Surveillance Zone),Yes,0,2,1,3,1917817.28,50.6,53.0
THA-2022-101423,2025,9,27,6,2025-09-27,Bangkok & Vicinity,Bangkok,13.84274,100.43372,National Highway (ทางหลวงแผ่นดิน),Department of Highways (DOH - กรมทางหลวง),Public Bus/Van,Fatigue / Falling asleep (หลับใน),Normal Period (ช่วงเวลาปกติ),Level 1: Low Risk (Baseline Zone),Yes,0,0,0,0,397284.38,33.8,51.1
THA-2023-101424,2022,1,6,15,2022-01-06,South,Songkhla,7.34707,100.55403,Urban / City Road (ถนนในเมือง/ท้องถิ่น),Local Administration / BMA (อปท./กทม.),Private Car,Drunk driving (เมาแล้วขับ),Normal Period (ช่วงเวลาปกติ),Level 2: Moderate Risk (Surveillance Zone),Yes,0,1,1,2,1105041.96,25.9,64.0
THA-2024-101425,2022,4,18,9,2022-04-18,South,Surat Thani,9.19586,99.31581,National Highway (ทางหลวงแผ่นดิน),Department of Highways (DOH - กรมทางหลวง),Private Car,Speeding (ขับรถเร็วเกินกำหนด),Normal Period (ช่วงเวลาปกติ),Level 2: Moderate Risk (Surveillance Zone),No,0,2,2,4,2047995.04,82.3,85.5
THA-2025-101426,2021,1,13,23,2021-01-13,Bangkok & Vicinity,Bangkok,13.8046,100.41329,Expressway (ทางพิเศษ),EXAT (การทางพิเศษแห่งประเทศไทย),Private Car,Road defect / Slippery surface (ถนนชำรุด/ลื่น),Normal Period (ช่วงเวลาปกติ),Level 1: Low Risk (Baseline Zone),Yes,0,0,1,1,264029.87,15.8,63.6
THA-2026-101427,2020,1,7,21,2020-01-07,South,Surat Thani,9.02774,99.34733,Rural Road (ทางหลวงชนบท),Department of Rural Roads (DRR - กรมทางหลวงชนบท),Motorcycle,Running red light / Signal violation (ฝ่าฝืนสัญญาณไฟ),Normal Period (ช่วงเวลาปกติ),Level 2: Moderate Risk (Surveillance Zone),No,0,1,2,3,851728.63,40.5,32.3
THA-2020-101428,2021,8,23,8,2021-08-23,Northeast,Khon Kaen,16.39915,102.78748,Rural Road (ทางหลวงชนบท),Department of Rural Roads (DRR - กรมทางหลวงชนบท),Motorcycle,Cutting off abruptly (ตัดหน้ากระชั้นชิด),Normal Period (ช่วงเวลาปกติ),Level 1: Low Risk (Baseline Zone),Yes,0,0,0,0,82502.19,25.9,36.3
THA-2021-101429,2025,11,13,21,2025-11-13,Central,Saraburi,14.57793,100.77628,National Highway (ทางหลวงแผ่นดิน),Department of Highways (DOH - กรมทางหลวง),Motorcycle,Cutting off abruptly (ตัดหน้ากระชั้นชิด),Normal Period (ช่วงเวลาปกติ),Level 2: Moderate Risk (Surveillance Zone),Yes,0,1,3,4,1106057.61,26.5,57.5
THA-2022-101430,2024,2,21,22,2024-02-21,North,Phitsanulok,16.92972,100.27666,National Highway (ทางหลวงแผ่นดิน),Department of Highways (DOH - กรมทางหลวง),Motorcycle,Speeding (ขับรถเร็วเกินกำหนด),Normal Period (ช่วงเวลาปกติ),Level 2: Moderate Risk (Surveillance Zone),No,0,1,1,2,655799.1,48.7,60.8
THA-2023-101431,2023,1,8,6,2023-01-08,Northeast,Nakhon Ratchasima,15.04855,102.14526,Expressway (ทางพิเศษ),EXAT (การทางพิเศษแห่งประเทศไทย),Motorcycle,Cutting off abruptly (ตัดหน้ากระชั้นชิด),Normal Period (ช่วงเวลาปกติ),Level 1: Low Risk (Baseline Zone),Yes,0,0,1,1,96600.62,60.0,37.2
THA-2024-101432,2023,11,21,15,2023-11-21,Northeast,Nakhon Ratchasima,15.03232,101.98994,National Highway (ทางหลวงแผ่นดิน),Department of Highways (DOH - กรมทางหลวง),Motorcycle,Cutting off abruptly (ตัดหน้ากระชั้นชิด),Normal Period (ช่วงเวลาปกติ),Level 1: Low Risk (Baseline Zone),No,0,0,1,1,121244.59,62.1,57.4
THA-2025-101433,2026,8,17,8,2026-08-17,Northeast,Ubon Ratchathani,15.34962,104.87186,National Highway (ทางหลวงแผ่นดิน),Department of Highways (DOH - กรมทางหลวง),Motorcycle,Speeding (ขับรถเร็วเกินกำหนด),Normal Period (ช่วงเวลาปกติ),Level 2: Moderate Risk (Surveillance Zone),Yes,0,1,1,2,891743.95,38.8,59.0
THA-2026-101434,2020,4,9,23,2020-04-09,Bangkok & Vicinity,Bangkok,13.71355,100.49052,National Highway (ทางหลวงแผ่นดิน),Department of Highways (DOH - กรมทางหลวง),Motorcycle,Speeding (ขับรถเร็วเกินกำหนด),Normal Period (ช่วงเวลาปกติ),Level 3: Critical Blackspot (Red Zone),No,1,1,0,2,5937239.14,48.3,84.8
THA-2020-101435,2022,3,20,16,2022-03-20,Bangkok & Vicinity,Bangkok,13.78889,100.51802,National Highway (ทางหลวงแผ่นดิน),Department of Highways (DOH - กรมทางหลวง),Commercial Truck,Speeding (ขับรถเร็วเกินกำหนด),Normal Period (ช่วงเวลาปกติ),Level 2: Moderate Risk (Surveillance Zone),Yes,0,2,1,3,2802988.6,53.6,41.3
THA-2021-101436,2022,12,13,19,2022-12-13,North,Chiang Mai,18.84205,99.13411,National Highway (ทางหลวงแผ่นดิน),Department of Highways (DOH - กรมทางหลวง),Motorcycle,Speeding (ขับรถเร็วเกินกำหนด),Normal Period (ช่วงเวลาปกติ),Level 1: Low Risk (Baseline Zone),No,0,0,1,1,99803.5,56.2,58.5
THA-2022-101437,2025,4,2,6,2025-04-02,Central,Chonburi,13.2678,101.05222,Rural Road (ทางหลวงชนบท),Department of Rural Roads (DRR - กรมทางหลวงชนบท),Motorcycle,Cutting off abruptly (ตัดหน้ากระชั้นชิด),Normal Period (ช่วงเวลาปกติ),Level 2: Moderate Risk (Surveillance Zone),No,0,1,2,3,1235554.95,50.3,39.2
THA-2023-101438,2026,11,4,10,2026-11-04,Bangkok & Vicinity,Bangkok,13.74664,100.60463,National Highway (ทางหลวงแผ่นดิน),Department of Highways (DOH - กรมทางหลวง),Private Car,Drunk driving (เมาแล้วขับ),Normal Period (ช่วงเวลาปกติ),Level 2: Moderate Risk (Surveillance Zone),Yes,0,1,1,2,923968.09,53.8,55.6
THA-2024-101439,2021,5,25,7,2021-05-25,Northeast,Ubon Ratchathani,15.39111,104.86495,Rural Road (ทางหลวงชนบท),Department of Rural Roads (DRR - กรมทางหลวงชนบท),Motorcycle,Drunk driving (เมาแล้วขับ),Normal Period (ช่วงเวลาปกติ),Level 1: Low Risk (Baseline Zone),No,0,0,0,0,58880.74,10.0,60.3
THA-2025-101440,2026,1,2,6,2026-01-02,South,Surat Thani,9.19407,99.43095,National Highway (ทางหลวงแผ่นดิน),Department of Highways (DOH - กรมทางหลวง),Motorcycle,Cutting off abruptly (ตัดหน้ากระชั้นชิด),New Year Festival (เทศกาลปีใหม่),Level 3: Critical Blackspot (Red Zone),No,1,1,0,2,6990271.17,56.3,28.6
THA-2026-101441,2025,11,4,18,2025-11-04,Bangkok & Vicinity,Bangkok,13.84614,100.61491,Urban / City Road (ถนนในเมือง/ท้องถิ่น),Local Administration / BMA (อปท./กทม.),Motorcycle,Cutting off abruptly (ตัดหน้ากระชั้นชิด),Normal Period (ช่วงเวลาปกติ),Level 3: Critical Blackspot (Red Zone),Yes,1,0,0,1,3826190.07,33.1,26.2
THA-2020-101442,2021,1,18,19,2021-01-18,Northeast,Ubon Ratchathani,15.21797,104.80078,Urban / City Road (ถนนในเมือง/ท้องถิ่น),Local Administration / BMA (อปท./กทม.),Motorcycle,Fatigue / Falling asleep (หลับใน),Normal Period (ช่วงเวลาปกติ),Level 2: Moderate Risk (Surveillance Zone),Yes,0,1,2,3,714914.51,53.0,17.3
THA-2021-101443,2022,3,5,11,2022-03-05,North,Phitsanulok,16.71884,100.24832,National Highway (ทางหลวงแผ่นดิน),Department of Highways (DOH - กรมทางหลวง),Motorcycle,Cutting off abruptly (ตัดหน้ากระชั้นชิด),Normal Period (ช่วงเวลาปกติ),Level 1: Low Risk (Baseline Zone),No,0,0,1,1,103786.77,20.6,18.3
THA-2022-101444,2023,6,19,6,2023-06-19,Central,Saraburi,14.52132,100.89788,National Highway (ทางหลวงแผ่นดิน),Department of Highways (DOH - กรมทางหลวง),Motorcycle,Running red light / Signal violation (ฝ่าฝืนสัญญาณไฟ),Normal Period (ช่วงเวลาปกติ),Level 1: Low Risk (Baseline Zone),No,0,0,0,0,64887.61,67.0,27.2
THA-2023-101445,2026,1,10,7,2026-01-10,Bangkok & Vicinity,Bangkok,13.8006,100.54844,National Highway (ทางหลวงแผ่นดิน),Department of Highways (DOH - กรมทางหลวง),Private Car,Cutting off abruptly (ตัดหน้ากระชั้นชิด),Normal Period (ช่วงเวลาปกติ),Level 2: Moderate Risk (Surveillance Zone),No,0,1,1,2,909610.77,53.9,69.2
THA-2024-101446,2021,11,18,6,2021-11-18,Northeast,Ubon Ratchathani,15.23891,104.87851,Urban / City Road (ถนนในเมือง/ท้องถิ่น),Local Administration / BMA (อปท./กทม.),Private Car,Drunk driving (เมาแล้วขับ),Normal Period (ช่วงเวลาปกติ),Level 2: Moderate Risk (Surveillance Zone),Yes,0,1,2,3,1190022.75,12.6,69.3
THA-2025-101447,2025,12,25,5,2025-12-25,Central,Ayutthaya,14.42761,100.49651,Urban / City Road (ถนนในเมือง/ท้องถิ่น),Local Administration / BMA (อปท./กทม.),Motorcycle,Speeding (ขับรถเร็วเกินกำหนด),Normal Period (ช่วงเวลาปกติ),Level 2: Moderate Risk (Surveillance Zone),Yes,0,1,3,4,842464.2,58.1,84.9
THA-2026-101448,2022,2,21,8,2022-02-21,South,Surat Thani,9.22219,99.26648,Urban / City Road (ถนนในเมือง/ท้องถิ่น),Local Administration / BMA (อปท./กทม.),Motorcycle,Drunk driving (เมาแล้วขับ),Normal Period (ช่วงเวลาปกติ),Level 2: Moderate Risk (Surveillance Zone),Yes,0,2,1,3,2450360.46,62.2,76.1
THA-2020-101449,2025,12,10,12,2025-12-10,Northeast,Ubon Ratchathani,15.37432,104.86226,National Highway (ทางหลวงแผ่นดิน),Department of Highways (DOH - กรมทางหลวง),Motorcycle,Fatigue / Falling asleep (หลับใน),Normal Period (ช่วงเวลาปกติ),Level 1: Low Risk (Baseline Zone),Yes,0,0,1,1,90822.31,44.3,31.2
THA-2021-101450,2023,7,5,6,2023-07-05,Northeast,Nakhon Ratchasima,14.98567,101.93673,National Highway (ทางหลวงแผ่นดิน),Department of Highways (DOH - กรมทางหลวง),Commercial Truck,Road defect / Slippery surface (ถนนชำรุด/ลื่น),Normal Period (ช่วงเวลาปกติ),Level 2: Moderate Risk (Surveillance Zone),Yes,0,1,3,4,2139834.99,60.1,33.8
THA-2022-101451,2024,1,17,7,2024-01-17,Northeast,Khon Kaen,16.49141,102.83216,National Highway (ทางหลวงแผ่นดิน),Department of Highways (DOH - กรมทางหลวง),Motorcycle,Running red light / Signal violation (ฝ่าฝืนสัญญาณไฟ),Normal Period (ช่วงเวลาปกติ),Level 3: Critical Blackspot (Red Zone),Yes,1,0,0,1,4827554.08,35.7,16.4
THA-2023-101452,2025,7,22,21,2025-07-22,Central,Saraburi,14.54457,100.90242,National Highway (ทางหลวงแผ่นดิน),Department of Highways (DOH - กรมทางหลวง),Private Car,Speeding (ขับรถเร็วเกินกำหนด),Normal Period (ช่วงเวลาปกติ),Level 2: Moderate Risk (Surveillance Zone),Yes,0,2,3,5,1529017.16,30.8,57.6
THA-2024-101453,2025,4,13,16,2025-04-13,Northeast,Nakhon Ratchasima,15.03617,102.17209,Rural Road (ทางหลวงชนบท),Department of Rural Roads (DRR - กรมทางหลวงชนบท),Private Car,Cutting off abruptly (ตัดหน้ากระชั้นชิด),Songkran Festival (เทศกาลสงกรานต์),Level 2: Moderate Risk (Surveillance Zone),Yes,0,2,3,5,1926027.32,62.6,63.9
THA-2025-101454,2025,10,23,16,2025-10-23,Bangkok & Vicinity,Bangkok,13.79986,100.62034,National Highway (ทางหลวงแผ่นดิน),Department of Highways (DOH - กรมทางหลวง),Motorcycle,Cutting off abruptly (ตัดหน้ากระชั้นชิด),Normal Period (ช่วงเวลาปกติ),Level 1: Low Risk (Baseline Zone),No,0,0,0,0,30826.27,60.8,30.9
THA-2026-101455,2020,6,17,15,2020-06-17,South,Surat Thani,9.07346,99.26814,Rural Road (ทางหลวงชนบท),Department of Rural Roads (DRR - กรมทางหลวงชนบท),Motorcycle,Cutting off abruptly (ตัดหน้ากระชั้นชิด),Normal Period (ช่วงเวลาปกติ),Level 2: Moderate Risk (Surveillance Zone),Yes,0,1,1,2,646442.07,44.8,23.3
THA-2020-101456,2024,8,9,21,2024-08-09,Northeast,Ubon Ratchathani,15.2814,104.90686,Rural Road (ทางหลวงชนบท),Department of Rural Roads (DRR - กรมทางหลวงชนบท),Motorcycle,Speeding (ขับรถเร็วเกินกำหนด),Normal Period (ช่วงเวลาปกติ),Level 3: Critical Blackspot (Red Zone),Yes,3,0,1,4,17718803.07,42.8,49.0
THA-2021-101457,2021,9,24,1,2021-09-24,Northeast,Ubon Ratchathani,15.2913,104.73142,Urban / City Road (ถนนในเมือง/ท้องถิ่น),Local Administration / BMA (อปท./กทม.),Motorcycle,Fatigue / Falling asleep (หลับใน),Normal Period (ช่วงเวลาปกติ),Level 1: Low Risk (Baseline Zone),No,0,0,0,0,30134.84,59.2,56.9
THA-2022-101458,2023,6,12,7,2023-06-12,Bangkok & Vicinity,Bangkok,13.64807,100.48517,National Highway (ทางหลวงแผ่นดิน),Department of Highways (DOH - กรมทางหลวง),Motorcycle,Road defect / Slippery surface (ถนนชำรุด/ลื่น),Normal Period (ช่วงเวลาปกติ),Level 1: Low Risk (Baseline Zone),No,0,0,1,1,126787.39,36.1,10.0
THA-2023-101459,2023,12,14,16,2023-12-14,Northeast,Ubon Ratchathani,15.08377,104.87078,Urban / City Road (ถนนในเมือง/ท้องถิ่น),Local Administration / BMA (อปท./กทม.),Motorcycle,Cutting off abruptly (ตัดหน้ากระชั้นชิด),Normal Period (ช่วงเวลาปกติ),Level 2: Moderate Risk (Surveillance Zone),Yes,0,1,1,2,971108.43,27.3,24.9
THA-2024-101460,2023,11,14,12,2023-11-14,North,Chiang Rai,19.90376,99.7583,Expressway (ทางพิเศษ),EXAT (การทางพิเศษแห่งประเทศไทย),Motorcycle,Speeding (ขับรถเร็วเกินกำหนด),Normal Period (ช่วงเวลาปกติ),Level 3: Critical Blackspot (Red Zone),No,1,1,0,2,6517634.88,10.0,73.0
THA-2025-101461,2023,9,8,17,2023-09-08,Northeast,Ubon Ratchathani,15.19514,104.85718,Urban / City Road (ถนนในเมือง/ท้องถิ่น),Local Administration / BMA (อปท./กทม.),Motorcycle,Speeding (ขับรถเร็วเกินกำหนด),Normal Period (ช่วงเวลาปกติ),Level 1: Low Risk (Baseline Zone),Yes,0,0,0,0,33819.69,48.2,64.2
THA-2026-101462,2026,4,23,23,2026-04-23,Bangkok & Vicinity,Bangkok,13.62188,100.44749,Urban / City Road (ถนนในเมือง/ท้องถิ่น),Local Administration / BMA (อปท./กทม.),Commercial Truck,Drunk driving (เมาแล้วขับ),Normal Period (ช่วงเวลาปกติ),Level 1: Low Risk (Baseline Zone),Yes,0,0,0,0,1176059.05,34.5,46.3
THA-2020-101463,2021,6,5,21,2021-06-05,Northeast,Ubon Ratchathani,15.22109,104.82032,Urban / City Road (ถนนในเมือง/ท้องถิ่น),Local Administration / BMA (อปท./กทม.),Motorcycle,Speeding (ขับรถเร็วเกินกำหนด),Normal Period (ช่วงเวลาปกติ),Level 3: Critical Blackspot (Red Zone),Yes,1,1,0,2,6798233.83,47.4,52.5
THA-2021-101464,2024,8,19,9,2024-08-19,South,Songkhla,7.1512,100.73661,Rural Road (ทางหลวงชนบท),Department of Rural Roads (DRR - กรมทางหลวงชนบท),Public Bus/Van,Road defect / Slippery surface (ถนนชำรุด/ลื่น),Normal Period (ช่วงเวลาปกติ),Level 1: Low Risk (Baseline Zone),Yes,0,0,0,0,798640.8,11.5,14.1
THA-2022-101465,2022,9,28,1,2022-09-28,Bangkok & Vicinity,Bangkok,13.84167,100.44392,National Highway (ทางหลวงแผ่นดิน),Department of Highways (DOH - กรมทางหลวง),Public Bus/Van,Drunk driving (เมาแล้วขับ),Normal Period (ช่วงเวลาปกติ),Level 2: Moderate Risk (Surveillance Zone),Yes,0,1,2,3,1849105.69,55.9,48.3
THA-2023-101466,2021,3,14,1,2021-03-14,South,Songkhla,7.08225,100.5771,Rural Road (ทางหลวงชนบท),Department of Rural Roads (DRR - กรมทางหลวงชนบท),Public Bus/Van,Drunk driving (เมาแล้วขับ),Normal Period (ช่วงเวลาปกติ),Level 3: Critical Blackspot (Red Zone),Yes,1,2,1,4,7823388.02,38.9,66.7
THA-2024-101467,2021,2,9,13,2021-02-09,North,Chiang Rai,20.02094,99.64914,Rural Road (ทางหลวงชนบท),Department of Rural Roads (DRR - กรมทางหลวงชนบท),Commercial Truck,Cutting off abruptly (ตัดหน้ากระชั้นชิด),Normal Period (ช่วงเวลาปกติ),Level 1: Low Risk (Baseline Zone),Yes,0,0,1,1,459290.42,39.8,27.2
THA-2025-101468,2026,6,7,15,2026-06-07,Central,Saraburi,14.53642,100.88308,Expressway (ทางพิเศษ),EXAT (การทางพิเศษแห่งประเทศไทย),Motorcycle,Speeding (ขับรถเร็วเกินกำหนด),Normal Period (ช่วงเวลาปกติ),Level 1: Low Risk (Baseline Zone),No,0,0,1,1,109293.01,43.3,86.7
THA-2026-101469,2026,4,27,6,2026-04-27,Central,Chonburi,13.46895,101.073,Rural Road (ทางหลวงชนบท),Department of Rural Roads (DRR - กรมทางหลวงชนบท),Motorcycle,Road defect / Slippery surface (ถนนชำรุด/ลื่น),Normal Period (ช่วงเวลาปกติ),Level 1: Low Risk (Baseline Zone),Yes,0,0,0,0,65143.96,24.9,48.9
THA-2020-101470,2026,1,26,20,2026-01-26,Northeast,Nakhon Ratchasima,14.84777,102.2055,National Highway (ทางหลวงแผ่นดิน),Department of Highways (DOH - กรมทางหลวง),Private Car,Drunk driving (เมาแล้วขับ),Normal Period (ช่วงเวลาปกติ),Level 1: Low Risk (Baseline Zone),Yes,0,0,1,1,423495.33,37.4,58.4
THA-2021-101471,2026,8,26,20,2026-08-26,Central,Chonburi,13.15106,101.0398,Rural Road (ทางหลวงชนบท),Department of Rural Roads (DRR - กรมทางหลวงชนบท),Private Car,Running red light / Signal violation (ฝ่าฝืนสัญญาณไฟ),Normal Period (ช่วงเวลาปกติ),Level 2: Moderate Risk (Surveillance Zone),No,0,1,2,3,1467163.06,37.7,48.8
THA-2022-101472,2021,9,8,23,2021-09-08,Central,Saraburi,14.59208,101.06247,Expressway (ทางพิเศษ),EXAT (การทางพิเศษแห่งประเทศไทย),Commercial Truck,Cutting off abruptly (ตัดหน้ากระชั้นชิด),Normal Period (ช่วงเวลาปกติ),Level 1: Low Risk (Baseline Zone),Yes,0,0,1,1,1082836.29,36.3,51.3
THA-2023-101473,2022,9,14,11,2022-09-14,North,Chiang Rai,19.93096,99.7808,National Highway (ทางหลวงแผ่นดิน),Department of Highways (DOH - กรมทางหลวง),Public Bus/Van,Drunk driving (เมาแล้วขับ),Normal Period (ช่วงเวลาปกติ),Level 2: Moderate Risk (Surveillance Zone),Yes,0,1,1,2,1512012.81,70.4,53.9
THA-2024-101474,2024,2,22,22,2024-02-22,North,Chiang Mai,18.69755,99.11672,National Highway (ทางหลวงแผ่นดิน),Department of Highways (DOH - กรมทางหลวง),Motorcycle,Speeding (ขับรถเร็วเกินกำหนด),Normal Period (ช่วงเวลาปกติ),Level 1: Low Risk (Baseline Zone),Yes,0,0,1,1,132836.02,64.3,69.8
THA-2025-101475,2023,9,28,13,2023-09-28,Northeast,Ubon Ratchathani,15.39754,104.80694,Rural Road (ทางหลวงชนบท),Department of Rural Roads (DRR - กรมทางหลวงชนบท),Motorcycle,Drunk driving (เมาแล้วขับ),Normal Period (ช่วงเวลาปกติ),Level 2: Moderate Risk (Surveillance Zone),Yes,0,2,1,3,2158010.83,42.8,51.9
THA-2026-101476,2023,7,14,3,2023-07-14,Central,Ayutthaya,14.3552,100.6911,National Highway (ทางหลวงแผ่นดิน),Department of Highways (DOH - กรมทางหลวง),Motorcycle,Fatigue / Falling asleep (หลับใน),Normal Period (ช่วงเวลาปกติ),Level 1: Low Risk (Baseline Zone),Yes,0,0,1,1,107802.44,55.2,25.0
THA-2020-101477,2022,5,11,3,2022-05-11,Central,Chonburi,13.43032,100.96789,National Highway (ทางหลวงแผ่นดิน),Department of Highways (DOH - กรมทางหลวง),Motorcycle,Fatigue / Falling asleep (หลับใน),Normal Period (ช่วงเวลาปกติ),Level 2: Moderate Risk (Surveillance Zone),No,0,1,1,2,1134914.65,43.2,37.6
THA-2021-101478,2024,7,14,17,2024-07-14,Central,Chonburi,13.29273,100.90898,National Highway (ทางหลวงแผ่นดิน),Department of Highways (DOH - กรมทางหลวง),Motorcycle,Fatigue / Falling asleep (หลับใน),Normal Period (ช่วงเวลาปกติ),Level 1: Low Risk (Baseline Zone),No,0,0,0,0,61178.69,48.1,34.4
THA-2022-101479,2024,9,21,2,2024-09-21,North,Phitsanulok,16.9069,100.23287,Urban / City Road (ถนนในเมือง/ท้องถิ่น),Local Administration / BMA (อปท./กทม.),Private Car,Speeding (ขับรถเร็วเกินกำหนด),Normal Period (ช่วงเวลาปกติ),Level 1: Low Risk (Baseline Zone),Yes,0,0,1,1,363053.6,46.7,47.5
THA-2023-101480,2021,8,8,0,2021-08-08,Central,Ayutthaya,14.3166,100.62347,National Highway (ทางหลวงแผ่นดิน),Department of Highways (DOH - กรมทางหลวง),Commercial Truck,Running red light / Signal violation (ฝ่าฝืนสัญญาณไฟ),Normal Period (ช่วงเวลาปกติ),Level 1: Low Risk (Baseline Zone),Yes,0,0,0,0,1282038.7,47.8,28.5
THA-2024-101481,2023,6,3,16,2023-06-03,Bangkok & Vicinity,Bangkok,13.76355,100.53685,National Highway (ทางหลวงแผ่นดิน),Department of Highways (DOH - กรมทางหลวง),Motorcycle,Running red light / Signal violation (ฝ่าฝืนสัญญาณไฟ),Normal Period (ช่วงเวลาปกติ),Level 1: Low Risk (Baseline Zone),No,0,0,0,0,62189.92,24.8,51.5
THA-2025-101482,2023,4,28,6,2023-04-28,Northeast,Nakhon Ratchasima,14.95074,102.06489,Urban / City Road (ถนนในเมือง/ท้องถิ่น),Local Administration / BMA (อปท./กทม.),Commercial Truck,Speeding (ขับรถเร็วเกินกำหนด),Normal Period (ช่วงเวลาปกติ),Level 3: Critical Blackspot (Red Zone),Yes,1,2,1,4,8307831.81,43.1,59.8
THA-2026-101483,2024,1,23,15,2024-01-23,Bangkok & Vicinity,Bangkok,13.6902,100.56561,Expressway (ทางพิเศษ),EXAT (การทางพิเศษแห่งประเทศไทย),Private Car,Road defect / Slippery surface (ถนนชำรุด/ลื่น),Normal Period (ช่วงเวลาปกติ),Level 1: Low Risk (Baseline Zone),Yes,0,0,0,0,288095.24,44.8,36.6
THA-2020-101484,2021,6,18,4,2021-06-18,North,Chiang Mai,18.79595,99.01168,Expressway (ทางพิเศษ),EXAT (การทางพิเศษแห่งประเทศไทย),Commercial Truck,Speeding (ขับรถเร็วเกินกำหนด),Normal Period (ช่วงเวลาปกติ),Level 2: Moderate Risk (Surveillance Zone),Yes,0,1,3,4,2011454.81,24.2,81.6
THA-2021-101485,2025,3,3,18,2025-03-03,North,Chiang Mai,18.69652,99.04791,National Highway (ทางหลวงแผ่นดิน),Department of Highways (DOH - กรมทางหลวง),Motorcycle,Drunk driving (เมาแล้วขับ),Normal Period (ช่วงเวลาปกติ),Level 1: Low Risk (Baseline Zone),No,0,0,1,1,83592.79,32.4,86.8
THA-2022-101486,2020,6,13,6,2020-06-13,North,Chiang Rai,19.93859,99.90633,Expressway (ทางพิเศษ),EXAT (การทางพิเศษแห่งประเทศไทย),Commercial Truck,Speeding (ขับรถเร็วเกินกำหนด),Normal Period (ช่วงเวลาปกติ),Level 2: Moderate Risk (Surveillance Zone),Yes,0,2,2,4,3112360.79,38.7,51.4
THA-2023-101487,2022,6,12,13,2022-06-12,Northeast,Ubon Ratchathani,15.27586,104.87304,National Highway (ทางหลวงแผ่นดิน),Department of Highways (DOH - กรมทางหลวง),Private Car,Running red light / Signal violation (ฝ่าฝืนสัญญาณไฟ),Normal Period (ช่วงเวลาปกติ),Level 2: Moderate Risk (Surveillance Zone),Yes,0,1,1,2,1298048.62,70.6,28.4
THA-2024-101488,2025,4,15,1,2025-04-15,North,Chiang Rai,19.74669,99.943,Urban / City Road (ถนนในเมือง/ท้องถิ่น),Local Administration / BMA (อปท./กทม.),Motorcycle,Speeding (ขับรถเร็วเกินกำหนด),Songkran Festival (เทศกาลสงกรานต์),Level 3: Critical Blackspot (Red Zone),Yes,2,1,1,4,10400188.86,26.9,92.6
THA-2025-101489,2024,2,18,2,2024-02-18,North,Phitsanulok,16.70226,100.35924,Rural Road (ทางหลวงชนบท),Department of Rural Roads (DRR - กรมทางหลวงชนบท),Motorcycle,Cutting off abruptly (ตัดหน้ากระชั้นชิด),Normal Period (ช่วงเวลาปกติ),Level 3: Critical Blackspot (Red Zone),Yes,1,1,1,3,5066287.58,44.6,67.6
THA-2026-101490,2022,9,5,16,2022-09-05,Bangkok & Vicinity,Nonthaburi,13.85555,100.3688,National Highway (ทางหลวงแผ่นดิน),Department of Highways (DOH - กรมทางหลวง),Public Bus/Van,Cutting off abruptly (ตัดหน้ากระชั้นชิด),Normal Period (ช่วงเวลาปกติ),Level 1: Low Risk (Baseline Zone),Yes,0,0,1,1,763840.09,57.6,48.4
THA-2020-101491,2024,2,7,15,2024-02-07,North,Chiang Mai,18.78055,98.85028,Rural Road (ทางหลวงชนบท),Department of Rural Roads (DRR - กรมทางหลวงชนบท),Motorcycle,Speeding (ขับรถเร็วเกินกำหนด),Normal Period (ช่วงเวลาปกติ),Level 1: Low Risk (Baseline Zone),No,0,0,1,1,121319.05,10.0,52.7
THA-2021-101492,2024,3,11,7,2024-03-11,Bangkok & Vicinity,Nonthaburi,13.96182,100.46698,National Highway (ทางหลวงแผ่นดิน),Department of Highways (DOH - กรมทางหลวง),Motorcycle,Drunk driving (เมาแล้วขับ),Normal Period (ช่วงเวลาปกติ),Level 1: Low Risk (Baseline Zone),Yes,0,0,1,1,84487.32,30.2,44.9
THA-2022-101493,2025,10,26,17,2025-10-26,Bangkok & Vicinity,Bangkok,13.66259,100.56128,Urban / City Road (ถนนในเมือง/ท้องถิ่น),Local Administration / BMA (อปท./กทม.),Motorcycle,Speeding (ขับรถเร็วเกินกำหนด),Normal Period (ช่วงเวลาปกติ),Level 3: Critical Blackspot (Red Zone),No,1,0,1,2,4486841.03,48.7,69.0
THA-2023-101494,2025,1,27,14,2025-01-27,Northeast,Khon Kaen,16.42839,102.87042,National Highway (ทางหลวงแผ่นดิน),Department of Highways (DOH - กรมทางหลวง),Private Car,Drunk driving (เมาแล้วขับ),Normal Period (ช่วงเวลาปกติ),Level 3: Critical Blackspot (Red Zone),No,2,0,0,2,12082692.35,43.8,66.9
THA-2024-101495,2024,7,11,6,2024-07-11,Northeast,Ubon Ratchathani,15.23455,104.9514,Rural Road (ทางหลวงชนบท),Department of Rural Roads (DRR - กรมทางหลวงชนบท),Commercial Truck,Running red light / Signal violation (ฝ่าฝืนสัญญาณไฟ),Normal Period (ช่วงเวลาปกติ),Level 1: Low Risk (Baseline Zone),Yes,0,0,1,1,687620.26,56.1,57.7
THA-2025-101496,2023,1,27,8,2023-01-27,Northeast,Khon Kaen,16.39606,102.68177,National Highway (ทางหลวงแผ่นดิน),Department of Highways (DOH - กรมทางหลวง),Motorcycle,Fatigue / Falling asleep (หลับใน),Normal Period (ช่วงเวลาปกติ),Level 1: Low Risk (Baseline Zone),Yes,0,0,0,0,60852.4,70.0,65.9
THA-2026-101497,2021,11,15,5,2021-11-15,North,Phitsanulok,16.72261,100.30507,National Highway (ทางหลวงแผ่นดิน),Department of Highways (DOH - กรมทางหลวง),Motorcycle,Fatigue / Falling asleep (หลับใน),Normal Period (ช่วงเวลาปกติ),Level 2: Moderate Risk (Surveillance Zone),Yes,0,1,2,3,799874.26,48.9,49.1
THA-2020-101498,2022,9,10,17,2022-09-10,North,Chiang Mai,18.7291,99.1008,Expressway (ทางพิเศษ),EXAT (การทางพิเศษแห่งประเทศไทย),Public Bus/Van,Speeding (ขับรถเร็วเกินกำหนด),Normal Period (ช่วงเวลาปกติ),Level 3: Critical Blackspot (Red Zone),No,1,0,0,1,5410127.88,31.6,63.1
THA-2021-101499,2023,11,15,17,2023-11-15,Central,Saraburi,14.42354,101.00244,Urban / City Road (ถนนในเมือง/ท้องถิ่น),Local Administration / BMA (อปท./กทม.),Private Car,Speeding (ขับรถเร็วเกินกำหนด),Normal Period (ช่วงเวลาปกติ),Level 3: Critical Blackspot (Red Zone),Yes,1,1,0,2,5320160.13,24.5,74.6
THA-2022-101500,2024,11,13,23,2024-11-13,Northeast,Nakhon Ratchasima,14.94093,102.21548,Expressway (ทางพิเศษ),EXAT (การทางพิเศษแห่งประเทศไทย),Commercial Truck,Cutting off abruptly (ตัดหน้ากระชั้นชิด),Normal Period (ช่วงเวลาปกติ),Level 1: Low Risk (Baseline Zone),Yes,0,0,0,0,1315290.68,31.1,21.9
THA-2023-101501,2023,1,14,13,2023-01-14,Northeast,Nakhon Ratchasima,15.02541,102.11513,National Highway (ทางหลวงแผ่นดิน),Department of Highways (DOH - กรมทางหลวง),Motorcycle,Speeding (ขับรถเร็วเกินกำหนด),Normal Period (ช่วงเวลาปกติ),Level 3: Critical Blackspot (Red Zone),No,2,0,1,3,12083884.06,77.1,67.8
THA-2024-101502,2022,5,17,13,2022-05-17,Bangkok & Vicinity,Bangkok,13.8161,100.6122,National Highway (ทางหลวงแผ่นดิน),Department of Highways (DOH - กรมทางหลวง),Motorcycle,Road defect / Slippery surface (ถนนชำรุด/ลื่น),Normal Period (ช่วงเวลาปกติ),Level 1: Low Risk (Baseline Zone),No,0,0,1,1,96722.74,38.3,20.2
THA-2025-101503,2020,7,13,13,2020-07-13,North,Chiang Mai,18.78373,98.81637,Rural Road (ทางหลวงชนบท),Department of Rural Roads (DRR - กรมทางหลวงชนบท),Motorcycle,Speeding (ขับรถเร็วเกินกำหนด),Normal Period (ช่วงเวลาปกติ),Level 1: Low Risk (Baseline Zone),No,0,0,0,0,76426.18,43.0,55.1
THA-2026-101504,2023,3,10,3,2023-03-10,North,Chiang Rai,20.0185,99.81619,Rural Road (ทางหลวงชนบท),Department of Rural Roads (DRR - กรมทางหลวงชนบท),Private Car,Road defect / Slippery surface (ถนนชำรุด/ลื่น),Normal Period (ช่วงเวลาปกติ),Level 1: Low Risk (Baseline Zone),No,0,0,1,1,350030.35,51.2,26.2
THA-2020-101505,2022,9,25,3,2022-09-25,North,Chiang Rai,20.14089,99.78636,National Highway (ทางหลวงแผ่นดิน),Department of Highways (DOH - กรมทางหลวง),Motorcycle,Speeding (ขับรถเร็วเกินกำหนด),Normal Period (ช่วงเวลาปกติ),Level 1: Low Risk (Baseline Zone),Yes,0,0,1,1,141499.12,64.0,67.9
THA-2021-101506,2025,8,1,14,2025-08-01,Northeast,Khon Kaen,16.39793,102.8906,Urban / City Road (ถนนในเมือง/ท้องถิ่น),Local Administration / BMA (อปท./กทม.),Motorcycle,Fatigue / Falling asleep (หลับใน),Normal Period (ช่วงเวลาปกติ),Level 2: Moderate Risk (Surveillance Zone),Yes,0,1,1,2,608512.86,27.8,31.6
THA-2022-101507,2020,3,1,14,2020-03-01,Northeast,Nakhon Ratchasima,15.04844,102.13584,National Highway (ทางหลวงแผ่นดิน),Department of Highways (DOH - กรมทางหลวง),Motorcycle,Speeding (ขับรถเร็วเกินกำหนด),Normal Period (ช่วงเวลาปกติ),Level 3: Critical Blackspot (Red Zone),Yes,1,0,0,1,5792417.72,72.4,71.0
THA-2023-101508,2024,5,15,17,2024-05-15,Northeast,Khon Kaen,16.38181,102.71918,National Highway (ทางหลวงแผ่นดิน),Department of Highways (DOH - กรมทางหลวง),Motorcycle,Speeding (ขับรถเร็วเกินกำหนด),Normal Period (ช่วงเวลาปกติ),Level 2: Moderate Risk (Surveillance Zone),Yes,0,1,2,3,1010105.27,59.0,88.1
THA-2024-101509,2026,7,16,13,2026-07-16,Central,Chonburi,13.30016,100.8482,National Highway (ทางหลวงแผ่นดิน),Department of Highways (DOH - กรมทางหลวง),Commercial Truck,Drunk driving (เมาแล้วขับ),Normal Period (ช่วงเวลาปกติ),Level 3: Critical Blackspot (Red Zone),Yes,2,1,1,4,10636984.75,54.2,64.3
THA-2025-101510,2021,12,12,0,2021-12-12,Central,Ayutthaya,14.53891,100.47618,Rural Road (ทางหลวงชนบท),Department of Rural Roads (DRR - กรมทางหลวงชนบท),Motorcycle,Speeding (ขับรถเร็วเกินกำหนด),Normal Period (ช่วงเวลาปกติ),Level 1: Low Risk (Baseline Zone),No,0,0,1,1,105498.7,18.9,28.8
THA-2026-101511,2023,4,26,9,2023-04-26,Central,Chonburi,13.33464,101.04702,Urban / City Road (ถนนในเมือง/ท้องถิ่น),Local Administration / BMA (อปท./กทม.),Private Car,Drunk driving (เมาแล้วขับ),Normal Period (ช่วงเวลาปกติ),Level 3: Critical Blackspot (Red Zone),No,1,0,0,1,4292747.09,40.7,66.9
THA-2020-101512,2020,5,24,19,2020-05-24,South,Surat Thani,9.13867,99.26828,Rural Road (ทางหลวงชนบท),Department of Rural Roads (DRR - กรมทางหลวงชนบท),Public Bus/Van,Cutting off abruptly (ตัดหน้ากระชั้นชิด),Normal Period (ช่วงเวลาปกติ),Level 1: Low Risk (Baseline Zone),Yes,0,0,0,0,1053694.81,32.9,37.3
THA-2021-101513,2024,3,6,9,2024-03-06,Bangkok & Vicinity,Bangkok,13.74293,100.44703,Rural Road (ทางหลวงชนบท),Department of Rural Roads (DRR - กรมทางหลวงชนบท),Motorcycle,Speeding (ขับรถเร็วเกินกำหนด),Normal Period (ช่วงเวลาปกติ),Level 1: Low Risk (Baseline Zone),No,0,0,1,1,161556.16,39.7,57.0
THA-2022-101514,2023,9,6,9,2023-09-06,Bangkok & Vicinity,Bangkok,13.7334,100.53695,National Highway (ทางหลวงแผ่นดิน),Department of Highways (DOH - กรมทางหลวง),Private Car,Road defect / Slippery surface (ถนนชำรุด/ลื่น),Normal Period (ช่วงเวลาปกติ),Level 1: Low Risk (Baseline Zone),Yes,0,0,0,0,133166.4,63.8,22.6
THA-2023-101515,2023,10,12,23,2023-10-12,Bangkok & Vicinity,Bangkok,13.663,100.59904,Urban / City Road (ถนนในเมือง/ท้องถิ่น),Local Administration / BMA (อปท./กทม.),Public Bus/Van,Cutting off abruptly (ตัดหน้ากระชั้นชิด),Normal Period (ช่วงเวลาปกติ),Level 1: Low Risk (Baseline Zone),Yes,0,0,1,1,772190.98,52.0,61.4
THA-2024-101516,2023,9,25,1,2023-09-25,Northeast,Khon Kaen,16.43874,102.77109,Expressway (ทางพิเศษ),EXAT (การทางพิเศษแห่งประเทศไทย),Public Bus/Van,Drunk driving (เมาแล้วขับ),Normal Period (ช่วงเวลาปกติ),Level 2: Moderate Risk (Surveillance Zone),Yes,0,1,3,4,1812667.23,28.9,87.4
THA-2025-101517,2026,7,15,7,2026-07-15,South,Phuket,7.85199,98.49737,Rural Road (ทางหลวงชนบท),Department of Rural Roads (DRR - กรมทางหลวงชนบท),Motorcycle,Cutting off abruptly (ตัดหน้ากระชั้นชิด),Normal Period (ช่วงเวลาปกติ),Level 2: Moderate Risk (Surveillance Zone),Yes,0,2,1,3,1774235.34,42.7,44.7
THA-2026-101518,2021,10,4,0,2021-10-04,Bangkok & Vicinity,Nonthaburi,13.93576,100.535,National Highway (ทางหลวงแผ่นดิน),Department of Highways (DOH - กรมทางหลวง),Motorcycle,Drunk driving (เมาแล้วขับ),Normal Period (ช่วงเวลาปกติ),Level 1: Low Risk (Baseline Zone),Yes,0,0,1,1,81037.74,48.3,70.3
THA-2020-101519,2020,2,24,0,2020-02-24,South,Phuket,7.82636,98.44344,Rural Road (ทางหลวงชนบท),Department of Rural Roads (DRR - กรมทางหลวงชนบท),Motorcycle,Speeding (ขับรถเร็วเกินกำหนด),Normal Period (ช่วงเวลาปกติ),Level 1: Low Risk (Baseline Zone),Yes,0,0,0,0,50295.98,52.2,52.0
THA-2021-101520,2025,7,4,3,2025-07-04,Bangkok & Vicinity,Bangkok,13.75757,100.65891,Rural Road (ทางหลวงชนบท),Department of Rural Roads (DRR - กรมทางหลวงชนบท),Private Car,Speeding (ขับรถเร็วเกินกำหนด),Normal Period (ช่วงเวลาปกติ),Level 1: Low Risk (Baseline Zone),Yes,0,0,1,1,518408.18,30.3,44.0
THA-2022-101521,2024,7,2,6,2024-07-02,South,Surat Thani,9.13482,99.47304,Expressway (ทางพิเศษ),EXAT (การทางพิเศษแห่งประเทศไทย),Private Car,Cutting off abruptly (ตัดหน้ากระชั้นชิด),Normal Period (ช่วงเวลาปกติ),Level 1: Low Risk (Baseline Zone),Yes,0,0,1,1,288325.0,39.1,73.1
THA-2023-101522,2026,11,27,8,2026-11-27,North,Chiang Mai,18.80583,98.89198,Expressway (ทางพิเศษ),EXAT (การทางพิเศษแห่งประเทศไทย),Private Car,Cutting off abruptly (ตัดหน้ากระชั้นชิด),Normal Period (ช่วงเวลาปกติ),Level 1: Low Risk (Baseline Zone),Yes,0,0,1,1,381846.99,47.7,26.6
THA-2024-101523,2024,5,24,15,2024-05-24,Bangkok & Vicinity,Bangkok,14.053,100.37157,Urban / City Road (ถนนในเมือง/ท้องถิ่น),Local Administration / BMA (อปท./กทม.),Motorcycle,Cutting off abruptly (ตัดหน้ากระชั้นชิด),Normal Period (ช่วงเวลาปกติ),Level 1: Low Risk (Baseline Zone),No,0,0,0,0,32704.4,16.2,35.3
THA-2025-101524,2025,9,12,4,2025-09-12,Northeast,Nakhon Ratchasima,14.80199,101.91107,National Highway (ทางหลวงแผ่นดิน),Department of Highways (DOH - กรมทางหลวง),Motorcycle,Drunk driving (เมาแล้วขับ),Normal Period (ช่วงเวลาปกติ),Level 2: Moderate Risk (Surveillance Zone),Yes,0,1,3,4,909679.92,59.5,40.9
THA-2026-101525,2023,12,7,1,2023-12-07,Bangkok & Vicinity,Nonthaburi,14.10867,100.70456,Expressway (ทางพิเศษ),EXAT (การทางพิเศษแห่งประเทศไทย),Private Car,Drunk driving (เมาแล้วขับ),Normal Period (ช่วงเวลาปกติ),Level 1: Low Risk (Baseline Zone),Yes,0,0,0,0,311148.34,20.5,66.6
THA-2020-101526,2025,11,20,22,2025-11-20,North,Chiang Mai,18.80126,99.02437,Rural Road (ทางหลวงชนบท),Department of Rural Roads (DRR - กรมทางหลวงชนบท),Motorcycle,Speeding (ขับรถเร็วเกินกำหนด),Normal Period (ช่วงเวลาปกติ),Level 1: Low Risk (Baseline Zone),Yes,0,0,1,1,150053.01,41.7,70.9
THA-2021-101527,2026,3,9,10,2026-03-09,North,Chiang Mai,18.81088,98.82594,Urban / City Road (ถนนในเมือง/ท้องถิ่น),Local Administration / BMA (อปท./กทม.),Private Car,Speeding (ขับรถเร็วเกินกำหนด),Normal Period (ช่วงเวลาปกติ),Level 1: Low Risk (Baseline Zone),Yes,0,0,1,1,406369.14,42.1,90.0
THA-2022-101528,2024,4,9,17,2024-04-09,Central,Ayutthaya,14.48449,100.68791,National Highway (ทางหลวงแผ่นดิน),Department of Highways (DOH - กรมทางหลวง),Motorcycle,Cutting off abruptly (ตัดหน้ากระชั้นชิด),Normal Period (ช่วงเวลาปกติ),Level 1: Low Risk (Baseline Zone),No,0,0,0,0,81099.98,51.0,53.6
THA-2023-101529,2021,1,8,18,2021-01-08,Northeast,Nakhon Ratchasima,14.8691,102.12711,National Highway (ทางหลวงแผ่นดิน),Department of Highways (DOH - กรมทางหลวง),Motorcycle,Speeding (ขับรถเร็วเกินกำหนด),Normal Period (ช่วงเวลาปกติ),Level 3: Critical Blackspot (Red Zone),No,2,2,0,4,9851088.47,81.3,66.4
THA-2024-101530,2022,6,14,12,2022-06-14,North,Chiang Mai,18.78169,98.9663,National Highway (ทางหลวงแผ่นดิน),Department of Highways (DOH - กรมทางหลวง),Motorcycle,Speeding (ขับรถเร็วเกินกำหนด),Normal Period (ช่วงเวลาปกติ),Level 3: Critical Blackspot (Red Zone),No,1,1,1,3,5453182.03,57.6,52.1
THA-2025-101531,2021,4,1,23,2021-04-01,Northeast,Khon Kaen,16.37108,102.81349,National Highway (ทางหลวงแผ่นดิน),Department of Highways (DOH - กรมทางหลวง),Motorcycle,Speeding (ขับรถเร็วเกินกำหนด),Normal Period (ช่วงเวลาปกติ),Level 1: Low Risk (Baseline Zone),Yes,0,0,1,1,106316.85,53.6,50.0
THA-2026-101532,2021,1,23,10,2021-01-23,Central,Chonburi,13.31368,101.08048,National Highway (ทางหลวงแผ่นดิน),Department of Highways (DOH - กรมทางหลวง),Motorcycle,Running red light / Signal violation (ฝ่าฝืนสัญญาณไฟ),Normal Period (ช่วงเวลาปกติ),Level 2: Moderate Risk (Surveillance Zone),Yes,0,1,1,2,660776.79,55.6,43.0
THA-2020-101533,2022,2,21,19,2022-02-21,Bangkok & Vicinity,Nonthaburi,13.85961,100.45107,Urban / City Road (ถนนในเมือง/ท้องถิ่น),Local Administration / BMA (อปท./กทม.),Motorcycle,Drunk driving (เมาแล้วขับ),Normal Period (ช่วงเวลาปกติ),Level 3: Critical Blackspot (Red Zone),Yes,1,0,1,2,4739886.03,26.7,65.8
THA-2021-101534,2023,3,23,18,2023-03-23,North,Chiang Rai,19.90823,99.82788,National Highway (ทางหลวงแผ่นดิน),Department of Highways (DOH - กรมทางหลวง),Motorcycle,Speeding (ขับรถเร็วเกินกำหนด),Normal Period (ช่วงเวลาปกติ),Level 2: Moderate Risk (Surveillance Zone),Yes,0,1,1,2,835337.8,61.7,42.8
THA-2022-101535,2024,9,12,16,2024-09-12,Bangkok & Vicinity,Bangkok,13.7398,100.56274,National Highway (ทางหลวงแผ่นดิน),Department of Highways (DOH - กรมทางหลวง),Motorcycle,Speeding (ขับรถเร็วเกินกำหนด),Normal Period (ช่วงเวลาปกติ),Level 2: Moderate Risk (Surveillance Zone),No,0,1,1,2,559257.57,39.6,93.6
THA-2023-101536,2023,8,25,4,2023-08-25,Bangkok & Vicinity,Bangkok,13.7314,100.4504,National Highway (ทางหลวงแผ่นดิน),Department of Highways (DOH - กรมทางหลวง),Motorcycle,Drunk driving (เมาแล้วขับ),Normal Period (ช่วงเวลาปกติ),Level 1: Low Risk (Baseline Zone),No,0,0,0,0,76064.32,36.4,83.2
THA-2024-101537,2024,7,2,12,2024-07-02,Northeast,Ubon Ratchathani,15.12239,104.84653,National Highway (ทางหลวงแผ่นดิน),Department of Highways (DOH - กรมทางหลวง),Private Car,Cutting off abruptly (ตัดหน้ากระชั้นชิด),Normal Period (ช่วงเวลาปกติ),Level 2: Moderate Risk (Surveillance Zone),No,0,1,2,3,1396465.7,67.6,20.5
THA-2025-101538,2020,11,13,19,2020-11-13,Bangkok & Vicinity,Bangkok,13.86838,100.49066,Expressway (ทางพิเศษ),EXAT (การทางพิเศษแห่งประเทศไทย),Motorcycle,Fatigue / Falling asleep (หลับใน),Normal Period (ช่วงเวลาปกติ),Level 1: Low Risk (Baseline Zone),Yes,0,0,0,0,65315.28,20.9,53.4
THA-2026-101539,2020,12,27,0,2020-12-27,Northeast,Nakhon Ratchasima,14.93474,102.02965,National Highway (ทางหลวงแผ่นดิน),Department of Highways (DOH - กรมทางหลวง),Private Car,Road defect / Slippery surface (ถนนชำรุด/ลื่น),Normal Period (ช่วงเวลาปกติ),Level 1: Low Risk (Baseline Zone),Yes,0,0,0,0,417151.47,67.1,35.7
THA-2020-101540,2021,4,4,9,2021-04-04,Central,Chonburi,13.20595,101.09058,National Highway (ทางหลวงแผ่นดิน),Department of Highways (DOH - กรมทางหลวง),Private Car,Cutting off abruptly (ตัดหน้ากระชั้นชิด),Normal Period (ช่วงเวลาปกติ),Level 2: Moderate Risk (Surveillance Zone),Yes,0,1,2,3,1294399.87,41.6,45.4
THA-2021-101541,2023,1,20,7,2023-01-20,Bangkok & Vicinity,Bangkok,13.79992,100.57107,Urban / City Road (ถนนในเมือง/ท้องถิ่น),Local Administration / BMA (อปท./กทม.),Private Car,Speeding (ขับรถเร็วเกินกำหนด),Normal Period (ช่วงเวลาปกติ),Level 3: Critical Blackspot (Red Zone),No,1,0,0,1,5071768.06,32.5,59.1
THA-2022-101542,2021,8,18,23,2021-08-18,Northeast,Nakhon Ratchasima,15.0025,102.02532,Urban / City Road (ถนนในเมือง/ท้องถิ่น),Local Administration / BMA (อปท./กทม.),Public Bus/Van,Fatigue / Falling asleep (หลับใน),Normal Period (ช่วงเวลาปกติ),Level 2: Moderate Risk (Surveillance Zone),Yes,0,2,2,4,3769361.3,55.3,34.8
THA-2023-101543,2022,4,19,7,2022-04-19,Bangkok & Vicinity,Nonthaburi,13.83358,100.46835,National Highway (ทางหลวงแผ่นดิน),Department of Highways (DOH - กรมทางหลวง),Motorcycle,Running red light / Signal violation (ฝ่าฝืนสัญญาณไฟ),Normal Period (ช่วงเวลาปกติ),Level 2: Moderate Risk (Surveillance Zone),No,0,1,1,2,533186.34,42.6,48.6
THA-2024-101544,2023,3,16,18,2023-03-16,South,Surat Thani,9.10068,99.28453,Urban / City Road (ถนนในเมือง/ท้องถิ่น),Local Administration / BMA (อปท./กทม.),Private Car,Cutting off abruptly (ตัดหน้ากระชั้นชิด),Normal Period (ช่วงเวลาปกติ),Level 1: Low Risk (Baseline Zone),Yes,0,0,1,1,218933.4,41.3,50.5
THA-2025-101545,2025,9,27,5,2025-09-27,Northeast,Nakhon Ratchasima,15.07933,102.27975,Rural Road (ทางหลวงชนบท),Department of Rural Roads (DRR - กรมทางหลวงชนบท),Public Bus/Van,Drunk driving (เมาแล้วขับ),Normal Period (ช่วงเวลาปกติ),Level 1: Low Risk (Baseline Zone),Yes,0,0,1,1,567438.71,43.3,93.1
THA-2026-101546,2020,10,14,11,2020-10-14,Central,Ayutthaya,14.2747,100.55317,Urban / City Road (ถนนในเมือง/ท้องถิ่น),Local Administration / BMA (อปท./กทม.),Commercial Truck,Speeding (ขับรถเร็วเกินกำหนด),Normal Period (ช่วงเวลาปกติ),Level 1: Low Risk (Baseline Zone),Yes,0,0,1,1,1245946.63,45.4,76.3
THA-2020-101547,2024,4,8,6,2024-04-08,Northeast,Nakhon Ratchasima,14.99941,102.00956,Rural Road (ทางหลวงชนบท),Department of Rural Roads (DRR - กรมทางหลวงชนบท),Motorcycle,Cutting off abruptly (ตัดหน้ากระชั้นชิด),Normal Period (ช่วงเวลาปกติ),Level 1: Low Risk (Baseline Zone),No,0,0,1,1,105554.51,47.0,27.7
THA-2021-101548,2024,4,12,15,2024-04-12,Bangkok & Vicinity,Bangkok,13.76105,100.53345,Expressway (ทางพิเศษ),EXAT (การทางพิเศษแห่งประเทศไทย),Motorcycle,Drunk driving (เมาแล้วขับ),Songkran Festival (เทศกาลสงกรานต์),Level 3: Critical Blackspot (Red Zone),No,1,1,0,2,6348014.61,42.3,85.4
THA-2022-101549,2025,9,9,8,2025-09-09,Northeast,Khon Kaen,16.42518,102.88003,National Highway (ทางหลวงแผ่นดิน),Department of Highways (DOH - กรมทางหลวง),Motorcycle,Road defect / Slippery surface (ถนนชำรุด/ลื่น),Normal Period (ช่วงเวลาปกติ),Level 1: Low Risk (Baseline Zone),No,0,0,0,0,52041.09,41.7,33.9
THA-2023-101550,2026,12,6,20,2026-12-06,South,Surat Thani,9.13823,99.06358,National Highway (ทางหลวงแผ่นดิน),Department of Highways (DOH - กรมทางหลวง),Private Car,Drunk driving (เมาแล้วขับ),Normal Period (ช่วงเวลาปกติ),Level 2: Moderate Risk (Surveillance Zone),No,0,1,2,3,900860.93,73.8,63.6
THA-2024-101551,2020,11,26,21,2020-11-26,Northeast,Khon Kaen,16.34575,102.95252,National Highway (ทางหลวงแผ่นดิน),Department of Highways (DOH - กรมทางหลวง),Private Car,Fatigue / Falling asleep (หลับใน),Normal Period (ช่วงเวลาปกติ),Level 1: Low Risk (Baseline Zone),No,0,0,0,0,196653.93,44.7,33.4
THA-2025-101552,2021,12,18,9,2021-12-18,Central,Ayutthaya,14.40003,100.31179,National Highway (ทางหลวงแผ่นดิน),Department of Highways (DOH - กรมทางหลวง),Motorcycle,Speeding (ขับรถเร็วเกินกำหนด),Normal Period (ช่วงเวลาปกติ),Level 3: Critical Blackspot (Red Zone),No,1,1,1,3,6667981.19,62.5,98.0
THA-2026-101553,2026,2,2,9,2026-02-02,South,Phuket,7.74449,98.45726,Expressway (ทางพิเศษ),EXAT (การทางพิเศษแห่งประเทศไทย),Motorcycle,Speeding (ขับรถเร็วเกินกำหนด),Normal Period (ช่วงเวลาปกติ),Level 3: Critical Blackspot (Red Zone),Yes,1,0,0,1,3741462.59,46.0,74.2
THA-2020-101554,2023,12,23,9,2023-12-23,Bangkok & Vicinity,Nonthaburi,13.81025,100.2702,Rural Road (ทางหลวงชนบท),Department of Rural Roads (DRR - กรมทางหลวงชนบท),Private Car,Cutting off abruptly (ตัดหน้ากระชั้นชิด),Normal Period (ช่วงเวลาปกติ),Level 1: Low Risk (Baseline Zone),Yes,0,0,1,1,310279.13,41.2,51.8
THA-2021-101555,2024,5,8,19,2024-05-08,Bangkok & Vicinity,Bangkok,13.85165,100.56695,National Highway (ทางหลวงแผ่นดิน),Department of Highways (DOH - กรมทางหลวง),Motorcycle,Speeding (ขับรถเร็วเกินกำหนด),Normal Period (ช่วงเวลาปกติ),Level 2: Moderate Risk (Surveillance Zone),No,0,2,3,5,2147744.74,28.9,60.1
THA-2022-101556,2024,4,24,15,2024-04-24,Northeast,Khon Kaen,16.35756,102.93565,National Highway (ทางหลวงแผ่นดิน),Department of Highways (DOH - กรมทางหลวง),Commercial Truck,Drunk driving (เมาแล้วขับ),Normal Period (ช่วงเวลาปกติ),Level 1: Low Risk (Baseline Zone),Yes,0,0,1,1,542661.95,34.8,52.5
THA-2023-101557,2024,9,14,0,2024-09-14,North,Chiang Rai,19.83927,99.78454,National Highway (ทางหลวงแผ่นดิน),Department of Highways (DOH - กรมทางหลวง),Private Car,Speeding (ขับรถเร็วเกินกำหนด),Normal Period (ช่วงเวลาปกติ),Level 3: Critical Blackspot (Red Zone),Yes,1,0,0,1,5882309.2,77.3,78.2
THA-2024-101558,2026,12,6,16,2026-12-06,Central,Ayutthaya,14.30949,100.39781,Expressway (ทางพิเศษ),EXAT (การทางพิเศษแห่งประเทศไทย),Motorcycle,Fatigue / Falling asleep (หลับใน),Normal Period (ช่วงเวลาปกติ),Level 1: Low Risk (Baseline Zone),Yes,0,0,0,0,76644.58,37.1,54.3
THA-2025-101559,2026,5,10,20,2026-05-10,South,Phuket,7.91754,98.43911,Rural Road (ทางหลวงชนบท),Department of Rural Roads (DRR - กรมทางหลวงชนบท),Private Car,Fatigue / Falling asleep (หลับใน),Normal Period (ช่วงเวลาปกติ),Level 1: Low Risk (Baseline Zone),Yes,0,0,0,0,354381.01,24.9,38.2
THA-2026-101560,2025,9,8,13,2025-09-08,North,Chiang Mai,18.74703,99.04886,Rural Road (ทางหลวงชนบท),Department of Rural Roads (DRR - กรมทางหลวงชนบท),Motorcycle,Cutting off abruptly (ตัดหน้ากระชั้นชิด),Normal Period (ช่วงเวลาปกติ),Level 2: Moderate Risk (Surveillance Zone),No,0,1,2,3,1068354.28,40.4,21.3
THA-2020-101561,2022,11,17,18,2022-11-17,Bangkok & Vicinity,Nonthaburi,13.7189,100.57515,Rural Road (ทางหลวงชนบท),Department of Rural Roads (DRR - กรมทางหลวงชนบท),Private Car,Speeding (ขับรถเร็วเกินกำหนด),Normal Period (ช่วงเวลาปกติ),Level 3: Critical Blackspot (Red Zone),Yes,1,1,0,2,6990491.31,56.3,78.2
THA-2021-101562,2026,9,25,20,2026-09-25,Central,Chonburi,13.39039,100.92254,Urban / City Road (ถนนในเมือง/ท้องถิ่น),Local Administration / BMA (อปท./กทม.),Public Bus/Van,Drunk driving (เมาแล้วขับ),Normal Period (ช่วงเวลาปกติ),Level 1: Low Risk (Baseline Zone),Yes,0,0,0,0,618306.92,47.2,84.6
THA-2022-101563,2020,2,12,20,2020-02-12,Bangkok & Vicinity,Nonthaburi,13.89937,100.43406,Rural Road (ทางหลวงชนบท),Department of Rural Roads (DRR - กรมทางหลวงชนบท),Commercial Truck,Running red light / Signal violation (ฝ่าฝืนสัญญาณไฟ),Normal Period (ช่วงเวลาปกติ),Level 2: Moderate Risk (Surveillance Zone),Yes,0,1,1,2,2070001.63,15.0,40.0
THA-2023-101564,2021,9,17,16,2021-09-17,Central,Ayutthaya,14.45266,100.61583,National Highway (ทางหลวงแผ่นดิน),Department of Highways (DOH - กรมทางหลวง),Motorcycle,Drunk driving (เมาแล้วขับ),Normal Period (ช่วงเวลาปกติ),Level 1: Low Risk (Baseline Zone),No,0,0,0,0,33797.17,34.4,86.8
THA-2024-101565,2026,3,13,13,2026-03-13,North,Chiang Rai,19.94323,99.79899,Urban / City Road (ถนนในเมือง/ท้องถิ่น),Local Administration / BMA (อปท./กทม.),Motorcycle,Speeding (ขับรถเร็วเกินกำหนด),Normal Period (ช่วงเวลาปกติ),Level 2: Moderate Risk (Surveillance Zone),Yes,0,2,1,3,2278332.04,41.8,46.2
THA-2025-101566,2022,4,19,7,2022-04-19,Northeast,Ubon Ratchathani,15.31457,104.95563,Urban / City Road (ถนนในเมือง/ท้องถิ่น),Local Administration / BMA (อปท./กทม.),Motorcycle,Speeding (ขับรถเร็วเกินกำหนด),Normal Period (ช่วงเวลาปกติ),Level 1: Low Risk (Baseline Zone),No,0,0,1,1,102676.55,38.0,74.5
THA-2026-101567,2021,1,12,20,2021-01-12,Bangkok & Vicinity,Bangkok,13.90092,100.45272,Urban / City Road (ถนนในเมือง/ท้องถิ่น),Local Administration / BMA (อปท./กทม.),Motorcycle,Speeding (ขับรถเร็วเกินกำหนด),Normal Period (ช่วงเวลาปกติ),Level 3: Critical Blackspot (Red Zone),No,3,1,1,5,16527992.64,10.0,61.0
THA-2020-101568,2021,1,16,20,2021-01-16,Northeast,Khon Kaen,16.50587,102.94919,Expressway (ทางพิเศษ),EXAT (การทางพิเศษแห่งประเทศไทย),Motorcycle,Speeding (ขับรถเร็วเกินกำหนด),Normal Period (ช่วงเวลาปกติ),Level 3: Critical Blackspot (Red Zone),Yes,1,1,0,2,4683732.3,23.6,53.9
THA-2021-101569,2025,1,25,8,2025-01-25,North,Phitsanulok,16.79923,100.39239,Urban / City Road (ถนนในเมือง/ท้องถิ่น),Local Administration / BMA (อปท./กทม.),Motorcycle,Fatigue / Falling asleep (หลับใน),Normal Period (ช่วงเวลาปกติ),Level 1: Low Risk (Baseline Zone),Yes,0,0,1,1,116033.2,58.0,24.6
THA-2022-101570,2023,9,27,7,2023-09-27,Northeast,Khon Kaen,16.4465,102.73192,Urban / City Road (ถนนในเมือง/ท้องถิ่น),Local Administration / BMA (อปท./กทม.),Motorcycle,Fatigue / Falling asleep (หลับใน),Normal Period (ช่วงเวลาปกติ),Level 2: Moderate Risk (Surveillance Zone),Yes,0,1,1,2,1133655.49,56.9,28.6
THA-2023-101571,2024,11,5,12,2024-11-05,Bangkok & Vicinity,Bangkok,13.6924,100.37189,Expressway (ทางพิเศษ),EXAT (การทางพิเศษแห่งประเทศไทย),Motorcycle,Speeding (ขับรถเร็วเกินกำหนด),Normal Period (ช่วงเวลาปกติ),Level 1: Low Risk (Baseline Zone),Yes,0,0,0,0,61757.32,58.2,74.7
THA-2024-101572,2021,8,25,16,2021-08-25,Central,Chonburi,13.3576,100.97028,National Highway (ทางหลวงแผ่นดิน),Department of Highways (DOH - กรมทางหลวง),Motorcycle,Speeding (ขับรถเร็วเกินกำหนด),Normal Period (ช่วงเวลาปกติ),Level 2: Moderate Risk (Surveillance Zone),Yes,0,1,2,3,880443.42,33.5,61.1
THA-2025-101573,2025,5,16,18,2025-05-16,Central,Saraburi,14.54586,101.03335,Rural Road (ทางหลวงชนบท),Department of Rural Roads (DRR - กรมทางหลวงชนบท),Public Bus/Van,Speeding (ขับรถเร็วเกินกำหนด),Normal Period (ช่วงเวลาปกติ),Level 1: Low Risk (Baseline Zone),Yes,0,0,0,0,777397.81,17.4,60.5
THA-2026-101574,2025,5,25,6,2025-05-25,Bangkok & Vicinity,Bangkok,13.75482,100.47776,Rural Road (ทางหลวงชนบท),Department of Rural Roads (DRR - กรมทางหลวงชนบท),Private Car,Road defect / Slippery surface (ถนนชำรุด/ลื่น),Normal Period (ช่วงเวลาปกติ),Level 1: Low Risk (Baseline Zone),Yes,0,0,1,1,458458.33,67.4,20.2
THA-2020-101575,2022,9,6,16,2022-09-06,Bangkok & Vicinity,Bangkok,13.73834,100.335,National Highway (ทางหลวงแผ่นดิน),Department of Highways (DOH - กรมทางหลวง),Motorcycle,Cutting off abruptly (ตัดหน้ากระชั้นชิด),Normal Period (ช่วงเวลาปกติ),Level 3: Critical Blackspot (Red Zone),No,1,2,1,4,6323568.03,48.1,43.7
THA-2021-101576,2023,3,11,0,2023-03-11,Bangkok & Vicinity,Bangkok,13.81781,100.48823,Urban / City Road (ถนนในเมือง/ท้องถิ่น),Local Administration / BMA (อปท./กทม.),Motorcycle,Drunk driving (เมาแล้วขับ),Normal Period (ช่วงเวลาปกติ),Level 1: Low Risk (Baseline Zone),Yes,0,0,1,1,148642.22,32.4,59.3
THA-2022-101577,2021,3,17,4,2021-03-17,Northeast,Khon Kaen,16.43943,102.80553,Urban / City Road (ถนนในเมือง/ท้องถิ่น),Local Administration / BMA (อปท./กทม.),Motorcycle,Cutting off abruptly (ตัดหน้ากระชั้นชิด),Normal Period (ช่วงเวลาปกติ),Level 2: Moderate Risk (Surveillance Zone),Yes,0,1,1,2,786785.41,42.2,44.6
THA-2023-101578,2026,7,26,5,2026-07-26,Northeast,Khon Kaen,16.44366,102.70554,Urban / City Road (ถนนในเมือง/ท้องถิ่น),Local Administration / BMA (อปท./กทม.),Motorcycle,Drunk driving (เมาแล้วขับ),Normal Period (ช่วงเวลาปกติ),Level 3: Critical Blackspot (Red Zone),Yes,1,2,1,4,6348013.5,30.8,47.2
THA-2024-101579,2024,9,23,1,2024-09-23,Northeast,Nakhon Ratchasima,14.9798,102.04344,Expressway (ทางพิเศษ),EXAT (การทางพิเศษแห่งประเทศไทย),Motorcycle,Cutting off abruptly (ตัดหน้ากระชั้นชิด),Normal Period (ช่วงเวลาปกติ),Level 1: Low Risk (Baseline Zone),No,0,0,1,1,108724.01,46.1,45.0
THA-2025-101580,2026,6,14,15,2026-06-14,Bangkok & Vicinity,Nonthaburi,13.86524,100.42205,National Highway (ทางหลวงแผ่นดิน),Department of Highways (DOH - กรมทางหลวง),Commercial Truck,Speeding (ขับรถเร็วเกินกำหนด),Normal Period (ช่วงเวลาปกติ),Level 2: Moderate Risk (Surveillance Zone),No,0,2,2,4,2652197.47,57.1,45.1
THA-2026-101581,2022,2,6,21,2022-02-06,North,Chiang Rai,19.95357,99.84253,Urban / City Road (ถนนในเมือง/ท้องถิ่น),Local Administration / BMA (อปท./กทม.),Private Car,Drunk driving (เมาแล้วขับ),Normal Period (ช่วงเวลาปกติ),Level 2: Moderate Risk (Surveillance Zone),Yes,0,1,1,2,827588.13,27.9,85.0
THA-2020-101582,2025,1,25,4,2025-01-25,Northeast,Khon Kaen,16.31561,102.90877,Rural Road (ทางหลวงชนบท),Department of Rural Roads (DRR - กรมทางหลวงชนบท),Private Car,Cutting off abruptly (ตัดหน้ากระชั้นชิด),Normal Period (ช่วงเวลาปกติ),Level 1: Low Risk (Baseline Zone),No,0,0,1,1,314631.87,24.0,32.1
THA-2021-101583,2025,2,23,4,2025-02-23,Northeast,Nakhon Ratchasima,14.93361,102.06552,National Highway (ทางหลวงแผ่นดิน),Department of Highways (DOH - กรมทางหลวง),Motorcycle,Speeding (ขับรถเร็วเกินกำหนด),Normal Period (ช่วงเวลาปกติ),Level 2: Moderate Risk (Surveillance Zone),Yes,0,1,3,4,874016.34,85.8,69.6
THA-2022-101584,2024,1,28,11,2024-01-28,South,Songkhla,7.24744,100.7109,National Highway (ทางหลวงแผ่นดิน),Department of Highways (DOH - กรมทางหลวง),Public Bus/Van,Speeding (ขับรถเร็วเกินกำหนด),Normal Period (ช่วงเวลาปกติ),Level 2: Moderate Risk (Surveillance Zone),Yes,0,2,3,5,1562072.44,49.3,53.1
THA-2023-101585,2026,10,11,2,2026-10-11,Bangkok & Vicinity,Bangkok,13.71437,100.51183,Urban / City Road (ถนนในเมือง/ท้องถิ่น),Local Administration / BMA (อปท./กทม.),Public Bus/Van,Speeding (ขับรถเร็วเกินกำหนด),Normal Period (ช่วงเวลาปกติ),Level 2: Moderate Risk (Surveillance Zone),Yes,0,1,2,3,1598159.97,24.6,67.3
THA-2024-101586,2022,10,12,15,2022-10-12,Northeast,Ubon Ratchathani,15.30618,104.96099,Rural Road (ทางหลวงชนบท),Department of Rural Roads (DRR - กรมทางหลวงชนบท),Motorcycle,Cutting off abruptly (ตัดหน้ากระชั้นชิด),Normal Period (ช่วงเวลาปกติ),Level 2: Moderate Risk (Surveillance Zone),No,0,1,2,3,548866.69,29.3,36.7
THA-2025-101587,2021,9,13,5,2021-09-13,North,Chiang Rai,19.91848,99.88306,Urban / City Road (ถนนในเมือง/ท้องถิ่น),Local Administration / BMA (อปท./กทม.),Motorcycle,Drunk driving (เมาแล้วขับ),Normal Period (ช่วงเวลาปกติ),Level 1: Low Risk (Baseline Zone),No,0,0,0,0,31645.1,37.4,89.7
THA-2026-101588,2024,10,4,14,2024-10-04,North,Chiang Rai,19.82825,99.70449,Rural Road (ทางหลวงชนบท),Department of Rural Roads (DRR - กรมทางหลวงชนบท),Motorcycle,Road defect / Slippery surface (ถนนชำรุด/ลื่น),Normal Period (ช่วงเวลาปกติ),Level 1: Low Risk (Baseline Zone),Yes,0,0,0,0,67615.28,34.2,20.2
THA-2020-101589,2025,12,7,14,2025-12-07,Central,Chonburi,13.41104,100.91208,National Highway (ทางหลวงแผ่นดิน),Department of Highways (DOH - กรมทางหลวง),Motorcycle,Speeding (ขับรถเร็วเกินกำหนด),Normal Period (ช่วงเวลาปกติ),Level 1: Low Risk (Baseline Zone),Yes,0,0,1,1,100993.55,40.8,59.4
THA-2021-101590,2024,8,2,15,2024-08-02,Northeast,Ubon Ratchathani,15.16161,104.90503,National Highway (ทางหลวงแผ่นดิน),Department of Highways (DOH - กรมทางหลวง),Private Car,Speeding (ขับรถเร็วเกินกำหนด),Normal Period (ช่วงเวลาปกติ),Level 2: Moderate Risk (Surveillance Zone),Yes,0,1,1,2,912554.69,28.4,73.1
THA-2022-101591,2021,7,6,19,2021-07-06,South,Songkhla,7.16233,100.63478,National Highway (ทางหลวงแผ่นดิน),Department of Highways (DOH - กรมทางหลวง),Motorcycle,Speeding (ขับรถเร็วเกินกำหนด),Normal Period (ช่วงเวลาปกติ),Level 1: Low Risk (Baseline Zone),No,0,0,1,1,153595.5,65.3,98.0
THA-2023-101592,2023,3,6,12,2023-03-06,Bangkok & Vicinity,Bangkok,13.64081,100.4198,Expressway (ทางพิเศษ),EXAT (การทางพิเศษแห่งประเทศไทย),Motorcycle,Cutting off abruptly (ตัดหน้ากระชั้นชิด),Normal Period (ช่วงเวลาปกติ),Level 1: Low Risk (Baseline Zone),Yes,0,0,0,0,80228.3,27.9,64.7
THA-2024-101593,2022,8,18,11,2022-08-18,Bangkok & Vicinity,Bangkok,13.90306,100.44258,National Highway (ทางหลวงแผ่นดิน),Department of Highways (DOH - กรมทางหลวง),Motorcycle,Cutting off abruptly (ตัดหน้ากระชั้นชิด),Normal Period (ช่วงเวลาปกติ),Level 3: Critical Blackspot (Red Zone),No,1,0,0,1,4585280.97,58.8,44.7
THA-2025-101594,2023,2,20,9,2023-02-20,Central,Chonburi,13.3428,101.00606,Expressway (ทางพิเศษ),EXAT (การทางพิเศษแห่งประเทศไทย),Motorcycle,Drunk driving (เมาแล้วขับ),Normal Period (ช่วงเวลาปกติ),Level 3: Critical Blackspot (Red Zone),No,1,0,1,2,4600830.19,50.6,34.8
THA-2026-101595,2024,2,8,13,2024-02-08,Northeast,Nakhon Ratchasima,14.8836,102.21955,Expressway (ทางพิเศษ),EXAT (การทางพิเศษแห่งประเทศไทย),Commercial Truck,Speeding (ขับรถเร็วเกินกำหนด),Normal Period (ช่วงเวลาปกติ),Level 3: Critical Blackspot (Red Zone),No,1,1,1,3,6012810.67,39.1,72.9
THA-2020-101596,2025,11,8,1,2025-11-08,Bangkok & Vicinity,Nonthaburi,13.86278,100.49212,Expressway (ทางพิเศษ),EXAT (การทางพิเศษแห่งประเทศไทย),Private Car,Cutting off abruptly (ตัดหน้ากระชั้นชิด),Normal Period (ช่วงเวลาปกติ),Level 1: Low Risk (Baseline Zone),Yes,0,0,0,0,192623.3,20.0,55.9
THA-2021-101597,2021,10,8,2,2021-10-08,Bangkok & Vicinity,Bangkok,13.85243,100.58386,National Highway (ทางหลวงแผ่นดิน),Department of Highways (DOH - กรมทางหลวง),Private Car,Road defect / Slippery surface (ถนนชำรุด/ลื่น),Normal Period (ช่วงเวลาปกติ),Level 2: Moderate Risk (Surveillance Zone),Yes,0,1,2,3,1617781.37,80.1,12.5
THA-2022-101598,2023,3,8,8,2023-03-08,Bangkok & Vicinity,Bangkok,13.93333,100.46247,Expressway (ทางพิเศษ),EXAT (การทางพิเศษแห่งประเทศไทย),Motorcycle,Road defect / Slippery surface (ถนนชำรุด/ลื่น),Normal Period (ช่วงเวลาปกติ),Level 1: Low Risk (Baseline Zone),Yes,0,0,0,0,64902.01,38.2,35.9
THA-2023-101599,2022,7,1,10,2022-07-01,South,Phuket,8.07779,98.45045,National Highway (ทางหลวงแผ่นดิน),Department of Highways (DOH - กรมทางหลวง),Private Car,Running red light / Signal violation (ฝ่าฝืนสัญญาณไฟ),Normal Period (ช่วงเวลาปกติ),Level 2: Moderate Risk (Surveillance Zone),No,0,1,2,3,991855.05,60.0,24.5
THA-2024-101600,2021,1,2,10,2021-01-02,Bangkok & Vicinity,Bangkok,13.90844,100.59052,National Highway (ทางหลวงแผ่นดิน),Department of Highways (DOH - กรมทางหลวง),Motorcycle,Fatigue / Falling asleep (หลับใน),New Year Festival (เทศกาลปีใหม่),Level 3: Critical Blackspot (Red Zone),No,1,2,1,4,6209490.25,57.7,54.2
THA-2025-101601,2025,8,12,21,2025-08-12,North,Chiang Mai,18.73052,98.91027,National Highway (ทางหลวงแผ่นดิน),Department of Highways (DOH - กรมทางหลวง),Private Car,Road defect / Slippery surface (ถนนชำรุด/ลื่น),Normal Period (ช่วงเวลาปกติ),Level 1: Low Risk (Baseline Zone),Yes,0,0,1,1,483034.65,44.5,35.8
THA-2026-101602,2026,12,15,9,2026-12-15,Bangkok & Vicinity,Nonthaburi,13.69973,100.33245,Expressway (ทางพิเศษ),EXAT (การทางพิเศษแห่งประเทศไทย),Motorcycle,Speeding (ขับรถเร็วเกินกำหนด),Normal Period (ช่วงเวลาปกติ),Level 1: Low Risk (Baseline Zone),No,0,0,0,0,47640.97,32.2,77.0
THA-2020-101603,2022,7,4,13,2022-07-04,North,Chiang Mai,18.7332,99.09933,National Highway (ทางหลวงแผ่นดิน),Department of Highways (DOH - กรมทางหลวง),Motorcycle,Speeding (ขับรถเร็วเกินกำหนด),Normal Period (ช่วงเวลาปกติ),Level 1: Low Risk (Baseline Zone),No,0,0,1,1,105595.74,57.0,82.6
THA-2021-101604,2025,4,28,8,2025-04-28,Bangkok & Vicinity,Bangkok,13.71147,100.44092,Rural Road (ทางหลวงชนบท),Department of Rural Roads (DRR - กรมทางหลวงชนบท),Motorcycle,Speeding (ขับรถเร็วเกินกำหนด),Normal Period (ช่วงเวลาปกติ),Level 3: Critical Blackspot (Red Zone),No,3,1,0,4,11626932.9,37.3,52.7
THA-2022-101605,2026,5,25,19,2026-05-25,Northeast,Nakhon Ratchasima,15.04287,102.02026,National Highway (ทางหลวงแผ่นดิน),Department of Highways (DOH - กรมทางหลวง),Motorcycle,Drunk driving (เมาแล้วขับ),Normal Period (ช่วงเวลาปกติ),Level 2: Moderate Risk (Surveillance Zone),No,0,1,1,2,1052293.17,82.6,44.9
THA-2023-101606,2025,10,3,20,2025-10-03,Bangkok & Vicinity,Bangkok,13.92195,100.47825,National Highway (ทางหลวงแผ่นดิน),Department of Highways (DOH - กรมทางหลวง),Public Bus/Van,Road defect / Slippery surface (ถนนชำรุด/ลื่น),Normal Period (ช่วงเวลาปกติ),Level 2: Moderate Risk (Surveillance Zone),Yes,0,1,3,4,1584733.43,78.1,36.1
THA-2024-101607,2021,1,14,9,2021-01-14,Central,Ayutthaya,14.43696,100.55039,National Highway (ทางหลวงแผ่นดิน),Department of Highways (DOH - กรมทางหลวง),Motorcycle,Speeding (ขับรถเร็วเกินกำหนด),Normal Period (ช่วงเวลาปกติ),Level 2: Moderate Risk (Surveillance Zone),No,0,1,1,2,945401.96,47.2,77.3
THA-2025-101608,2026,4,22,21,2026-04-22,Bangkok & Vicinity,Nonthaburi,13.86431,100.61484,Urban / City Road (ถนนในเมือง/ท้องถิ่น),Local Administration / BMA (อปท./กทม.),Motorcycle,Drunk driving (เมาแล้วขับ),Normal Period (ช่วงเวลาปกติ),Level 1: Low Risk (Baseline Zone),Yes,0,0,1,1,108518.76,31.8,26.1
THA-2026-101609,2022,1,23,8,2022-01-23,Northeast,Nakhon Ratchasima,15.00054,102.23224,Rural Road (ทางหลวงชนบท),Department of Rural Roads (DRR - กรมทางหลวงชนบท),Motorcycle,Drunk driving (เมาแล้วขับ),Normal Period (ช่วงเวลาปกติ),Level 1: Low Risk (Baseline Zone),No,0,0,1,1,111356.88,59.2,52.0
THA-2020-101610,2022,1,8,4,2022-01-08,South,Phuket,7.8099,98.27539,Urban / City Road (ถนนในเมือง/ท้องถิ่น),Local Administration / BMA (อปท./กทม.),Commercial Truck,Road defect / Slippery surface (ถนนชำรุด/ลื่น),Normal Period (ช่วงเวลาปกติ),Level 3: Critical Blackspot (Red Zone),No,1,2,1,4,7956726.89,18.2,33.2
THA-2021-101611,2020,10,13,7,2020-10-13,Northeast,Ubon Ratchathani,15.08736,104.96025,Rural Road (ทางหลวงชนบท),Department of Rural Roads (DRR - กรมทางหลวงชนบท),Motorcycle,Drunk driving (เมาแล้วขับ),Normal Period (ช่วงเวลาปกติ),Level 2: Moderate Risk (Surveillance Zone),Yes,0,1,3,4,821756.47,29.9,45.3
THA-2022-101612,2023,1,23,10,2023-01-23,Northeast,Nakhon Ratchasima,15.06104,102.07389,Expressway (ทางพิเศษ),EXAT (การทางพิเศษแห่งประเทศไทย),Private Car,Running red light / Signal violation (ฝ่าฝืนสัญญาณไฟ),Normal Period (ช่วงเวลาปกติ),Level 1: Low Risk (Baseline Zone),Yes,0,0,0,0,358319.96,39.1,21.9
THA-2023-101613,2020,7,19,0,2020-07-19,North,Chiang Mai,18.81519,99.08155,Rural Road (ทางหลวงชนบท),Department of Rural Roads (DRR - กรมทางหลวงชนบท),Commercial Truck,Speeding (ขับรถเร็วเกินกำหนด),Normal Period (ช่วงเวลาปกติ),Level 2: Moderate Risk (Surveillance Zone),Yes,0,2,3,5,3119966.95,67.2,46.1
THA-2024-101614,2021,7,22,20,2021-07-22,North,Chiang Mai,18.77118,98.8269,Rural Road (ทางหลวงชนบท),Department of Rural Roads (DRR - กรมทางหลวงชนบท),Motorcycle,Speeding (ขับรถเร็วเกินกำหนด),Normal Period (ช่วงเวลาปกติ),Level 2: Moderate Risk (Surveillance Zone),No,0,1,1,2,885950.04,41.6,88.3
THA-2025-101615,2022,4,5,9,2022-04-05,Northeast,Ubon Ratchathani,15.08754,104.74878,Rural Road (ทางหลวงชนบท),Department of Rural Roads (DRR - กรมทางหลวงชนบท),Motorcycle,Cutting off abruptly (ตัดหน้ากระชั้นชิด),Normal Period (ช่วงเวลาปกติ),Level 1: Low Risk (Baseline Zone),Yes,0,0,1,1,75185.85,32.6,16.8
THA-2026-101616,2025,12,13,0,2025-12-13,South,Songkhla,7.1848,100.52955,Rural Road (ทางหลวงชนบท),Department of Rural Roads (DRR - กรมทางหลวงชนบท),Motorcycle,Cutting off abruptly (ตัดหน้ากระชั้นชิด),Normal Period (ช่วงเวลาปกติ),Level 2: Moderate Risk (Surveillance Zone),Yes,0,1,1,2,1000150.86,30.5,20.1
THA-2020-101617,2026,2,28,21,2026-02-28,Northeast,Ubon Ratchathani,15.33781,104.73268,Urban / City Road (ถนนในเมือง/ท้องถิ่น),Local Administration / BMA (อปท./กทม.),Commercial Truck,Speeding (ขับรถเร็วเกินกำหนด),Normal Period (ช่วงเวลาปกติ),Level 2: Moderate Risk (Surveillance Zone),Yes,0,1,1,2,2287288.69,61.3,87.7
THA-2021-101618,2022,12,26,6,2022-12-26,Northeast,Nakhon Ratchasima,14.91749,101.93388,Rural Road (ทางหลวงชนบท),Department of Rural Roads (DRR - กรมทางหลวงชนบท),Motorcycle,Drunk driving (เมาแล้วขับ),Normal Period (ช่วงเวลาปกติ),Level 1: Low Risk (Baseline Zone),No,0,0,1,1,89005.42,43.8,41.5
THA-2022-101619,2025,3,20,13,2025-03-20,Central,Chonburi,13.32103,100.98534,Urban / City Road (ถนนในเมือง/ท้องถิ่น),Local Administration / BMA (อปท./กทม.),Motorcycle,Drunk driving (เมาแล้วขับ),Normal Period (ช่วงเวลาปกติ),Level 1: Low Risk (Baseline Zone),Yes,0,0,1,1,69648.27,33.9,64.0
THA-2023-101620,2025,8,1,4,2025-08-01,North,Phitsanulok,16.9181,100.2767,Urban / City Road (ถนนในเมือง/ท้องถิ่น),Local Administration / BMA (อปท./กทม.),Private Car,Drunk driving (เมาแล้วขับ),Normal Period (ช่วงเวลาปกติ),Level 1: Low Risk (Baseline Zone),Yes,0,0,0,0,435511.98,23.8,51.2
THA-2024-101621,2025,8,16,16,2025-08-16,Bangkok & Vicinity,Bangkok,13.82298,100.59226,National Highway (ทางหลวงแผ่นดิน),Department of Highways (DOH - กรมทางหลวง),Private Car,Speeding (ขับรถเร็วเกินกำหนด),Normal Period (ช่วงเวลาปกติ),Level 2: Moderate Risk (Surveillance Zone),Yes,0,2,1,3,2017637.5,61.0,58.3
THA-2025-101622,2021,11,23,21,2021-11-23,Northeast,Nakhon Ratchasima,15.0152,102.0171,Rural Road (ทางหลวงชนบท),Department of Rural Roads (DRR - กรมทางหลวงชนบท),Motorcycle,Cutting off abruptly (ตัดหน้ากระชั้นชิด),Normal Period (ช่วงเวลาปกติ),Level 2: Moderate Risk (Surveillance Zone),Yes,0,1,2,3,846200.54,52.1,35.9
THA-2026-101623,2024,11,24,20,2024-11-24,South,Surat Thani,9.17461,99.4554,National Highway (ทางหลวงแผ่นดิน),Department of Highways (DOH - กรมทางหลวง),Motorcycle,Speeding (ขับรถเร็วเกินกำหนด),Normal Period (ช่วงเวลาปกติ),Level 3: Critical Blackspot (Red Zone),Yes,1,1,0,2,5073042.25,58.6,57.4
THA-2020-101624,2026,6,2,5,2026-06-02,Bangkok & Vicinity,Bangkok,13.72796,100.55172,Rural Road (ทางหลวงชนบท),Department of Rural Roads (DRR - กรมทางหลวงชนบท),Motorcycle,Speeding (ขับรถเร็วเกินกำหนด),Normal Period (ช่วงเวลาปกติ),Level 2: Moderate Risk (Surveillance Zone),Yes,0,1,1,2,1143305.24,53.0,74.5
THA-2021-101625,2024,10,7,15,2024-10-07,Northeast,Ubon Ratchathani,15.2924,104.81409,Rural Road (ทางหลวงชนบท),Department of Rural Roads (DRR - กรมทางหลวงชนบท),Motorcycle,Cutting off abruptly (ตัดหน้ากระชั้นชิด),Normal Period (ช่วงเวลาปกติ),Level 1: Low Risk (Baseline Zone),Yes,0,0,1,1,101805.35,42.7,54.1
THA-2022-101626,2022,9,6,10,2022-09-06,Bangkok & Vicinity,Bangkok,13.84066,100.46718,Expressway (ทางพิเศษ),EXAT (การทางพิเศษแห่งประเทศไทย),Motorcycle,Speeding (ขับรถเร็วเกินกำหนด),Normal Period (ช่วงเวลาปกติ),Level 1: Low Risk (Baseline Zone),Yes,0,0,0,0,88102.19,47.2,64.2
THA-2023-101627,2023,11,5,9,2023-11-05,Northeast,Nakhon Ratchasima,15.02067,102.07626,National Highway (ทางหลวงแผ่นดิน),Department of Highways (DOH - กรมทางหลวง),Commercial Truck,Speeding (ขับรถเร็วเกินกำหนด),Normal Period (ช่วงเวลาปกติ),Level 2: Moderate Risk (Surveillance Zone),Yes,0,1,3,4,1761996.5,50.3,71.4
THA-2024-101628,2024,12,4,14,2024-12-04,Bangkok & Vicinity,Bangkok,13.76023,100.58582,National Highway (ทางหลวงแผ่นดิน),Department of Highways (DOH - กรมทางหลวง),Motorcycle,Drunk driving (เมาแล้วขับ),Normal Period (ช่วงเวลาปกติ),Level 1: Low Risk (Baseline Zone),No,0,0,0,0,74128.12,44.8,72.0
THA-2025-101629,2023,9,2,6,2023-09-02,North,Phitsanulok,16.64587,100.32143,National Highway (ทางหลวงแผ่นดิน),Department of Highways (DOH - กรมทางหลวง),Commercial Truck,Speeding (ขับรถเร็วเกินกำหนด),Normal Period (ช่วงเวลาปกติ),Level 2: Moderate Risk (Surveillance Zone),Yes,0,1,1,2,1137345.14,33.1,52.8
THA-2026-101630,2020,4,10,22,2020-04-10,Central,Chonburi,13.42475,100.93296,National Highway (ทางหลวงแผ่นดิน),Department of Highways (DOH - กรมทางหลวง),Private Car,Running red light / Signal violation (ฝ่าฝืนสัญญาณไฟ),Songkran Festival (เทศกาลสงกรานต์),Level 2: Moderate Risk (Surveillance Zone),Yes,0,2,2,4,2063328.27,69.0,38.3
THA-2020-101631,2022,12,22,1,2022-12-22,North,Chiang Mai,18.78548,98.89744,Urban / City Road (ถนนในเมือง/ท้องถิ่น),Local Administration / BMA (อปท./กทม.),Motorcycle,Cutting off abruptly (ตัดหน้ากระชั้นชิด),Normal Period (ช่วงเวลาปกติ),Level 1: Low Risk (Baseline Zone),No,0,0,0,0,25418.83,58.5,46.2
THA-2021-101632,2025,1,5,11,2025-01-05,Northeast,Ubon Ratchathani,15.17289,104.87169,Urban / City Road (ถนนในเมือง/ท้องถิ่น),Local Administration / BMA (อปท./กทม.),Private Car,Running red light / Signal violation (ฝ่าฝืนสัญญาณไฟ),Normal Period (ช่วงเวลาปกติ),Level 2: Moderate Risk (Surveillance Zone),Yes,0,2,2,4,1569041.01,16.6,44.3
THA-2022-101633,2025,1,18,18,2025-01-18,Central,Chonburi,13.59736,101.04446,Urban / City Road (ถนนในเมือง/ท้องถิ่น),Local Administration / BMA (อปท./กทม.),Motorcycle,Speeding (ขับรถเร็วเกินกำหนด),Normal Period (ช่วงเวลาปกติ),Level 1: Low Risk (Baseline Zone),Yes,0,0,0,0,38508.39,16.7,56.9
THA-2023-101634,2021,12,10,11,2021-12-10,South,Phuket,7.80405,98.46212,Urban / City Road (ถนนในเมือง/ท้องถิ่น),Local Administration / BMA (อปท./กทม.),Public Bus/Van,Cutting off abruptly (ตัดหน้ากระชั้นชิด),Normal Period (ช่วงเวลาปกติ),Level 2: Moderate Risk (Surveillance Zone),No,0,2,1,3,3409827.78,29.0,57.2
THA-2024-101635,2026,10,23,15,2026-10-23,Bangkok & Vicinity,Nonthaburi,13.91438,100.35798,National Highway (ทางหลวงแผ่นดิน),Department of Highways (DOH - กรมทางหลวง),Commercial Truck,Speeding (ขับรถเร็วเกินกำหนด),Normal Period (ช่วงเวลาปกติ),Level 1: Low Risk (Baseline Zone),Yes,0,0,1,1,912505.14,56.2,74.6
THA-2025-101636,2022,5,22,5,2022-05-22,North,Chiang Rai,19.88207,99.82777,National Highway (ทางหลวงแผ่นดิน),Department of Highways (DOH - กรมทางหลวง),Motorcycle,Fatigue / Falling asleep (หลับใน),Normal Period (ช่วงเวลาปกติ),Level 2: Moderate Risk (Surveillance Zone),No,0,1,1,2,650445.49,59.7,14.2
THA-2026-101637,2024,2,28,2,2024-02-28,Bangkok & Vicinity,Bangkok,13.76693,100.49896,National Highway (ทางหลวงแผ่นดิน),Department of Highways (DOH - กรมทางหลวง),Motorcycle,Speeding (ขับรถเร็วเกินกำหนด),Normal Period (ช่วงเวลาปกติ),Level 2: Moderate Risk (Surveillance Zone),Yes,0,1,3,4,1155038.32,37.3,37.9
THA-2020-101638,2025,6,15,1,2025-06-15,South,Songkhla,7.1889,100.53014,Urban / City Road (ถนนในเมือง/ท้องถิ่น),Local Administration / BMA (อปท./กทม.),Motorcycle,Speeding (ขับรถเร็วเกินกำหนด),Normal Period (ช่วงเวลาปกติ),Level 3: Critical Blackspot (Red Zone),No,1,0,0,1,5355799.99,20.6,64.6
THA-2021-101639,2025,7,27,19,2025-07-27,South,Phuket,7.85114,98.36838,Urban / City Road (ถนนในเมือง/ท้องถิ่น),Local Administration / BMA (อปท./กทม.),Motorcycle,Fatigue / Falling asleep (หลับใน),Normal Period (ช่วงเวลาปกติ),Level 1: Low Risk (Baseline Zone),No,0,0,1,1,106899.0,10.0,65.9
THA-2022-101640,2026,1,9,4,2026-01-09,Northeast,Nakhon Ratchasima,15.0843,102.03503,Rural Road (ทางหลวงชนบท),Department of Rural Roads (DRR - กรมทางหลวงชนบท),Motorcycle,Speeding (ขับรถเร็วเกินกำหนด),Normal Period (ช่วงเวลาปกติ),Level 1: Low Risk (Baseline Zone),Yes,0,0,0,0,43987.37,24.6,73.8
THA-2023-101641,2022,6,11,10,2022-06-11,Central,Saraburi,14.5069,100.87876,National Highway (ทางหลวงแผ่นดิน),Department of Highways (DOH - กรมทางหลวง),Motorcycle,Speeding (ขับรถเร็วเกินกำหนด),Normal Period (ช่วงเวลาปกติ),Level 2: Moderate Risk (Surveillance Zone),Yes,0,1,1,2,558569.72,69.9,70.7
THA-2024-101642,2025,8,26,2,2025-08-26,Northeast,Nakhon Ratchasima,15.12276,102.15766,National Highway (ทางหลวงแผ่นดิน),Department of Highways (DOH - กรมทางหลวง),Private Car,Cutting off abruptly (ตัดหน้ากระชั้นชิด),Normal Period (ช่วงเวลาปกติ),Level 1: Low Risk (Baseline Zone),Yes,0,0,1,1,193114.14,46.6,16.8
THA-2025-101643,2021,12,21,2,2021-12-21,Northeast,Khon Kaen,16.34817,102.85937,Expressway (ทางพิเศษ),EXAT (การทางพิเศษแห่งประเทศไทย),Motorcycle,Drunk driving (เมาแล้วขับ),Normal Period (ช่วงเวลาปกติ),Level 1: Low Risk (Baseline Zone),Yes,0,0,0,0,35236.76,18.1,71.2
THA-2026-101644,2024,5,25,21,2024-05-25,Bangkok & Vicinity,Bangkok,13.66525,100.52525,National Highway (ทางหลวงแผ่นดิน),Department of Highways (DOH - กรมทางหลวง),Commercial Truck,Speeding (ขับรถเร็วเกินกำหนด),Normal Period (ช่วงเวลาปกติ),Level 3: Critical Blackspot (Red Zone),No,1,0,0,1,5739136.21,34.6,60.2
THA-2020-101645,2025,12,25,4,2025-12-25,Central,Chonburi,13.48404,100.80863,Urban / City Road (ถนนในเมือง/ท้องถิ่น),Local Administration / BMA (อปท./กทม.),Commercial Truck,Cutting off abruptly (ตัดหน้ากระชั้นชิด),Normal Period (ช่วงเวลาปกติ),Level 1: Low Risk (Baseline Zone),Yes,0,0,1,1,1299593.68,60.2,28.9
THA-2021-101646,2024,7,17,21,2024-07-17,Bangkok & Vicinity,Bangkok,13.66556,100.51583,National Highway (ทางหลวงแผ่นดิน),Department of Highways (DOH - กรมทางหลวง),Motorcycle,Speeding (ขับรถเร็วเกินกำหนด),Normal Period (ช่วงเวลาปกติ),Level 1: Low Risk (Baseline Zone),Yes,0,0,1,1,74414.66,74.5,95.3
THA-2022-101647,2022,10,21,22,2022-10-21,Central,Ayutthaya,14.31756,100.58765,National Highway (ทางหลวงแผ่นดิน),Department of Highways (DOH - กรมทางหลวง),Commercial Truck,Cutting off abruptly (ตัดหน้ากระชั้นชิด),Normal Period (ช่วงเวลาปกติ),Level 2: Moderate Risk (Surveillance Zone),Yes,0,2,1,3,3156692.4,77.0,36.4
THA-2023-101648,2026,6,9,10,2026-06-09,Central,Chonburi,13.3536,100.83343,Urban / City Road (ถนนในเมือง/ท้องถิ่น),Local Administration / BMA (อปท./กทม.),Motorcycle,Drunk driving (เมาแล้วขับ),Normal Period (ช่วงเวลาปกติ),Level 2: Moderate Risk (Surveillance Zone),Yes,0,1,2,3,808095.79,45.0,70.9
THA-2024-101649,2021,4,23,2,2021-04-23,Central,Chonburi,13.41708,100.86457,National Highway (ทางหลวงแผ่นดิน),Department of Highways (DOH - กรมทางหลวง),Motorcycle,Cutting off abruptly (ตัดหน้ากระชั้นชิด),Normal Period (ช่วงเวลาปกติ),Level 1: Low Risk (Baseline Zone),No,0,0,1,1,63883.18,69.1,35.5
THA-2025-101650,2020,7,16,12,2020-07-16,Bangkok & Vicinity,Bangkok,13.7748,100.46089,Urban / City Road (ถนนในเมือง/ท้องถิ่น),Local Administration / BMA (อปท./กทม.),Private Car,Cutting off abruptly (ตัดหน้ากระชั้นชิด),Normal Period (ช่วงเวลาปกติ),Level 1: Low Risk (Baseline Zone),Yes,0,0,1,1,316722.93,56.9,14.1
THA-2026-101651,2024,10,6,20,2024-10-06,North,Chiang Mai,19.0044,98.97442,Rural Road (ทางหลวงชนบท),Department of Rural Roads (DRR - กรมทางหลวงชนบท),Motorcycle,Speeding (ขับรถเร็วเกินกำหนด),Normal Period (ช่วงเวลาปกติ),Level 3: Critical Blackspot (Red Zone),Yes,1,1,1,3,6634804.73,59.3,71.1
THA-2020-101652,2023,9,22,7,2023-09-22,Bangkok & Vicinity,Nonthaburi,13.89369,100.56326,Rural Road (ทางหลวงชนบท),Department of Rural Roads (DRR - กรมทางหลวงชนบท),Private Car,Speeding (ขับรถเร็วเกินกำหนด),Normal Period (ช่วงเวลาปกติ),Level 1: Low Risk (Baseline Zone),No,0,0,1,1,156412.93,32.9,58.8
THA-2021-101653,2025,10,11,19,2025-10-11,North,Chiang Mai,18.81869,98.9829,Urban / City Road (ถนนในเมือง/ท้องถิ่น),Local Administration / BMA (อปท./กทม.),Commercial Truck,Speeding (ขับรถเร็วเกินกำหนด),Normal Period (ช่วงเวลาปกติ),Level 3: Critical Blackspot (Red Zone),No,1,0,1,2,6317986.04,45.9,55.3
THA-2022-101654,2022,10,23,9,2022-10-23,Bangkok & Vicinity,Bangkok,13.66715,100.49174,Rural Road (ทางหลวงชนบท),Department of Rural Roads (DRR - กรมทางหลวงชนบท),Public Bus/Van,Cutting off abruptly (ตัดหน้ากระชั้นชิด),Normal Period (ช่วงเวลาปกติ),Level 2: Moderate Risk (Surveillance Zone),No,0,2,2,4,3464257.72,48.2,66.9
THA-2023-101655,2021,7,17,1,2021-07-17,South,Surat Thani,8.97027,99.36538,National Highway (ทางหลวงแผ่นดิน),Department of Highways (DOH - กรมทางหลวง),Private Car,Cutting off abruptly (ตัดหน้ากระชั้นชิด),Normal Period (ช่วงเวลาปกติ),Level 1: Low Risk (Baseline Zone),Yes,0,0,1,1,220470.49,52.6,37.2
THA-2024-101656,2025,12,4,3,2025-12-04,Northeast,Nakhon Ratchasima,15.24274,102.1137,Urban / City Road (ถนนในเมือง/ท้องถิ่น),Local Administration / BMA (อปท./กทม.),Private Car,Road defect / Slippery surface (ถนนชำรุด/ลื่น),Normal Period (ช่วงเวลาปกติ),Level 1: Low Risk (Baseline Zone),Yes,0,0,0,0,277515.37,43.2,37.8
THA-2025-101657,2023,5,15,17,2023-05-15,North,Chiang Mai,18.81886,98.84563,Rural Road (ทางหลวงชนบท),Department of Rural Roads (DRR - กรมทางหลวงชนบท),Motorcycle,Speeding (ขับรถเร็วเกินกำหนด),Normal Period (ช่วงเวลาปกติ),Level 2: Moderate Risk (Surveillance Zone),No,0,1,3,4,1247589.32,21.2,64.2
THA-2026-101658,2021,7,1,18,2021-07-01,North,Chiang Rai,19.83706,99.92114,National Highway (ทางหลวงแผ่นดิน),Department of Highways (DOH - กรมทางหลวง),Motorcycle,Cutting off abruptly (ตัดหน้ากระชั้นชิด),Normal Period (ช่วงเวลาปกติ),Level 3: Critical Blackspot (Red Zone),No,1,0,0,1,3782143.62,73.4,18.9
THA-2020-101659,2025,3,22,3,2025-03-22,North,Phitsanulok,16.69084,100.20038,Urban / City Road (ถนนในเมือง/ท้องถิ่น),Local Administration / BMA (อปท./กทม.),Private Car,Cutting off abruptly (ตัดหน้ากระชั้นชิด),Normal Period (ช่วงเวลาปกติ),Level 3: Critical Blackspot (Red Zone),Yes,3,1,0,4,14182360.13,47.9,43.1
THA-2021-101660,2023,2,20,19,2023-02-20,Northeast,Khon Kaen,16.48331,102.89642,Rural Road (ทางหลวงชนบท),Department of Rural Roads (DRR - กรมทางหลวงชนบท),Motorcycle,Cutting off abruptly (ตัดหน้ากระชั้นชิด),Normal Period (ช่วงเวลาปกติ),Level 1: Low Risk (Baseline Zone),Yes,0,0,1,1,67165.17,34.7,43.2
THA-2022-101661,2024,11,1,8,2024-11-01,Northeast,Nakhon Ratchasima,14.97008,102.10884,Urban / City Road (ถนนในเมือง/ท้องถิ่น),Local Administration / BMA (อปท./กทม.),Motorcycle,Road defect / Slippery surface (ถนนชำรุด/ลื่น),Normal Period (ช่วงเวลาปกติ),Level 2: Moderate Risk (Surveillance Zone),Yes,0,1,1,2,718592.48,43.2,43.5
THA-2023-101662,2023,5,9,15,2023-05-09,South,Phuket,7.89123,98.2813,Urban / City Road (ถนนในเมือง/ท้องถิ่น),Local Administration / BMA (อปท./กทม.),Motorcycle,Speeding (ขับรถเร็วเกินกำหนด),Normal Period (ช่วงเวลาปกติ),Level 2: Moderate Risk (Surveillance Zone),Yes,0,1,1,2,1187105.63,36.6,54.4
THA-2024-101663,2025,4,12,5,2025-04-12,Northeast,Nakhon Ratchasima,14.9733,102.11957,National Highway (ทางหลวงแผ่นดิน),Department of Highways (DOH - กรมทางหลวง),Private Car,Speeding (ขับรถเร็วเกินกำหนด),Songkran Festival (เทศกาลสงกรานต์),Level 3: Critical Blackspot (Red Zone),Yes,1,2,0,3,6919780.67,34.0,60.8
THA-2025-101664,2025,5,4,3,2025-05-04,South,Songkhla,7.16764,100.441,Rural Road (ทางหลวงชนบท),Department of Rural Roads (DRR - กรมทางหลวงชนบท),Motorcycle,Drunk driving (เมาแล้วขับ),Normal Period (ช่วงเวลาปกติ),Level 3: Critical Blackspot (Red Zone),Yes,1,0,0,1,4910593.29,81.0,42.5
THA-2026-101665,2024,8,28,8,2024-08-28,Central,Saraburi,14.66711,100.8124,National Highway (ทางหลวงแผ่นดิน),Department of Highways (DOH - กรมทางหลวง),Private Car,Speeding (ขับรถเร็วเกินกำหนด),Normal Period (ช่วงเวลาปกติ),Level 1: Low Risk (Baseline Zone),Yes,0,0,0,0,380466.5,67.2,52.5
THA-2020-101666,2020,12,22,12,2020-12-22,Bangkok & Vicinity,Bangkok,13.76279,100.53076,National Highway (ทางหลวงแผ่นดิน),Department of Highways (DOH - กรมทางหลวง),Motorcycle,Speeding (ขับรถเร็วเกินกำหนด),Normal Period (ช่วงเวลาปกติ),Level 1: Low Risk (Baseline Zone),Yes,0,0,0,0,79851.37,29.1,46.8
THA-2021-101667,2025,4,13,8,2025-04-13,South,Surat Thani,9.09727,99.34351,Urban / City Road (ถนนในเมือง/ท้องถิ่น),Local Administration / BMA (อปท./กทม.),Motorcycle,Speeding (ขับรถเร็วเกินกำหนด),Songkran Festival (เทศกาลสงกรานต์),Level 3: Critical Blackspot (Red Zone),Yes,1,0,0,1,4776604.51,50.1,68.2
THA-2022-101668,2024,9,7,5,2024-09-07,Bangkok & Vicinity,Bangkok,13.68653,100.69504,Urban / City Road (ถนนในเมือง/ท้องถิ่น),Local Administration / BMA (อปท./กทม.),Motorcycle,Speeding (ขับรถเร็วเกินกำหนด),Normal Period (ช่วงเวลาปกติ),Level 1: Low Risk (Baseline Zone),Yes,0,0,0,0,30166.67,24.5,49.4
THA-2023-101669,2024,7,8,20,2024-07-08,Central,Ayutthaya,14.32975,100.64931,National Highway (ทางหลวงแผ่นดิน),Department of Highways (DOH - กรมทางหลวง),Motorcycle,Drunk driving (เมาแล้วขับ),Normal Period (ช่วงเวลาปกติ),Level 2: Moderate Risk (Surveillance Zone),Yes,0,1,3,4,1272124.9,49.3,70.4
THA-2024-101670,2022,10,28,18,2022-10-28,North,Chiang Rai,19.81216,99.90552,Rural Road (ทางหลวงชนบท),Department of Rural Roads (DRR - กรมทางหลวงชนบท),Commercial Truck,Speeding (ขับรถเร็วเกินกำหนด),Normal Period (ช่วงเวลาปกติ),Level 2: Moderate Risk (Surveillance Zone),No,0,2,1,3,3171758.65,36.5,50.8
THA-2025-101671,2026,12,13,13,2026-12-13,Central,Saraburi,14.46435,100.78542,Expressway (ทางพิเศษ),EXAT (การทางพิเศษแห่งประเทศไทย),Motorcycle,Cutting off abruptly (ตัดหน้ากระชั้นชิด),Normal Period (ช่วงเวลาปกติ),Level 2: Moderate Risk (Surveillance Zone),Yes,0,2,2,4,2283828.88,10.4,50.3
THA-2026-101672,2025,7,11,20,2025-07-11,Central,Saraburi,14.43304,100.83449,Rural Road (ทางหลวงชนบท),Department of Rural Roads (DRR - กรมทางหลวงชนบท),Motorcycle,Cutting off abruptly (ตัดหน้ากระชั้นชิด),Normal Period (ช่วงเวลาปกติ),Level 1: Low Risk (Baseline Zone),No,0,0,1,1,65978.17,49.2,16.6
THA-2020-101673,2020,8,9,14,2020-08-09,Central,Ayutthaya,14.36323,100.82722,Urban / City Road (ถนนในเมือง/ท้องถิ่น),Local Administration / BMA (อปท./กทม.),Motorcycle,Cutting off abruptly (ตัดหน้ากระชั้นชิด),Normal Period (ช่วงเวลาปกติ),Level 1: Low Risk (Baseline Zone),No,0,0,1,1,113125.71,49.6,37.8
THA-2021-101674,2023,12,25,2,2023-12-25,Central,Chonburi,13.60731,100.95573,Urban / City Road (ถนนในเมือง/ท้องถิ่น),Local Administration / BMA (อปท./กทม.),Motorcycle,Running red light / Signal violation (ฝ่าฝืนสัญญาณไฟ),Normal Period (ช่วงเวลาปกติ),Level 1: Low Risk (Baseline Zone),Yes,0,0,1,1,134785.06,37.2,66.8
THA-2022-101675,2026,6,24,4,2026-06-24,North,Chiang Mai,18.87465,98.87246,National Highway (ทางหลวงแผ่นดิน),Department of Highways (DOH - กรมทางหลวง),Motorcycle,Speeding (ขับรถเร็วเกินกำหนด),Normal Period (ช่วงเวลาปกติ),Level 1: Low Risk (Baseline Zone),No,0,0,0,0,75932.9,58.0,60.9
THA-2023-101676,2020,8,16,20,2020-08-16,Bangkok & Vicinity,Bangkok,13.56693,100.50455,National Highway (ทางหลวงแผ่นดิน),Department of Highways (DOH - กรมทางหลวง),Motorcycle,Running red light / Signal violation (ฝ่าฝืนสัญญาณไฟ),Normal Period (ช่วงเวลาปกติ),Level 2: Moderate Risk (Surveillance Zone),Yes,0,1,1,2,820373.35,55.0,19.2
THA-2024-101677,2026,3,10,17,2026-03-10,North,Chiang Rai,19.95967,99.91109,Urban / City Road (ถนนในเมือง/ท้องถิ่น),Local Administration / BMA (อปท./กทม.),Public Bus/Van,Cutting off abruptly (ตัดหน้ากระชั้นชิด),Normal Period (ช่วงเวลาปกติ),Level 1: Low Risk (Baseline Zone),Yes,0,0,0,0,1116984.39,27.6,36.7
THA-2025-101678,2024,10,11,13,2024-10-11,Bangkok & Vicinity,Bangkok,13.85347,100.47206,Rural Road (ทางหลวงชนบท),Department of Rural Roads (DRR - กรมทางหลวงชนบท),Private Car,Fatigue / Falling asleep (หลับใน),Normal Period (ช่วงเวลาปกติ),Level 2: Moderate Risk (Surveillance Zone),Yes,0,2,1,3,1809155.59,39.2,38.5
THA-2026-101679,2024,10,12,15,2024-10-12,Northeast,Ubon Ratchathani,15.25128,104.92121,Rural Road (ทางหลวงชนบท),Department of Rural Roads (DRR - กรมทางหลวงชนบท),Motorcycle,Cutting off abruptly (ตัดหน้ากระชั้นชิด),Normal Period (ช่วงเวลาปกติ),Level 1: Low Risk (Baseline Zone),Yes,0,0,1,1,78367.26,35.3,10.0
THA-2020-101680,2022,1,28,13,2022-01-28,North,Chiang Mai,18.89571,98.90366,Rural Road (ทางหลวงชนบท),Department of Rural Roads (DRR - กรมทางหลวงชนบท),Motorcycle,Cutting off abruptly (ตัดหน้ากระชั้นชิด),Normal Period (ช่วงเวลาปกติ),Level 2: Moderate Risk (Surveillance Zone),Yes,0,2,2,4,2525739.68,51.3,69.3
THA-2021-101681,2021,6,14,8,2021-06-14,South,Songkhla,7.19456,100.67276,Urban / City Road (ถนนในเมือง/ท้องถิ่น),Local Administration / BMA (อปท./กทม.),Motorcycle,Road defect / Slippery surface (ถนนชำรุด/ลื่น),Normal Period (ช่วงเวลาปกติ),Level 1: Low Risk (Baseline Zone),No,0,0,0,0,79635.92,26.7,52.3
THA-2022-101682,2026,1,19,14,2026-01-19,Northeast,Khon Kaen,16.44548,102.76762,National Highway (ทางหลวงแผ่นดิน),Department of Highways (DOH - กรมทางหลวง),Motorcycle,Road defect / Slippery surface (ถนนชำรุด/ลื่น),Normal Period (ช่วงเวลาปกติ),Level 1: Low Risk (Baseline Zone),Yes,0,0,0,0,78861.03,38.2,46.5
THA-2023-101683,2022,9,12,6,2022-09-12,Central,Ayutthaya,14.35348,100.61608,National Highway (ทางหลวงแผ่นดิน),Department of Highways (DOH - กรมทางหลวง),Private Car,Speeding (ขับรถเร็วเกินกำหนด),Normal Period (ช่วงเวลาปกติ),Level 2: Moderate Risk (Surveillance Zone),Yes,0,1,1,2,811536.4,47.4,70.6
THA-2024-101684,2025,2,18,13,2025-02-18,Bangkok & Vicinity,Bangkok,13.68784,100.39405,National Highway (ทางหลวงแผ่นดิน),Department of Highways (DOH - กรมทางหลวง),Commercial Truck,Speeding (ขับรถเร็วเกินกำหนด),Normal Period (ช่วงเวลาปกติ),Level 3: Critical Blackspot (Red Zone),Yes,1,0,0,1,5819211.51,58.2,67.3
THA-2025-101685,2022,11,21,5,2022-11-21,Central,Saraburi,14.71426,100.92768,Rural Road (ทางหลวงชนบท),Department of Rural Roads (DRR - กรมทางหลวงชนบท),Motorcycle,Cutting off abruptly (ตัดหน้ากระชั้นชิด),Normal Period (ช่วงเวลาปกติ),Level 3: Critical Blackspot (Red Zone),No,1,0,0,1,4701011.17,27.9,33.6
THA-2026-101686,2021,2,17,20,2021-02-17,South,Phuket,7.96485,98.41115,National Highway (ทางหลวงแผ่นดิน),Department of Highways (DOH - กรมทางหลวง),Commercial Truck,Road defect / Slippery surface (ถนนชำรุด/ลื่น),Normal Period (ช่วงเวลาปกติ),Level 1: Low Risk (Baseline Zone),Yes,0,0,1,1,1301349.33,64.6,48.5
THA-2020-101687,2020,7,3,14,2020-07-03,Northeast,Nakhon Ratchasima,15.07443,102.10493,Rural Road (ทางหลวงชนบท),Department of Rural Roads (DRR - กรมทางหลวงชนบท),Motorcycle,Speeding (ขับรถเร็วเกินกำหนด),Normal Period (ช่วงเวลาปกติ),Level 1: Low Risk (Baseline Zone),Yes,0,0,0,0,55123.83,74.0,37.8
THA-2021-101688,2023,2,1,19,2023-02-01,Northeast,Khon Kaen,16.48504,102.72374,National Highway (ทางหลวงแผ่นดิน),Department of Highways (DOH - กรมทางหลวง),Motorcycle,Drunk driving (เมาแล้วขับ),Normal Period (ช่วงเวลาปกติ),Level 3: Critical Blackspot (Red Zone),No,1,1,0,2,6004499.1,38.8,65.4
THA-2022-101689,2026,10,19,7,2026-10-19,Central,Chonburi,13.20224,100.94182,Rural Road (ทางหลวงชนบท),Department of Rural Roads (DRR - กรมทางหลวงชนบท),Motorcycle,Drunk driving (เมาแล้วขับ),Normal Period (ช่วงเวลาปกติ),Level 2: Moderate Risk (Surveillance Zone),Yes,0,2,3,5,2287143.3,38.0,72.1
THA-2023-101690,2022,8,4,1,2022-08-04,Bangkok & Vicinity,Bangkok,13.62798,100.31127,National Highway (ทางหลวงแผ่นดิน),Department of Highways (DOH - กรมทางหลวง),Motorcycle,Fatigue / Falling asleep (หลับใน),Normal Period (ช่วงเวลาปกติ),Level 3: Critical Blackspot (Red Zone),No,1,0,0,1,5569472.03,50.8,34.4
THA-2024-101691,2022,6,23,7,2022-06-23,Northeast,Nakhon Ratchasima,15.00706,101.93856,Rural Road (ทางหลวงชนบท),Department of Rural Roads (DRR - กรมทางหลวงชนบท),Commercial Truck,Cutting off abruptly (ตัดหน้ากระชั้นชิด),Normal Period (ช่วงเวลาปกติ),Level 1: Low Risk (Baseline Zone),Yes,0,0,0,0,1203071.68,52.2,22.0
THA-2025-101692,2022,7,28,0,2022-07-28,North,Chiang Rai,19.99595,99.97031,National Highway (ทางหลวงแผ่นดิน),Department of Highways (DOH - กรมทางหลวง),Motorcycle,Cutting off abruptly (ตัดหน้ากระชั้นชิด),Normal Period (ช่วงเวลาปกติ),Level 3: Critical Blackspot (Red Zone),No,1,0,0,1,4745590.78,32.3,51.4
THA-2026-101693,2023,7,16,16,2023-07-16,Bangkok & Vicinity,Bangkok,13.62643,100.52778,National Highway (ทางหลวงแผ่นดิน),Department of Highways (DOH - กรมทางหลวง),Motorcycle,Running red light / Signal violation (ฝ่าฝืนสัญญาณไฟ),Normal Period (ช่วงเวลาปกติ),Level 2: Moderate Risk (Surveillance Zone),Yes,0,1,2,3,1026802.52,75.2,14.4
THA-2020-101694,2023,6,12,18,2023-06-12,North,Chiang Mai,18.95551,98.94282,Urban / City Road (ถนนในเมือง/ท้องถิ่น),Local Administration / BMA (อปท./กทม.),Public Bus/Van,Drunk driving (เมาแล้วขับ),Normal Period (ช่วงเวลาปกติ),Level 3: Critical Blackspot (Red Zone),Yes,1,2,0,3,6736291.07,25.6,83.9
THA-2021-101695,2026,10,21,4,2026-10-21,Bangkok & Vicinity,Bangkok,13.81128,100.71716,National Highway (ทางหลวงแผ่นดิน),Department of Highways (DOH - กรมทางหลวง),Commercial Truck,Drunk driving (เมาแล้วขับ),Normal Period (ช่วงเวลาปกติ),Level 3: Critical Blackspot (Red Zone),Yes,1,0,0,1,6226286.56,39.6,68.4
THA-2022-101696,2023,11,21,21,2023-11-21,Bangkok & Vicinity,Bangkok,13.60536,100.41006,Rural Road (ทางหลวงชนบท),Department of Rural Roads (DRR - กรมทางหลวงชนบท),Private Car,Speeding (ขับรถเร็วเกินกำหนด),Normal Period (ช่วงเวลาปกติ),Level 3: Critical Blackspot (Red Zone),Yes,1,0,0,1,4113530.78,52.7,85.2
THA-2023-101697,2023,9,13,19,2023-09-13,Bangkok & Vicinity,Bangkok,13.80707,100.69732,Expressway (ทางพิเศษ),EXAT (การทางพิเศษแห่งประเทศไทย),Public Bus/Van,Drunk driving (เมาแล้วขับ),Normal Period (ช่วงเวลาปกติ),Level 2: Moderate Risk (Surveillance Zone),Yes,0,1,1,2,1830343.18,24.0,46.2
THA-2024-101698,2021,9,17,15,2021-09-17,South,Surat Thani,9.07419,99.54072,Rural Road (ทางหลวงชนบท),Department of Rural Roads (DRR - กรมทางหลวงชนบท),Motorcycle,Speeding (ขับรถเร็วเกินกำหนด),Normal Period (ช่วงเวลาปกติ),Level 1: Low Risk (Baseline Zone),Yes,0,0,1,1,100610.65,41.4,82.0
THA-2025-101699,2026,7,8,6,2026-07-08,Northeast,Nakhon Ratchasima,14.99178,101.92075,Urban / City Road (ถนนในเมือง/ท้องถิ่น),Local Administration / BMA (อปท./กทม.),Commercial Truck,Speeding (ขับรถเร็วเกินกำหนด),Normal Period (ช่วงเวลาปกติ),Level 1: Low Risk (Baseline Zone),Yes,0,0,1,1,473054.95,41.7,33.3
THA-2026-101700,2021,9,13,6,2021-09-13,South,Surat Thani,9.28134,99.27977,National Highway (ทางหลวงแผ่นดิน),Department of Highways (DOH - กรมทางหลวง),Private Car,Drunk driving (เมาแล้วขับ),Normal Period (ช่วงเวลาปกติ),Level 3: Critical Blackspot (Red Zone),No,1,2,0,3,5899098.19,61.9,84.4
THA-2020-101701,2020,10,20,17,2020-10-20,North,Phitsanulok,16.86147,100.11657,Rural Road (ทางหลวงชนบท),Department of Rural Roads (DRR - กรมทางหลวงชนบท),Commercial Truck,Cutting off abruptly (ตัดหน้ากระชั้นชิด),Normal Period (ช่วงเวลาปกติ),Level 1: Low Risk (Baseline Zone),Yes,0,0,0,0,868040.74,77.0,52.1
THA-2021-101702,2024,3,26,17,2024-03-26,North,Chiang Mai,18.72051,98.85058,National Highway (ทางหลวงแผ่นดิน),Department of Highways (DOH - กรมทางหลวง),Private Car,Drunk driving (เมาแล้วขับ),Normal Period (ช่วงเวลาปกติ),Level 2: Moderate Risk (Surveillance Zone),Yes,0,1,1,2,846199.05,15.6,61.2
THA-2022-101703,2024,3,5,1,2024-03-05,Northeast,Nakhon Ratchasima,14.83563,102.10662,National Highway (ทางหลวงแผ่นดิน),Department of Highways (DOH - กรมทางหลวง),Motorcycle,Speeding (ขับรถเร็วเกินกำหนด),Normal Period (ช่วงเวลาปกติ),Level 1: Low Risk (Baseline Zone),Yes,0,0,0,0,50401.31,58.4,38.0
THA-2023-101704,2023,1,18,14,2023-01-18,North,Phitsanulok,16.87211,100.21669,National Highway (ทางหลวงแผ่นดิน),Department of Highways (DOH - กรมทางหลวง),Private Car,Cutting off abruptly (ตัดหน้ากระชั้นชิด),Normal Period (ช่วงเวลาปกติ),Level 1: Low Risk (Baseline Zone),Yes,0,0,1,1,304675.08,59.1,27.4
THA-2024-101705,2023,5,15,13,2023-05-15,Bangkok & Vicinity,Bangkok,13.62696,100.38695,National Highway (ทางหลวงแผ่นดิน),Department of Highways (DOH - กรมทางหลวง),Motorcycle,Cutting off abruptly (ตัดหน้ากระชั้นชิด),Normal Period (ช่วงเวลาปกติ),Level 3: Critical Blackspot (Red Zone),Yes,1,2,0,3,6585700.31,47.2,59.3
THA-2025-101706,2025,4,12,17,2025-04-12,Northeast,Khon Kaen,16.46565,102.83356,Rural Road (ทางหลวงชนบท),Department of Rural Roads (DRR - กรมทางหลวงชนบท),Motorcycle,Cutting off abruptly (ตัดหน้ากระชั้นชิด),Songkran Festival (เทศกาลสงกรานต์),Level 3: Critical Blackspot (Red Zone),No,1,1,0,2,6370973.85,46.1,41.6
THA-2026-101707,2021,2,17,8,2021-02-17,Bangkok & Vicinity,Bangkok,13.79123,100.64206,Expressway (ทางพิเศษ),EXAT (การทางพิเศษแห่งประเทศไทย),Motorcycle,Speeding (ขับรถเร็วเกินกำหนด),Normal Period (ช่วงเวลาปกติ),Level 1: Low Risk (Baseline Zone),No,0,0,1,1,82314.27,37.6,40.9
THA-2020-101708,2025,9,25,13,2025-09-25,Northeast,Khon Kaen,16.48398,102.86041,National Highway (ทางหลวงแผ่นดิน),Department of Highways (DOH - กรมทางหลวง),Public Bus/Van,Drunk driving (เมาแล้วขับ),Normal Period (ช่วงเวลาปกติ),Level 2: Moderate Risk (Surveillance Zone),Yes,0,2,1,3,1745020.74,49.3,70.7
THA-2021-101709,2024,3,15,4,2024-03-15,Northeast,Ubon Ratchathani,15.45798,104.82257,National Highway (ทางหลวงแผ่นดิน),Department of Highways (DOH - กรมทางหลวง),Motorcycle,Fatigue / Falling asleep (หลับใน),Normal Period (ช่วงเวลาปกติ),Level 2: Moderate Risk (Surveillance Zone),Yes,0,1,3,4,762608.31,55.5,42.6
THA-2022-101710,2023,8,2,10,2023-08-02,Bangkok & Vicinity,Bangkok,13.97083,100.62995,National Highway (ทางหลวงแผ่นดิน),Department of Highways (DOH - กรมทางหลวง),Motorcycle,Speeding (ขับรถเร็วเกินกำหนด),Normal Period (ช่วงเวลาปกติ),Level 1: Low Risk (Baseline Zone),No,0,0,0,0,87227.48,77.2,80.1
THA-2023-101711,2023,6,6,7,2023-06-06,Bangkok & Vicinity,Bangkok,13.72949,100.57424,National Highway (ทางหลวงแผ่นดิน),Department of Highways (DOH - กรมทางหลวง),Motorcycle,Speeding (ขับรถเร็วเกินกำหนด),Normal Period (ช่วงเวลาปกติ),Level 1: Low Risk (Baseline Zone),No,0,0,1,1,157627.27,55.3,47.9
THA-2024-101712,2022,5,17,4,2022-05-17,Central,Chonburi,13.34173,100.85542,Urban / City Road (ถนนในเมือง/ท้องถิ่น),Local Administration / BMA (อปท./กทม.),Public Bus/Van,Drunk driving (เมาแล้วขับ),Normal Period (ช่วงเวลาปกติ),Level 2: Moderate Risk (Surveillance Zone),Yes,0,1,1,2,2050738.0,28.0,64.3
THA-2025-101713,2025,1,16,10,2025-01-16,North,Phitsanulok,16.82038,100.13386,National Highway (ทางหลวงแผ่นดิน),Department of Highways (DOH - กรมทางหลวง),Motorcycle,Drunk driving (เมาแล้วขับ),Normal Period (ช่วงเวลาปกติ),Level 3: Critical Blackspot (Red Zone),No,1,0,0,1,5834087.4,38.5,69.6
THA-2026-101714,2023,4,17,4,2023-04-17,Bangkok & Vicinity,Bangkok,13.77727,100.57384,National Highway (ทางหลวงแผ่นดิน),Department of Highways (DOH - กรมทางหลวง),Private Car,Drunk driving (เมาแล้วขับ),Songkran Festival (เทศกาลสงกรานต์),Level 3: Critical Blackspot (Red Zone),No,2,2,1,5,12777116.6,75.5,77.7
THA-2020-101715,2022,3,25,16,2022-03-25,South,Songkhla,7.15608,100.63509,Rural Road (ทางหลวงชนบท),Department of Rural Roads (DRR - กรมทางหลวงชนบท),Commercial Truck,Drunk driving (เมาแล้วขับ),Normal Period (ช่วงเวลาปกติ),Level 3: Critical Blackspot (Red Zone),No,3,0,0,3,14242096.94,21.5,75.0
THA-2021-101716,2024,1,20,21,2024-01-20,Bangkok & Vicinity,Bangkok,13.7756,100.57779,Urban / City Road (ถนนในเมือง/ท้องถิ่น),Local Administration / BMA (อปท./กทม.),Motorcycle,Cutting off abruptly (ตัดหน้ากระชั้นชิด),Normal Period (ช่วงเวลาปกติ),Level 3: Critical Blackspot (Red Zone),Yes,1,2,1,4,6126669.65,44.6,32.4
THA-2022-101717,2026,12,9,3,2026-12-09,Northeast,Ubon Ratchathani,15.25285,104.81897,Rural Road (ทางหลวงชนบท),Department of Rural Roads (DRR - กรมทางหลวงชนบท),Motorcycle,Cutting off abruptly (ตัดหน้ากระชั้นชิด),Normal Period (ช่วงเวลาปกติ),Level 1: Low Risk (Baseline Zone),Yes,0,0,1,1,96322.39,17.1,18.4
THA-2023-101718,2023,5,27,14,2023-05-27,South,Songkhla,7.2475,100.62857,Rural Road (ทางหลวงชนบท),Department of Rural Roads (DRR - กรมทางหลวงชนบท),Private Car,Speeding (ขับรถเร็วเกินกำหนด),Normal Period (ช่วงเวลาปกติ),Level 3: Critical Blackspot (Red Zone),Yes,2,1,1,4,12070862.38,34.2,65.5
THA-2024-101719,2026,6,5,18,2026-06-05,Bangkok & Vicinity,Nonthaburi,13.6699,100.48187,National Highway (ทางหลวงแผ่นดิน),Department of Highways (DOH - กรมทางหลวง),Commercial Truck,Speeding (ขับรถเร็วเกินกำหนด),Normal Period (ช่วงเวลาปกติ),Level 2: Moderate Risk (Surveillance Zone),Yes,0,1,2,3,1959068.61,47.7,86.8
THA-2025-101720,2022,2,23,21,2022-02-23,Bangkok & Vicinity,Bangkok,13.70975,100.51507,National Highway (ทางหลวงแผ่นดิน),Department of Highways (DOH - กรมทางหลวง),Private Car,Drunk driving (เมาแล้วขับ),Normal Period (ช่วงเวลาปกติ),Level 1: Low Risk (Baseline Zone),Yes,0,0,1,1,229066.69,47.7,71.8
THA-2026-101721,2020,3,1,1,2020-03-01,Bangkok & Vicinity,Bangkok,13.7599,100.32627,National Highway (ทางหลวงแผ่นดิน),Department of Highways (DOH - กรมทางหลวง),Motorcycle,Speeding (ขับรถเร็วเกินกำหนด),Normal Period (ช่วงเวลาปกติ),Level 1: Low Risk (Baseline Zone),Yes,0,0,0,0,82543.53,50.2,62.1
THA-2020-101722,2021,11,6,23,2021-11-06,North,Chiang Mai,18.65405,98.89954,National Highway (ทางหลวงแผ่นดิน),Department of Highways (DOH - กรมทางหลวง),Commercial Truck,Road defect / Slippery surface (ถนนชำรุด/ลื่น),Normal Period (ช่วงเวลาปกติ),Level 1: Low Risk (Baseline Zone),Yes,0,0,1,1,595784.45,35.8,36.9
THA-2021-101723,2023,6,24,16,2023-06-24,Bangkok & Vicinity,Bangkok,13.7621,100.59845,Expressway (ทางพิเศษ),EXAT (การทางพิเศษแห่งประเทศไทย),Motorcycle,Fatigue / Falling asleep (หลับใน),Normal Period (ช่วงเวลาปกติ),Level 2: Moderate Risk (Surveillance Zone),No,0,1,3,4,634183.65,21.2,37.4
THA-2022-101724,2021,4,14,11,2021-04-14,Northeast,Ubon Ratchathani,15.10047,104.78681,Rural Road (ทางหลวงชนบท),Department of Rural Roads (DRR - กรมทางหลวงชนบท),Private Car,Fatigue / Falling asleep (หลับใน),Songkran Festival (เทศกาลสงกรานต์),Level 2: Moderate Risk (Surveillance Zone),Yes,0,1,1,2,982969.32,10.0,51.6
THA-2023-101725,2020,9,17,23,2020-09-17,Bangkok & Vicinity,Bangkok,13.75194,100.41797,National Highway (ทางหลวงแผ่นดิน),Department of Highways (DOH - กรมทางหลวง),Commercial Truck,Road defect / Slippery surface (ถนนชำรุด/ลื่น),Normal Period (ช่วงเวลาปกติ),Level 2: Moderate Risk (Surveillance Zone),No,0,1,1,2,1515452.9,59.1,10.0
THA-2024-101726,2026,5,25,16,2026-05-25,Northeast,Nakhon Ratchasima,14.98776,102.15542,National Highway (ทางหลวงแผ่นดิน),Department of Highways (DOH - กรมทางหลวง),Motorcycle,Cutting off abruptly (ตัดหน้ากระชั้นชิด),Normal Period (ช่วงเวลาปกติ),Level 3: Critical Blackspot (Red Zone),No,1,0,0,1,4080680.49,80.9,52.6
THA-2025-101727,2025,4,19,9,2025-04-19,South,Songkhla,7.10749,100.64378,National Highway (ทางหลวงแผ่นดิน),Department of Highways (DOH - กรมทางหลวง),Private Car,Fatigue / Falling asleep (หลับใน),Normal Period (ช่วงเวลาปกติ),Level 2: Moderate Risk (Surveillance Zone),Yes,0,2,1,3,1867184.28,80.2,46.2
THA-2026-101728,2025,2,1,17,2025-02-01,Central,Ayutthaya,14.34289,100.46498,Rural Road (ทางหลวงชนบท),Department of Rural Roads (DRR - กรมทางหลวงชนบท),Private Car,Speeding (ขับรถเร็วเกินกำหนด),Normal Period (ช่วงเวลาปกติ),Level 1: Low Risk (Baseline Zone),Yes,0,0,1,1,404570.16,38.0,71.1
THA-2020-101729,2021,6,1,18,2021-06-01,Northeast,Khon Kaen,16.41952,102.8647,National Highway (ทางหลวงแผ่นดิน),Department of Highways (DOH - กรมทางหลวง),Commercial Truck,Speeding (ขับรถเร็วเกินกำหนด),Normal Period (ช่วงเวลาปกติ),Level 3: Critical Blackspot (Red Zone),Yes,1,1,1,3,6603302.52,78.9,64.8
THA-2021-101730,2021,10,13,17,2021-10-13,North,Chiang Mai,18.91554,99.13328,National Highway (ทางหลวงแผ่นดิน),Department of Highways (DOH - กรมทางหลวง),Motorcycle,Fatigue / Falling asleep (หลับใน),Normal Period (ช่วงเวลาปกติ),Level 1: Low Risk (Baseline Zone),No,0,0,1,1,68525.15,50.7,48.7
THA-2022-101731,2020,2,14,12,2020-02-14,Northeast,Khon Kaen,16.38111,102.76708,Rural Road (ทางหลวงชนบท),Department of Rural Roads (DRR - กรมทางหลวงชนบท),Motorcycle,Speeding (ขับรถเร็วเกินกำหนด),Normal Period (ช่วงเวลาปกติ),Level 3: Critical Blackspot (Red Zone),Yes,1,0,1,2,6084851.0,44.8,77.1
THA-2023-101732,2025,12,27,13,2025-12-27,Northeast,Nakhon Ratchasima,14.98354,102.04896,National Highway (ทางหลวงแผ่นดิน),Department of Highways (DOH - กรมทางหลวง),Commercial Truck,Running red light / Signal violation (ฝ่าฝืนสัญญาณไฟ),Normal Period (ช่วงเวลาปกติ),Level 3: Critical Blackspot (Red Zone),Yes,1,1,0,2,7214180.89,54.9,10.0
THA-2024-101733,2026,7,6,23,2026-07-06,North,Chiang Rai,20.01967,99.84966,National Highway (ทางหลวงแผ่นดิน),Department of Highways (DOH - กรมทางหลวง),Motorcycle,Drunk driving (เมาแล้วขับ),Normal Period (ช่วงเวลาปกติ),Level 2: Moderate Risk (Surveillance Zone),No,0,2,1,3,961664.26,71.3,76.1
THA-2025-101734,2023,3,27,15,2023-03-27,Bangkok & Vicinity,Bangkok,13.76127,100.5597,National Highway (ทางหลวงแผ่นดิน),Department of Highways (DOH - กรมทางหลวง),Motorcycle,Drunk driving (เมาแล้วขับ),Normal Period (ช่วงเวลาปกติ),Level 3: Critical Blackspot (Red Zone),No,1,2,0,3,5040500.75,67.7,68.0
THA-2026-101735,2020,9,6,17,2020-09-06,South,Phuket,7.89479,98.41977,National Highway (ทางหลวงแผ่นดิน),Department of Highways (DOH - กรมทางหลวง),Public Bus/Van,Speeding (ขับรถเร็วเกินกำหนด),Normal Period (ช่วงเวลาปกติ),Level 1: Low Risk (Baseline Zone),No,0,0,1,1,1224401.25,37.6,55.5
THA-2020-101736,2023,11,1,17,2023-11-01,North,Phitsanulok,16.84479,100.25288,National Highway (ทางหลวงแผ่นดิน),Department of Highways (DOH - กรมทางหลวง),Motorcycle,Drunk driving (เมาแล้วขับ),Normal Period (ช่วงเวลาปกติ),Level 2: Moderate Risk (Surveillance Zone),Yes,0,2,1,3,1911404.31,49.7,63.0
THA-2021-101737,2022,5,14,15,2022-05-14,Bangkok & Vicinity,Bangkok,13.67508,100.66011,National Highway (ทางหลวงแผ่นดิน),Department of Highways (DOH - กรมทางหลวง),Public Bus/Van,Speeding (ขับรถเร็วเกินกำหนด),Normal Period (ช่วงเวลาปกติ),Level 1: Low Risk (Baseline Zone),Yes,0,0,1,1,676398.08,61.3,39.1
THA-2022-101738,2022,8,3,16,2022-08-03,North,Chiang Mai,18.70678,99.13418,Urban / City Road (ถนนในเมือง/ท้องถิ่น),Local Administration / BMA (อปท./กทม.),Motorcycle,Fatigue / Falling asleep (หลับใน),Normal Period (ช่วงเวลาปกติ),Level 3: Critical Blackspot (Red Zone),No,1,1,1,3,6806827.23,26.0,15.1
THA-2023-101739,2024,11,23,6,2024-11-23,North,Chiang Rai,19.94123,99.78646,Rural Road (ทางหลวงชนบท),Department of Rural Roads (DRR - กรมทางหลวงชนบท),Motorcycle,Speeding (ขับรถเร็วเกินกำหนด),Normal Period (ช่วงเวลาปกติ),Level 2: Moderate Risk (Surveillance Zone),No,0,2,1,3,2415437.54,60.8,87.7
THA-2024-101740,2024,6,10,11,2024-06-10,Central,Ayutthaya,14.40314,100.63913,Rural Road (ทางหลวงชนบท),Department of Rural Roads (DRR - กรมทางหลวงชนบท),Private Car,Drunk driving (เมาแล้วขับ),Normal Period (ช่วงเวลาปกติ),Level 1: Low Risk (Baseline Zone),No,0,0,0,0,173370.37,22.4,55.0
THA-2025-101741,2020,12,19,1,2020-12-19,Central,Chonburi,13.51574,100.86629,Urban / City Road (ถนนในเมือง/ท้องถิ่น),Local Administration / BMA (อปท./กทม.),Private Car,Speeding (ขับรถเร็วเกินกำหนด),Normal Period (ช่วงเวลาปกติ),Level 1: Low Risk (Baseline Zone),Yes,0,0,1,1,163932.65,13.7,71.9
THA-2026-101742,2020,10,19,9,2020-10-19,Central,Chonburi,13.3485,101.10865,National Highway (ทางหลวงแผ่นดิน),Department of Highways (DOH - กรมทางหลวง),Private Car,Speeding (ขับรถเร็วเกินกำหนด),Normal Period (ช่วงเวลาปกติ),Level 3: Critical Blackspot (Red Zone),No,2,1,0,3,12022919.29,46.7,81.3
THA-2020-101743,2026,8,19,4,2026-08-19,Bangkok & Vicinity,Bangkok,13.82349,100.54554,Urban / City Road (ถนนในเมือง/ท้องถิ่น),Local Administration / BMA (อปท./กทม.),Motorcycle,Cutting off abruptly (ตัดหน้ากระชั้นชิด),Normal Period (ช่วงเวลาปกติ),Level 3: Critical Blackspot (Red Zone),Yes,1,0,1,2,6064701.79,44.0,44.2
THA-2021-101744,2021,11,28,20,2021-11-28,North,Chiang Rai,20.04356,99.82441,National Highway (ทางหลวงแผ่นดิน),Department of Highways (DOH - กรมทางหลวง),Commercial Truck,Speeding (ขับรถเร็วเกินกำหนด),Normal Period (ช่วงเวลาปกติ),Level 1: Low Risk (Baseline Zone),Yes,0,0,0,0,710556.03,58.0,68.9
THA-2022-101745,2020,12,23,2,2020-12-23,Northeast,Nakhon Ratchasima,14.76408,102.06481,National Highway (ทางหลวงแผ่นดิน),Department of Highways (DOH - กรมทางหลวง),Motorcycle,Drunk driving (เมาแล้วขับ),Normal Period (ช่วงเวลาปกติ),Level 3: Critical Blackspot (Red Zone),Yes,3,1,1,5,13460340.19,49.9,42.5
THA-2023-101746,2021,3,4,18,2021-03-04,Bangkok & Vicinity,Bangkok,13.93736,100.52866,National Highway (ทางหลวงแผ่นดิน),Department of Highways (DOH - กรมทางหลวง),Motorcycle,Speeding (ขับรถเร็วเกินกำหนด),Normal Period (ช่วงเวลาปกติ),Level 3: Critical Blackspot (Red Zone),No,1,2,1,4,6762235.6,56.5,67.7
THA-2024-101747,2020,3,20,12,2020-03-20,Bangkok & Vicinity,Nonthaburi,13.78628,100.63347,National Highway (ทางหลวงแผ่นดิน),Department of Highways (DOH - กรมทางหลวง),Motorcycle,Speeding (ขับรถเร็วเกินกำหนด),Normal Period (ช่วงเวลาปกติ),Level 2: Moderate Risk (Surveillance Zone),No,0,1,2,3,1013132.87,79.8,87.0
THA-2025-101748,2022,5,19,11,2022-05-19,Central,Chonburi,13.43714,100.99793,Expressway (ทางพิเศษ),EXAT (การทางพิเศษแห่งประเทศไทย),Private Car,Cutting off abruptly (ตัดหน้ากระชั้นชิด),Normal Period (ช่วงเวลาปกติ),Level 2: Moderate Risk (Surveillance Zone),Yes,0,1,2,3,1014918.26,43.9,59.6
THA-2026-101749,2025,11,10,2,2025-11-10,Bangkok & Vicinity,Bangkok,13.80896,100.41025,National Highway (ทางหลวงแผ่นดิน),Department of Highways (DOH - กรมทางหลวง),Motorcycle,Speeding (ขับรถเร็วเกินกำหนด),Normal Period (ช่วงเวลาปกติ),Level 1: Low Risk (Baseline Zone),Yes,0,0,1,1,129661.74,48.9,60.2
THA-2020-101750,2022,10,27,5,2022-10-27,Northeast,Nakhon Ratchasima,14.94731,102.09196,National Highway (ทางหลวงแผ่นดิน),Department of Highways (DOH - กรมทางหลวง),Motorcycle,Speeding (ขับรถเร็วเกินกำหนด),Normal Period (ช่วงเวลาปกติ),Level 2: Moderate Risk (Surveillance Zone),Yes,0,1,2,3,1213135.8,59.4,69.5
THA-2021-101751,2023,3,25,13,2023-03-25,Bangkok & Vicinity,Bangkok,13.85523,100.45241,National Highway (ทางหลวงแผ่นดิน),Department of Highways (DOH - กรมทางหลวง),Motorcycle,Fatigue / Falling asleep (หลับใน),Normal Period (ช่วงเวลาปกติ),Level 1: Low Risk (Baseline Zone),No,0,0,1,1,132558.19,60.3,44.1
THA-2022-101752,2024,8,2,3,2024-08-02,Bangkok & Vicinity,Bangkok,13.75398,100.63149,National Highway (ทางหลวงแผ่นดิน),Department of Highways (DOH - กรมทางหลวง),Motorcycle,Speeding (ขับรถเร็วเกินกำหนด),Normal Period (ช่วงเวลาปกติ),Level 1: Low Risk (Baseline Zone),Yes,0,0,0,0,46838.04,55.2,54.9
THA-2023-101753,2023,10,4,12,2023-10-04,Bangkok & Vicinity,Nonthaburi,14.08929,100.43504,National Highway (ทางหลวงแผ่นดิน),Department of Highways (DOH - กรมทางหลวง),Motorcycle,Speeding (ขับรถเร็วเกินกำหนด),Normal Period (ช่วงเวลาปกติ),Level 3: Critical Blackspot (Red Zone),Yes,1,0,1,2,3868323.6,37.7,72.7
THA-2024-101754,2025,12,24,18,2025-12-24,South,Songkhla,7.1882,100.47858,National Highway (ทางหลวงแผ่นดิน),Department of Highways (DOH - กรมทางหลวง),Private Car,Speeding (ขับรถเร็วเกินกำหนด),Normal Period (ช่วงเวลาปกติ),Level 1: Low Risk (Baseline Zone),Yes,0,0,0,0,378640.87,28.2,50.2
THA-2025-101755,2025,8,6,17,2025-08-06,Central,Ayutthaya,14.35189,100.54229,National Highway (ทางหลวงแผ่นดิน),Department of Highways (DOH - กรมทางหลวง),Motorcycle,Cutting off abruptly (ตัดหน้ากระชั้นชิด),Normal Period (ช่วงเวลาปกติ),Level 1: Low Risk (Baseline Zone),No,0,0,0,0,85740.46,60.3,46.3
THA-2026-101756,2020,2,7,2,2020-02-07,South,Surat Thani,9.25079,99.21594,Urban / City Road (ถนนในเมือง/ท้องถิ่น),Local Administration / BMA (อปท./กทม.),Commercial Truck,Cutting off abruptly (ตัดหน้ากระชั้นชิด),Normal Period (ช่วงเวลาปกติ),Level 1: Low Risk (Baseline Zone),Yes,0,0,0,0,872216.41,38.6,38.8
THA-2020-101757,2025,12,16,19,2025-12-16,Northeast,Nakhon Ratchasima,14.862,102.23468,National Highway (ทางหลวงแผ่นดิน),Department of Highways (DOH - กรมทางหลวง),Private Car,Speeding (ขับรถเร็วเกินกำหนด),Normal Period (ช่วงเวลาปกติ),Level 1: Low Risk (Baseline Zone),No,0,0,1,1,300449.46,65.7,50.9
THA-2021-101758,2023,4,7,5,2023-04-07,Bangkok & Vicinity,Bangkok,13.69932,100.51957,National Highway (ทางหลวงแผ่นดิน),Department of Highways (DOH - กรมทางหลวง),Motorcycle,Fatigue / Falling asleep (หลับใน),Normal Period (ช่วงเวลาปกติ),Level 3: Critical Blackspot (Red Zone),Yes,1,0,1,2,3694163.02,51.0,23.2
THA-2022-101759,2026,10,18,15,2026-10-18,Northeast,Nakhon Ratchasima,15.00645,102.02694,Rural Road (ทางหลวงชนบท),Department of Rural Roads (DRR - กรมทางหลวงชนบท),Private Car,Speeding (ขับรถเร็วเกินกำหนด),Normal Period (ช่วงเวลาปกติ),Level 1: Low Risk (Baseline Zone),Yes,0,0,0,0,401583.79,26.8,67.6
THA-2023-101760,2023,1,20,19,2023-01-20,North,Phitsanulok,16.75034,100.36732,Expressway (ทางพิเศษ),EXAT (การทางพิเศษแห่งประเทศไทย),Motorcycle,Cutting off abruptly (ตัดหน้ากระชั้นชิด),Normal Period (ช่วงเวลาปกติ),Level 2: Moderate Risk (Surveillance Zone),No,0,1,1,2,1160444.13,20.7,28.4
THA-2024-101761,2026,4,26,23,2026-04-26,Central,Saraburi,14.58984,100.90939,National Highway (ทางหลวงแผ่นดิน),Department of Highways (DOH - กรมทางหลวง),Private Car,Cutting off abruptly (ตัดหน้ากระชั้นชิด),Normal Period (ช่วงเวลาปกติ),Level 1: Low Risk (Baseline Zone),Yes,0,0,1,1,457103.6,56.6,10.0
THA-2025-101762,2025,12,26,2,2025-12-26,Bangkok & Vicinity,Bangkok,13.74399,100.53029,National Highway (ทางหลวงแผ่นดิน),Department of Highways (DOH - กรมทางหลวง),Public Bus/Van,Drunk driving (เมาแล้วขับ),Normal Period (ช่วงเวลาปกติ),Level 2: Moderate Risk (Surveillance Zone),Yes,0,1,2,3,2080701.67,40.6,90.1
THA-2026-101763,2021,11,22,11,2021-11-22,Northeast,Nakhon Ratchasima,15.0143,102.2113,Expressway (ทางพิเศษ),EXAT (การทางพิเศษแห่งประเทศไทย),Motorcycle,Running red light / Signal violation (ฝ่าฝืนสัญญาณไฟ),Normal Period (ช่วงเวลาปกติ),Level 2: Moderate Risk (Surveillance Zone),No,0,1,2,3,839901.48,34.0,34.6
THA-2020-101764,2023,4,19,18,2023-04-19,Bangkok & Vicinity,Bangkok,13.75442,100.54167,National Highway (ทางหลวงแผ่นดิน),Department of Highways (DOH - กรมทางหลวง),Private Car,Cutting off abruptly (ตัดหน้ากระชั้นชิด),Normal Period (ช่วงเวลาปกติ),Level 3: Critical Blackspot (Red Zone),Yes,1,2,1,4,5510190.21,45.6,33.4
THA-2021-101765,2026,10,9,18,2026-10-09,North,Chiang Mai,18.85294,99.05152,Rural Road (ทางหลวงชนบท),Department of Rural Roads (DRR - กรมทางหลวงชนบท),Motorcycle,Running red light / Signal violation (ฝ่าฝืนสัญญาณไฟ),Normal Period (ช่วงเวลาปกติ),Level 1: Low Risk (Baseline Zone),Yes,0,0,0,0,46144.27,11.1,23.6
THA-2022-101766,2025,9,20,23,2025-09-20,Central,Chonburi,13.49157,100.98357,National Highway (ทางหลวงแผ่นดิน),Department of Highways (DOH - กรมทางหลวง),Motorcycle,Speeding (ขับรถเร็วเกินกำหนด),Normal Period (ช่วงเวลาปกติ),Level 3: Critical Blackspot (Red Zone),No,2,0,0,2,9476108.61,79.9,87.9
THA-2023-101767,2020,3,10,3,2020-03-10,Northeast,Nakhon Ratchasima,14.92897,102.06558,Expressway (ทางพิเศษ),EXAT (การทางพิเศษแห่งประเทศไทย),Commercial Truck,Speeding (ขับรถเร็วเกินกำหนด),Normal Period (ช่วงเวลาปกติ),Level 3: Critical Blackspot (Red Zone),Yes,1,2,1,4,8911121.67,52.0,81.7
THA-2024-101768,2024,2,13,0,2024-02-13,North,Chiang Mai,18.84597,98.97557,Expressway (ทางพิเศษ),EXAT (การทางพิเศษแห่งประเทศไทย),Motorcycle,Speeding (ขับรถเร็วเกินกำหนด),Normal Period (ช่วงเวลาปกติ),Level 1: Low Risk (Baseline Zone),Yes,0,0,1,1,153201.41,16.9,75.0
THA-2025-101769,2022,9,18,1,2022-09-18,North,Chiang Rai,20.11631,99.84173,Urban / City Road (ถนนในเมือง/ท้องถิ่น),Local Administration / BMA (อปท./กทม.),Motorcycle,Cutting off abruptly (ตัดหน้ากระชั้นชิด),Normal Period (ช่วงเวลาปกติ),Level 3: Critical Blackspot (Red Zone),No,1,0,0,1,4201085.64,43.6,37.7
THA-2026-101770,2020,9,16,12,2020-09-16,North,Phitsanulok,16.73515,100.29494,National Highway (ทางหลวงแผ่นดิน),Department of Highways (DOH - กรมทางหลวง),Motorcycle,Speeding (ขับรถเร็วเกินกำหนด),Normal Period (ช่วงเวลาปกติ),Level 2: Moderate Risk (Surveillance Zone),Yes,0,1,1,2,777982.99,41.5,81.1
THA-2020-101771,2023,1,22,12,2023-01-22,Central,Chonburi,13.49959,100.91128,National Highway (ทางหลวงแผ่นดิน),Department of Highways (DOH - กรมทางหลวง),Private Car,Speeding (ขับรถเร็วเกินกำหนด),Normal Period (ช่วงเวลาปกติ),Level 1: Low Risk (Baseline Zone),Yes,0,0,0,0,149617.58,41.9,65.6
THA-2021-101772,2021,6,17,1,2021-06-17,South,Phuket,7.80438,98.37549,National Highway (ทางหลวงแผ่นดิน),Department of Highways (DOH - กรมทางหลวง),Motorcycle,Cutting off abruptly (ตัดหน้ากระชั้นชิด),Normal Period (ช่วงเวลาปกติ),Level 2: Moderate Risk (Surveillance Zone),No,0,1,2,3,746215.04,65.5,42.2
THA-2022-101773,2025,10,22,18,2025-10-22,South,Surat Thani,9.08007,99.19998,Urban / City Road (ถนนในเมือง/ท้องถิ่น),Local Administration / BMA (อปท./กทม.),Public Bus/Van,Speeding (ขับรถเร็วเกินกำหนด),Normal Period (ช่วงเวลาปกติ),Level 1: Low Risk (Baseline Zone),Yes,0,0,0,0,550265.28,32.2,62.9
THA-2023-101774,2022,8,13,21,2022-08-13,Central,Chonburi,13.22243,101.00562,Urban / City Road (ถนนในเมือง/ท้องถิ่น),Local Administration / BMA (อปท./กทม.),Motorcycle,Speeding (ขับรถเร็วเกินกำหนด),Normal Period (ช่วงเวลาปกติ),Level 1: Low Risk (Baseline Zone),Yes,0,0,1,1,77351.71,52.0,64.7
THA-2024-101775,2025,3,12,23,2025-03-12,North,Chiang Mai,18.85265,98.9222,National Highway (ทางหลวงแผ่นดิน),Department of Highways (DOH - กรมทางหลวง),Motorcycle,Speeding (ขับรถเร็วเกินกำหนด),Normal Period (ช่วงเวลาปกติ),Level 2: Moderate Risk (Surveillance Zone),Yes,0,1,1,2,679859.18,67.5,74.0
THA-2025-101776,2020,11,10,15,2020-11-10,Northeast,Ubon Ratchathani,15.23845,104.86395,Rural Road (ทางหลวงชนบท),Department of Rural Roads (DRR - กรมทางหลวงชนบท),Private Car,Road defect / Slippery surface (ถนนชำรุด/ลื่น),Normal Period (ช่วงเวลาปกติ),Level 1: Low Risk (Baseline Zone),No,0,0,1,1,213103.4,64.6,42.2
THA-2026-101777,2022,9,1,11,2022-09-01,North,Phitsanulok,16.72163,100.3432,National Highway (ทางหลวงแผ่นดิน),Department of Highways (DOH - กรมทางหลวง),Motorcycle,Speeding (ขับรถเร็วเกินกำหนด),Normal Period (ช่วงเวลาปกติ),Level 3: Critical Blackspot (Red Zone),No,1,0,0,1,5776328.16,21.7,58.9
THA-2020-101778,2021,2,8,0,2021-02-08,Bangkok & Vicinity,Nonthaburi,13.88117,100.5606,National Highway (ทางหลวงแผ่นดิน),Department of Highways (DOH - กรมทางหลวง),Private Car,Drunk driving (เมาแล้วขับ),Normal Period (ช่วงเวลาปกติ),Level 2: Moderate Risk (Surveillance Zone),Yes,0,1,2,3,1559828.98,63.9,73.1
THA-2021-101779,2021,6,21,8,2021-06-21,Central,Saraburi,14.5901,101.12912,Rural Road (ทางหลวงชนบท),Department of Rural Roads (DRR - กรมทางหลวงชนบท),Motorcycle,Drunk driving (เมาแล้วขับ),Normal Period (ช่วงเวลาปกติ),Level 2: Moderate Risk (Surveillance Zone),No,0,2,1,3,2022199.43,16.5,61.3
THA-2022-101780,2020,1,22,16,2020-01-22,Bangkok & Vicinity,Bangkok,13.66409,100.42145,National Highway (ทางหลวงแผ่นดิน),Department of Highways (DOH - กรมทางหลวง),Motorcycle,Cutting off abruptly (ตัดหน้ากระชั้นชิด),Normal Period (ช่วงเวลาปกติ),Level 1: Low Risk (Baseline Zone),Yes,0,0,1,1,115734.07,45.9,48.4
THA-2023-101781,2021,7,18,9,2021-07-18,South,Phuket,8.03186,98.451,National Highway (ทางหลวงแผ่นดิน),Department of Highways (DOH - กรมทางหลวง),Motorcycle,Speeding (ขับรถเร็วเกินกำหนด),Normal Period (ช่วงเวลาปกติ),Level 1: Low Risk (Baseline Zone),No,0,0,1,1,153501.76,61.9,71.2
THA-2024-101782,2023,3,2,17,2023-03-02,North,Phitsanulok,16.82731,100.22287,National Highway (ทางหลวงแผ่นดิน),Department of Highways (DOH - กรมทางหลวง),Public Bus/Van,Speeding (ขับรถเร็วเกินกำหนด),Normal Period (ช่วงเวลาปกติ),Level 2: Moderate Risk (Surveillance Zone),Yes,0,1,2,3,2380733.13,55.9,53.8
THA-2025-101783,2022,7,16,18,2022-07-16,Northeast,Khon Kaen,16.41133,102.80448,Urban / City Road (ถนนในเมือง/ท้องถิ่น),Local Administration / BMA (อปท./กทม.),Private Car,Cutting off abruptly (ตัดหน้ากระชั้นชิด),Normal Period (ช่วงเวลาปกติ),Level 3: Critical Blackspot (Red Zone),Yes,1,2,0,3,6288864.74,27.2,10.0
THA-2026-101784,2023,4,12,6,2023-04-12,Northeast,Ubon Ratchathani,15.11025,104.93489,Urban / City Road (ถนนในเมือง/ท้องถิ่น),Local Administration / BMA (อปท./กทม.),Private Car,Speeding (ขับรถเร็วเกินกำหนด),Songkran Festival (เทศกาลสงกรานต์),Level 3: Critical Blackspot (Red Zone),Yes,1,0,0,1,4613109.15,37.5,91.0
THA-2020-101785,2022,9,9,18,2022-09-09,South,Phuket,7.69944,98.31588,Expressway (ทางพิเศษ),EXAT (การทางพิเศษแห่งประเทศไทย),Motorcycle,Speeding (ขับรถเร็วเกินกำหนด),Normal Period (ช่วงเวลาปกติ),Level 2: Moderate Risk (Surveillance Zone),Yes,0,1,1,2,829611.69,45.5,61.4
THA-2021-101786,2026,5,3,23,2026-05-03,Northeast,Khon Kaen,16.39334,103.01651,Rural Road (ทางหลวงชนบท),Department of Rural Roads (DRR - กรมทางหลวงชนบท),Private Car,Speeding (ขับรถเร็วเกินกำหนด),Normal Period (ช่วงเวลาปกติ),Level 2: Moderate Risk (Surveillance Zone),No,0,1,1,2,989988.35,37.2,76.5
THA-2022-101787,2026,3,22,14,2026-03-22,Northeast,Khon Kaen,16.42313,102.85208,Rural Road (ทางหลวงชนบท),Department of Rural Roads (DRR - กรมทางหลวงชนบท),Motorcycle,Road defect / Slippery surface (ถนนชำรุด/ลื่น),Normal Period (ช่วงเวลาปกติ),Level 2: Moderate Risk (Surveillance Zone),Yes,0,1,2,3,944365.82,21.6,53.0
THA-2023-101788,2023,8,26,8,2023-08-26,Bangkok & Vicinity,Bangkok,13.67733,100.57999,National Highway (ทางหลวงแผ่นดิน),Department of Highways (DOH - กรมทางหลวง),Public Bus/Van,Cutting off abruptly (ตัดหน้ากระชั้นชิด),Normal Period (ช่วงเวลาปกติ),Level 1: Low Risk (Baseline Zone),Yes,0,0,1,1,444104.74,65.9,75.2
THA-2024-101789,2022,6,21,9,2022-06-21,Northeast,Nakhon Ratchasima,15.24557,102.14204,Expressway (ทางพิเศษ),EXAT (การทางพิเศษแห่งประเทศไทย),Private Car,Drunk driving (เมาแล้วขับ),Normal Period (ช่วงเวลาปกติ),Level 1: Low Risk (Baseline Zone),Yes,0,0,0,0,280787.56,37.8,86.3
THA-2025-101790,2020,2,28,22,2020-02-28,Bangkok & Vicinity,Bangkok,13.7261,100.31894,Rural Road (ทางหลวงชนบท),Department of Rural Roads (DRR - กรมทางหลวงชนบท),Private Car,Cutting off abruptly (ตัดหน้ากระชั้นชิด),Normal Period (ช่วงเวลาปกติ),Level 1: Low Risk (Baseline Zone),Yes,0,0,0,0,220443.17,52.7,28.4
THA-2026-101791,2026,3,4,19,2026-03-04,Central,Chonburi,13.42353,100.89596,Rural Road (ทางหลวงชนบท),Department of Rural Roads (DRR - กรมทางหลวงชนบท),Motorcycle,Road defect / Slippery surface (ถนนชำรุด/ลื่น),Normal Period (ช่วงเวลาปกติ),Level 1: Low Risk (Baseline Zone),Yes,0,0,0,0,46322.08,23.9,52.8
THA-2020-101792,2020,8,26,19,2020-08-26,Northeast,Nakhon Ratchasima,14.91188,102.18165,Rural Road (ทางหลวงชนบท),Department of Rural Roads (DRR - กรมทางหลวงชนบท),Motorcycle,Cutting off abruptly (ตัดหน้ากระชั้นชิด),Normal Period (ช่วงเวลาปกติ),Level 2: Moderate Risk (Surveillance Zone),No,0,1,1,2,784295.13,30.0,28.5
THA-2021-101793,2022,10,2,3,2022-10-02,Northeast,Ubon Ratchathani,15.20217,104.83883,Urban / City Road (ถนนในเมือง/ท้องถิ่น),Local Administration / BMA (อปท./กทม.),Motorcycle,Cutting off abruptly (ตัดหน้ากระชั้นชิด),Normal Period (ช่วงเวลาปกติ),Level 2: Moderate Risk (Surveillance Zone),Yes,0,1,1,2,1122195.71,36.9,49.0
THA-2022-101794,2022,7,8,5,2022-07-08,Bangkok & Vicinity,Bangkok,13.82378,100.43825,National Highway (ทางหลวงแผ่นดิน),Department of Highways (DOH - กรมทางหลวง),Public Bus/Van,Road defect / Slippery surface (ถนนชำรุด/ลื่น),Normal Period (ช่วงเวลาปกติ),Level 2: Moderate Risk (Surveillance Zone),Yes,0,1,1,2,2037613.21,80.5,28.9
THA-2023-101795,2022,10,10,3,2022-10-10,Bangkok & Vicinity,Bangkok,13.64029,100.54359,National Highway (ทางหลวงแผ่นดิน),Department of Highways (DOH - กรมทางหลวง),Motorcycle,Drunk driving (เมาแล้วขับ),Normal Period (ช่วงเวลาปกติ),Level 1: Low Risk (Baseline Zone),No,0,0,0,0,46691.73,69.8,75.9
THA-2024-101796,2021,6,16,4,2021-06-16,Central,Chonburi,13.42899,100.93272,Rural Road (ทางหลวงชนบท),Department of Rural Roads (DRR - กรมทางหลวงชนบท),Motorcycle,Speeding (ขับรถเร็วเกินกำหนด),Normal Period (ช่วงเวลาปกติ),Level 1: Low Risk (Baseline Zone),No,0,0,1,1,107040.16,26.4,96.5
THA-2025-101797,2025,1,23,8,2025-01-23,Bangkok & Vicinity,Bangkok,13.69986,100.40279,Urban / City Road (ถนนในเมือง/ท้องถิ่น),Local Administration / BMA (อปท./กทม.),Motorcycle,Speeding (ขับรถเร็วเกินกำหนด),Normal Period (ช่วงเวลาปกติ),Level 2: Moderate Risk (Surveillance Zone),Yes,0,1,3,4,768889.66,48.8,43.4
THA-2026-101798,2021,9,11,11,2021-09-11,Bangkok & Vicinity,Bangkok,13.82051,100.6745,Rural Road (ทางหลวงชนบท),Department of Rural Roads (DRR - กรมทางหลวงชนบท),Motorcycle,Fatigue / Falling asleep (หลับใน),Normal Period (ช่วงเวลาปกติ),Level 2: Moderate Risk (Surveillance Zone),No,0,1,1,2,548461.78,10.0,18.1
THA-2020-101799,2024,3,18,22,2024-03-18,Bangkok & Vicinity,Bangkok,13.84014,100.49359,National Highway (ทางหลวงแผ่นดิน),Department of Highways (DOH - กรมทางหลวง),Motorcycle,Fatigue / Falling asleep (หลับใน),Normal Period (ช่วงเวลาปกติ),Level 2: Moderate Risk (Surveillance Zone),Yes,0,1,2,3,638837.76,29.7,25.9
THA-2021-101800,2021,5,22,7,2021-05-22,South,Surat Thani,9.20268,99.24664,National Highway (ทางหลวงแผ่นดิน),Department of Highways (DOH - กรมทางหลวง),Commercial Truck,Cutting off abruptly (ตัดหน้ากระชั้นชิด),Normal Period (ช่วงเวลาปกติ),Level 2: Moderate Risk (Surveillance Zone),Yes,0,2,1,3,2324923.47,71.8,23.4
THA-2022-101801,2020,7,14,20,2020-07-14,Central,Chonburi,13.39426,100.88703,Urban / City Road (ถนนในเมือง/ท้องถิ่น),Local Administration / BMA (อปท./กทม.),Private Car,Cutting off abruptly (ตัดหน้ากระชั้นชิด),Normal Period (ช่วงเวลาปกติ),Level 1: Low Risk (Baseline Zone),Yes,0,0,1,1,450817.07,32.0,31.8
THA-2023-101802,2026,7,8,4,2026-07-08,North,Chiang Mai,18.7773,99.08211,Urban / City Road (ถนนในเมือง/ท้องถิ่น),Local Administration / BMA (อปท./กทม.),Commercial Truck,Drunk driving (เมาแล้วขับ),Normal Period (ช่วงเวลาปกติ),Level 1: Low Risk (Baseline Zone),Yes,0,0,1,1,1184734.89,27.1,77.4
THA-2024-101803,2021,3,23,10,2021-03-23,North,Chiang Mai,18.86138,99.03646,Rural Road (ทางหลวงชนบท),Department of Rural Roads (DRR - กรมทางหลวงชนบท),Commercial Truck,Cutting off abruptly (ตัดหน้ากระชั้นชิด),Normal Period (ช่วงเวลาปกติ),Level 2: Moderate Risk (Surveillance Zone),Yes,0,1,1,2,1594691.82,21.9,35.7
THA-2025-101804,2025,4,15,22,2025-04-15,North,Chiang Mai,18.82576,98.91905,National Highway (ทางหลวงแผ่นดิน),Department of Highways (DOH - กรมทางหลวง),Motorcycle,Drunk driving (เมาแล้วขับ),Songkran Festival (เทศกาลสงกรานต์),Level 3: Critical Blackspot (Red Zone),No,1,1,0,2,5456756.21,44.9,52.6
THA-2026-101805,2023,10,17,10,2023-10-17,Central,Chonburi,13.37392,101.05519,Expressway (ทางพิเศษ),EXAT (การทางพิเศษแห่งประเทศไทย),Motorcycle,Speeding (ขับรถเร็วเกินกำหนด),Normal Period (ช่วงเวลาปกติ),Level 3: Critical Blackspot (Red Zone),Yes,1,0,0,1,4860163.4,34.3,70.8
THA-2020-101806,2020,7,21,12,2020-07-21,Northeast,Ubon Ratchathani,15.22292,104.82889,Rural Road (ทางหลวงชนบท),Department of Rural Roads (DRR - กรมทางหลวงชนบท),Motorcycle,Running red light / Signal violation (ฝ่าฝืนสัญญาณไฟ),Normal Period (ช่วงเวลาปกติ),Level 2: Moderate Risk (Surveillance Zone),Yes,0,1,3,4,807628.33,69.9,10.0
THA-2021-101807,2026,8,18,13,2026-08-18,Bangkok & Vicinity,Bangkok,13.71398,100.47615,Urban / City Road (ถนนในเมือง/ท้องถิ่น),Local Administration / BMA (อปท./กทม.),Commercial Truck,Drunk driving (เมาแล้วขับ),Normal Period (ช่วงเวลาปกติ),Level 1: Low Risk (Baseline Zone),Yes,0,0,1,1,794348.44,47.7,52.0
THA-2022-101808,2021,2,6,7,2021-02-06,Bangkok & Vicinity,Bangkok,13.6867,100.50397,National Highway (ทางหลวงแผ่นดิน),Department of Highways (DOH - กรมทางหลวง),Motorcycle,Drunk driving (เมาแล้วขับ),Normal Period (ช่วงเวลาปกติ),Level 2: Moderate Risk (Surveillance Zone),No,0,2,1,3,1956986.48,41.0,79.5
THA-2023-101809,2025,9,23,17,2025-09-23,Bangkok & Vicinity,Bangkok,13.72748,100.36912,National Highway (ทางหลวงแผ่นดิน),Department of Highways (DOH - กรมทางหลวง),Motorcycle,Speeding (ขับรถเร็วเกินกำหนด),Normal Period (ช่วงเวลาปกติ),Level 2: Moderate Risk (Surveillance Zone),Yes,0,1,1,2,689051.94,45.8,61.2
THA-2024-101810,2021,7,14,18,2021-07-14,Northeast,Ubon Ratchathani,15.47888,104.75393,Urban / City Road (ถนนในเมือง/ท้องถิ่น),Local Administration / BMA (อปท./กทม.),Motorcycle,Speeding (ขับรถเร็วเกินกำหนด),Normal Period (ช่วงเวลาปกติ),Level 3: Critical Blackspot (Red Zone),Yes,2,2,0,4,9331167.68,52.8,68.8
THA-2025-101811,2025,8,23,11,2025-08-23,Central,Chonburi,13.34898,100.99021,National Highway (ทางหลวงแผ่นดิน),Department of Highways (DOH - กรมทางหลวง),Motorcycle,Cutting off abruptly (ตัดหน้ากระชั้นชิด),Normal Period (ช่วงเวลาปกติ),Level 1: Low Risk (Baseline Zone),Yes,0,0,1,1,149497.07,41.3,10.0
THA-2026-101812,2020,6,3,11,2020-06-03,Bangkok & Vicinity,Nonthaburi,13.81396,100.50533,Rural Road (ทางหลวงชนบท),Department of Rural Roads (DRR - กรมทางหลวงชนบท),Motorcycle,Drunk driving (เมาแล้วขับ),Normal Period (ช่วงเวลาปกติ),Level 1: Low Risk (Baseline Zone),Yes,0,0,0,0,80771.58,49.2,57.5
THA-2020-101813,2023,6,7,17,2023-06-07,Bangkok & Vicinity,Bangkok,13.68263,100.56725,Rural Road (ทางหลวงชนบท),Department of Rural Roads (DRR - กรมทางหลวงชนบท),Motorcycle,Drunk driving (เมาแล้วขับ),Normal Period (ช่วงเวลาปกติ),Level 2: Moderate Risk (Surveillance Zone),No,0,1,3,4,1393947.11,28.5,63.4
THA-2021-101814,2025,9,15,9,2025-09-15,Bangkok & Vicinity,Bangkok,13.7543,100.56646,Urban / City Road (ถนนในเมือง/ท้องถิ่น),Local Administration / BMA (อปท./กทม.),Private Car,Cutting off abruptly (ตัดหน้ากระชั้นชิด),Normal Period (ช่วงเวลาปกติ),Level 1: Low Risk (Baseline Zone),Yes,0,0,1,1,235937.93,29.1,63.5
THA-2022-101815,2026,4,21,6,2026-04-21,South,Surat Thani,9.27049,99.29619,National Highway (ทางหลวงแผ่นดิน),Department of Highways (DOH - กรมทางหลวง),Commercial Truck,Drunk driving (เมาแล้วขับ),Normal Period (ช่วงเวลาปกติ),Level 2: Moderate Risk (Surveillance Zone),Yes,0,1,2,3,1516122.74,31.6,50.2
THA-2023-101816,2026,11,24,17,2026-11-24,North,Chiang Mai,18.85791,99.12357,National Highway (ทางหลวงแผ่นดิน),Department of Highways (DOH - กรมทางหลวง),Motorcycle,Fatigue / Falling asleep (หลับใน),Normal Period (ช่วงเวลาปกติ),Level 3: Critical Blackspot (Red Zone),Yes,1,0,0,1,4250846.87,70.0,30.2
THA-2024-101817,2025,11,28,11,2025-11-28,Central,Chonburi,13.34999,101.0469,Expressway (ทางพิเศษ),EXAT (การทางพิเศษแห่งประเทศไทย),Motorcycle,Speeding (ขับรถเร็วเกินกำหนด),Normal Period (ช่วงเวลาปกติ),Level 3: Critical Blackspot (Red Zone),No,1,1,1,3,6726765.47,51.9,63.5
THA-2025-101818,2026,5,16,13,2026-05-16,Northeast,Khon Kaen,16.39032,102.93135,Rural Road (ทางหลวงชนบท),Department of Rural Roads (DRR - กรมทางหลวงชนบท),Commercial Truck,Cutting off abruptly (ตัดหน้ากระชั้นชิด),Normal Period (ช่วงเวลาปกติ),Level 2: Moderate Risk (Surveillance Zone),Yes,0,1,2,3,2140385.28,47.7,18.3
THA-2026-101819,2021,9,16,14,2021-09-16,North,Chiang Rai,19.86552,99.90388,National Highway (ทางหลวงแผ่นดิน),Department of Highways (DOH - กรมทางหลวง),Motorcycle,Drunk driving (เมาแล้วขับ),Normal Period (ช่วงเวลาปกติ),Level 3: Critical Blackspot (Red Zone),Yes,2,0,1,3,7885841.57,48.4,54.1
THA-2020-101820,2022,1,8,15,2022-01-08,Bangkok & Vicinity,Bangkok,13.84586,100.39569,National Highway (ทางหลวงแผ่นดิน),Department of Highways (DOH - กรมทางหลวง),Commercial Truck,Cutting off abruptly (ตัดหน้ากระชั้นชิด),Normal Period (ช่วงเวลาปกติ),Level 3: Critical Blackspot (Red Zone),Yes,1,1,0,2,5548796.26,62.6,39.4
THA-2021-101821,2022,4,7,1,2022-04-07,Bangkok & Vicinity,Bangkok,13.6963,100.43815,Expressway (ทางพิเศษ),EXAT (การทางพิเศษแห่งประเทศไทย),Motorcycle,Drunk driving (เมาแล้วขับ),Normal Period (ช่วงเวลาปกติ),Level 2: Moderate Risk (Surveillance Zone),No,0,1,2,3,1098154.88,25.7,44.1
THA-2022-101822,2022,7,6,17,2022-07-06,Northeast,Khon Kaen,16.52939,102.71782,National Highway (ทางหลวงแผ่นดิน),Department of Highways (DOH - กรมทางหลวง),Private Car,Cutting off abruptly (ตัดหน้ากระชั้นชิด),Normal Period (ช่วงเวลาปกติ),Level 1: Low Risk (Baseline Zone),Yes,0,0,0,0,177902.43,79.5,50.4
THA-2023-101823,2022,11,2,11,2022-11-02,Central,Chonburi,13.39041,101.05008,Rural Road (ทางหลวงชนบท),Department of Rural Roads (DRR - กรมทางหลวงชนบท),Private Car,Running red light / Signal violation (ฝ่าฝืนสัญญาณไฟ),Normal Period (ช่วงเวลาปกติ),Level 1: Low Risk (Baseline Zone),Yes,0,0,0,0,177809.63,45.0,35.4
THA-2024-101824,2023,9,22,15,2023-09-22,Northeast,Khon Kaen,16.44745,102.93833,National Highway (ทางหลวงแผ่นดิน),Department of Highways (DOH - กรมทางหลวง),Private Car,Speeding (ขับรถเร็วเกินกำหนด),Normal Period (ช่วงเวลาปกติ),Level 3: Critical Blackspot (Red Zone),Yes,1,0,0,1,5148959.67,70.0,63.9
THA-2025-101825,2021,11,13,12,2021-11-13,Northeast,Nakhon Ratchasima,14.80669,102.15251,Urban / City Road (ถนนในเมือง/ท้องถิ่น),Local Administration / BMA (อปท./กทม.),Commercial Truck,Cutting off abruptly (ตัดหน้ากระชั้นชิด),Normal Period (ช่วงเวลาปกติ),Level 2: Moderate Risk (Surveillance Zone),Yes,0,1,1,2,1533584.16,43.1,45.6
THA-2026-101826,2024,12,12,19,2024-12-12,Bangkok & Vicinity,Bangkok,13.73994,100.36634,Urban / City Road (ถนนในเมือง/ท้องถิ่น),Local Administration / BMA (อปท./กทม.),Motorcycle,Speeding (ขับรถเร็วเกินกำหนด),Normal Period (ช่วงเวลาปกติ),Level 3: Critical Blackspot (Red Zone),Yes,2,0,1,3,10441351.01,43.3,85.9
THA-2020-101827,2021,10,15,16,2021-10-15,South,Surat Thani,9.0409,99.46236,Rural Road (ทางหลวงชนบท),Department of Rural Roads (DRR - กรมทางหลวงชนบท),Motorcycle,Speeding (ขับรถเร็วเกินกำหนด),Normal Period (ช่วงเวลาปกติ),Level 1: Low Risk (Baseline Zone),Yes,0,0,1,1,153591.53,53.1,63.8
THA-2021-101828,2022,6,27,17,2022-06-27,Central,Chonburi,13.418,101.05687,National Highway (ทางหลวงแผ่นดิน),Department of Highways (DOH - กรมทางหลวง),Motorcycle,Cutting off abruptly (ตัดหน้ากระชั้นชิด),Normal Period (ช่วงเวลาปกติ),Level 2: Moderate Risk (Surveillance Zone),Yes,0,1,2,3,870591.06,54.9,51.2
THA-2022-101829,2023,12,9,2,2023-12-09,North,Chiang Mai,18.87461,98.86319,Urban / City Road (ถนนในเมือง/ท้องถิ่น),Local Administration / BMA (อปท./กทม.),Commercial Truck,Speeding (ขับรถเร็วเกินกำหนด),Normal Period (ช่วงเวลาปกติ),Level 1: Low Risk (Baseline Zone),Yes,0,0,1,1,1292342.12,25.8,72.6
THA-2023-101830,2025,8,2,22,2025-08-02,South,Songkhla,7.19772,100.71316,National Highway (ทางหลวงแผ่นดิน),Department of Highways (DOH - กรมทางหลวง),Motorcycle,Running red light / Signal violation (ฝ่าฝืนสัญญาณไฟ),Normal Period (ช่วงเวลาปกติ),Level 1: Low Risk (Baseline Zone),No,0,0,1,1,81382.06,58.3,37.7
THA-2024-101831,2025,9,17,9,2025-09-17,Northeast,Khon Kaen,16.39597,102.94622,Expressway (ทางพิเศษ),EXAT (การทางพิเศษแห่งประเทศไทย),Commercial Truck,Road defect / Slippery surface (ถนนชำรุด/ลื่น),Normal Period (ช่วงเวลาปกติ),Level 1: Low Risk (Baseline Zone),Yes,0,0,1,1,913528.07,23.3,46.5
THA-2025-101832,2024,10,27,0,2024-10-27,Northeast,Khon Kaen,16.37707,102.83483,Rural Road (ทางหลวงชนบท),Department of Rural Roads (DRR - กรมทางหลวงชนบท),Motorcycle,Speeding (ขับรถเร็วเกินกำหนด),Normal Period (ช่วงเวลาปกติ),Level 3: Critical Blackspot (Red Zone),No,1,0,1,2,5427399.04,49.3,42.9
THA-2026-101833,2021,4,5,5,2021-04-05,Central,Chonburi,13.39688,101.05261,Rural Road (ทางหลวงชนบท),Department of Rural Roads (DRR - กรมทางหลวงชนบท),Motorcycle,Drunk driving (เมาแล้วขับ),Normal Period (ช่วงเวลาปกติ),Level 3: Critical Blackspot (Red Zone),No,1,1,0,2,4923281.4,50.3,72.7
THA-2020-101834,2023,1,11,2,2023-01-11,Central,Ayutthaya,14.3273,100.65949,National Highway (ทางหลวงแผ่นดิน),Department of Highways (DOH - กรมทางหลวง),Private Car,Cutting off abruptly (ตัดหน้ากระชั้นชิด),Normal Period (ช่วงเวลาปกติ),Level 3: Critical Blackspot (Red Zone),Yes,1,0,0,1,5695269.94,39.2,38.9
THA-2021-101835,2020,8,22,18,2020-08-22,Northeast,Ubon Ratchathani,15.28332,104.69981,Urban / City Road (ถนนในเมือง/ท้องถิ่น),Local Administration / BMA (อปท./กทม.),Motorcycle,Fatigue / Falling asleep (หลับใน),Normal Period (ช่วงเวลาปกติ),Level 1: Low Risk (Baseline Zone),Yes,0,0,1,1,75167.59,33.1,10.7
THA-2022-101836,2022,2,19,3,2022-02-19,Bangkok & Vicinity,Bangkok,13.92159,100.41559,National Highway (ทางหลวงแผ่นดิน),Department of Highways (DOH - กรมทางหลวง),Motorcycle,Drunk driving (เมาแล้วขับ),Normal Period (ช่วงเวลาปกติ),Level 2: Moderate Risk (Surveillance Zone),Yes,0,1,1,2,1039626.18,38.9,84.1
THA-2023-101837,2023,11,24,19,2023-11-24,North,Chiang Mai,18.96101,98.97111,National Highway (ทางหลวงแผ่นดิน),Department of Highways (DOH - กรมทางหลวง),Motorcycle,Speeding (ขับรถเร็วเกินกำหนด),Normal Period (ช่วงเวลาปกติ),Level 1: Low Risk (Baseline Zone),Yes,0,0,0,0,56193.75,50.7,58.2
THA-2024-101838,2020,1,7,22,2020-01-07,South,Phuket,7.84945,98.42823,National Highway (ทางหลวงแผ่นดิน),Department of Highways (DOH - กรมทางหลวง),Motorcycle,Fatigue / Falling asleep (หลับใน),Normal Period (ช่วงเวลาปกติ),Level 1: Low Risk (Baseline Zone),Yes,0,0,1,1,94062.08,39.9,30.7
THA-2025-101839,2022,7,2,2,2022-07-02,Bangkok & Vicinity,Nonthaburi,13.79922,100.34367,National Highway (ทางหลวงแผ่นดิน),Department of Highways (DOH - กรมทางหลวง),Private Car,Drunk driving (เมาแล้วขับ),Normal Period (ช่วงเวลาปกติ),Level 3: Critical Blackspot (Red Zone),No,1,0,0,1,6178731.18,54.7,98.0
THA-2026-101840,2026,12,16,7,2026-12-16,North,Chiang Mai,18.77846,99.01905,National Highway (ทางหลวงแผ่นดิน),Department of Highways (DOH - กรมทางหลวง),Private Car,Cutting off abruptly (ตัดหน้ากระชั้นชิด),Normal Period (ช่วงเวลาปกติ),Level 1: Low Risk (Baseline Zone),Yes,0,0,1,1,342313.83,28.1,12.2
THA-2020-101841,2026,10,12,7,2026-10-12,North,Phitsanulok,16.9595,100.15868,National Highway (ทางหลวงแผ่นดิน),Department of Highways (DOH - กรมทางหลวง),Motorcycle,Road defect / Slippery surface (ถนนชำรุด/ลื่น),Normal Period (ช่วงเวลาปกติ),Level 1: Low Risk (Baseline Zone),Yes,0,0,0,0,60652.06,39.8,40.1
THA-2021-101842,2022,9,23,6,2022-09-23,North,Phitsanulok,16.87332,100.25655,Urban / City Road (ถนนในเมือง/ท้องถิ่น),Local Administration / BMA (อปท./กทม.),Motorcycle,Road defect / Slippery surface (ถนนชำรุด/ลื่น),Normal Period (ช่วงเวลาปกติ),Level 3: Critical Blackspot (Red Zone),No,2,0,0,2,7591536.82,42.8,27.0
THA-2022-101843,2020,11,15,1,2020-11-15,Northeast,Khon Kaen,16.43517,102.91108,National Highway (ทางหลวงแผ่นดิน),Department of Highways (DOH - กรมทางหลวง),Motorcycle,Cutting off abruptly (ตัดหน้ากระชั้นชิด),Normal Period (ช่วงเวลาปกติ),Level 1: Low Risk (Baseline Zone),Yes,0,0,1,1,106360.75,73.6,23.8
THA-2023-101844,2021,12,1,20,2021-12-01,South,Surat Thani,9.09217,99.33658,Urban / City Road (ถนนในเมือง/ท้องถิ่น),Local Administration / BMA (อปท./กทม.),Motorcycle,Drunk driving (เมาแล้วขับ),Normal Period (ช่วงเวลาปกติ),Level 2: Moderate Risk (Surveillance Zone),No,0,2,1,3,2328121.29,37.3,79.2
THA-2024-101845,2022,12,25,5,2022-12-25,Bangkok & Vicinity,Nonthaburi,13.96019,100.60606,National Highway (ทางหลวงแผ่นดิน),Department of Highways (DOH - กรมทางหลวง),Public Bus/Van,Running red light / Signal violation (ฝ่าฝืนสัญญาณไฟ),Normal Period (ช่วงเวลาปกติ),Level 1: Low Risk (Baseline Zone),Yes,0,0,0,0,1226677.47,67.9,24.3
THA-2025-101846,2026,9,13,15,2026-09-13,Bangkok & Vicinity,Bangkok,13.64647,100.44664,Rural Road (ทางหลวงชนบท),Department of Rural Roads (DRR - กรมทางหลวงชนบท),Commercial Truck,Speeding (ขับรถเร็วเกินกำหนด),Normal Period (ช่วงเวลาปกติ),Level 2: Moderate Risk (Surveillance Zone),Yes,0,1,1,2,1997417.16,10.0,96.9
THA-2026-101847,2021,3,23,9,2021-03-23,Bangkok & Vicinity,Bangkok,13.74336,100.57505,Rural Road (ทางหลวงชนบท),Department of Rural Roads (DRR - กรมทางหลวงชนบท),Motorcycle,Speeding (ขับรถเร็วเกินกำหนด),Normal Period (ช่วงเวลาปกติ),Level 1: Low Risk (Baseline Zone),Yes,0,0,1,1,100581.24,58.6,52.6
THA-2020-101848,2025,6,6,3,2025-06-06,South,Phuket,7.85779,98.39975,Expressway (ทางพิเศษ),EXAT (การทางพิเศษแห่งประเทศไทย),Motorcycle,Speeding (ขับรถเร็วเกินกำหนด),Normal Period (ช่วงเวลาปกติ),Level 1: Low Risk (Baseline Zone),No,0,0,0,0,67424.13,40.2,20.9
THA-2021-101849,2020,7,13,12,2020-07-13,Northeast,Khon Kaen,16.54473,102.79312,Urban / City Road (ถนนในเมือง/ท้องถิ่น),Local Administration / BMA (อปท./กทม.),Public Bus/Van,Road defect / Slippery surface (ถนนชำรุด/ลื่น),Normal Period (ช่วงเวลาปกติ),Level 2: Moderate Risk (Surveillance Zone),Yes,0,1,1,2,1652506.48,14.3,10.0
THA-2022-101850,2026,10,18,9,2026-10-18,North,Chiang Mai,18.92088,98.84081,National Highway (ทางหลวงแผ่นดิน),Department of Highways (DOH - กรมทางหลวง),Motorcycle,Drunk driving (เมาแล้วขับ),Normal Period (ช่วงเวลาปกติ),Level 2: Moderate Risk (Surveillance Zone),No,0,1,2,3,1197782.17,41.9,86.2
THA-2023-101851,2022,9,3,20,2022-09-03,Central,Ayutthaya,14.31785,100.44554,Urban / City Road (ถนนในเมือง/ท้องถิ่น),Local Administration / BMA (อปท./กทม.),Motorcycle,Speeding (ขับรถเร็วเกินกำหนด),Normal Period (ช่วงเวลาปกติ),Level 3: Critical Blackspot (Red Zone),Yes,1,1,0,2,5547583.78,21.8,44.1
THA-2024-101852,2025,2,1,13,2025-02-01,Central,Saraburi,14.5394,100.97839,National Highway (ทางหลวงแผ่นดิน),Department of Highways (DOH - กรมทางหลวง),Private Car,Running red light / Signal violation (ฝ่าฝืนสัญญาณไฟ),Normal Period (ช่วงเวลาปกติ),Level 2: Moderate Risk (Surveillance Zone),Yes,0,2,2,4,1265877.99,44.3,62.3
THA-2025-101853,2022,8,15,8,2022-08-15,Central,Saraburi,14.51439,100.8681,Rural Road (ทางหลวงชนบท),Department of Rural Roads (DRR - กรมทางหลวงชนบท),Motorcycle,Drunk driving (เมาแล้วขับ),Normal Period (ช่วงเวลาปกติ),Level 2: Moderate Risk (Surveillance Zone),No,0,2,1,3,1968828.58,15.4,91.3
THA-2026-101854,2024,7,26,10,2024-07-26,South,Phuket,7.75803,98.54362,National Highway (ทางหลวงแผ่นดิน),Department of Highways (DOH - กรมทางหลวง),Motorcycle,Fatigue / Falling asleep (หลับใน),Normal Period (ช่วงเวลาปกติ),Level 1: Low Risk (Baseline Zone),No,0,0,1,1,133939.73,74.0,22.8
THA-2020-101855,2021,4,13,22,2021-04-13,Bangkok & Vicinity,Nonthaburi,13.86008,100.47271,National Highway (ทางหลวงแผ่นดิน),Department of Highways (DOH - กรมทางหลวง),Public Bus/Van,Speeding (ขับรถเร็วเกินกำหนด),Songkran Festival (เทศกาลสงกรานต์),Level 2: Moderate Risk (Surveillance Zone),Yes,0,1,1,2,1317822.91,75.4,73.5
THA-2021-101856,2021,2,5,17,2021-02-05,Central,Chonburi,13.50173,100.95302,National Highway (ทางหลวงแผ่นดิน),Department of Highways (DOH - กรมทางหลวง),Private Car,Cutting off abruptly (ตัดหน้ากระชั้นชิด),Normal Period (ช่วงเวลาปกติ),Level 1: Low Risk (Baseline Zone),No,0,0,0,0,334105.04,56.9,69.4
THA-2022-101857,2026,8,25,10,2026-08-25,North,Phitsanulok,16.73917,100.20197,Rural Road (ทางหลวงชนบท),Department of Rural Roads (DRR - กรมทางหลวงชนบท),Motorcycle,Drunk driving (เมาแล้วขับ),Normal Period (ช่วงเวลาปกติ),Level 2: Moderate Risk (Surveillance Zone),No,0,2,1,3,1560948.12,39.8,36.7
THA-2023-101858,2026,11,13,16,2026-11-13,Central,Saraburi,14.45175,100.81486,Rural Road (ทางหลวงชนบท),Department of Rural Roads (DRR - กรมทางหลวงชนบท),Motorcycle,Cutting off abruptly (ตัดหน้ากระชั้นชิด),Normal Period (ช่วงเวลาปกติ),Level 2: Moderate Risk (Surveillance Zone),Yes,0,1,2,3,678837.19,31.7,25.9
THA-2024-101859,2026,5,22,1,2026-05-22,Central,Chonburi,13.29869,101.20205,Urban / City Road (ถนนในเมือง/ท้องถิ่น),Local Administration / BMA (อปท./กทม.),Motorcycle,Drunk driving (เมาแล้วขับ),Normal Period (ช่วงเวลาปกติ),Level 1: Low Risk (Baseline Zone),Yes,0,0,1,1,81345.19,30.8,49.4
THA-2025-101860,2024,6,5,2,2024-06-05,Central,Chonburi,13.25762,100.85041,Rural Road (ทางหลวงชนบท),Department of Rural Roads (DRR - กรมทางหลวงชนบท),Private Car,Fatigue / Falling asleep (หลับใน),Normal Period (ช่วงเวลาปกติ),Level 2: Moderate Risk (Surveillance Zone),Yes,0,1,2,3,1541938.25,49.2,53.9
THA-2026-101861,2025,11,28,10,2025-11-28,Northeast,Ubon Ratchathani,15.26982,104.84046,National Highway (ทางหลวงแผ่นดิน),Department of Highways (DOH - กรมทางหลวง),Motorcycle,Speeding (ขับรถเร็วเกินกำหนด),Normal Period (ช่วงเวลาปกติ),Level 2: Moderate Risk (Surveillance Zone),Yes,0,1,2,3,1343115.16,53.8,66.3
THA-2020-101862,2020,7,19,17,2020-07-19,Bangkok & Vicinity,Bangkok,13.8157,100.45193,Urban / City Road (ถนนในเมือง/ท้องถิ่น),Local Administration / BMA (อปท./กทม.),Motorcycle,Fatigue / Falling asleep (หลับใน),Normal Period (ช่วงเวลาปกติ),Level 2: Moderate Risk (Surveillance Zone),Yes,0,2,2,4,2189943.72,49.7,27.1
THA-2021-101863,2022,10,21,2,2022-10-21,Northeast,Nakhon Ratchasima,14.90173,102.24843,Urban / City Road (ถนนในเมือง/ท้องถิ่น),Local Administration / BMA (อปท./กทม.),Public Bus/Van,Speeding (ขับรถเร็วเกินกำหนด),Normal Period (ช่วงเวลาปกติ),Level 1: Low Risk (Baseline Zone),Yes,0,0,1,1,533898.24,32.1,53.1
THA-2022-101864,2022,1,24,14,2022-01-24,South,Songkhla,7.03055,100.64675,Urban / City Road (ถนนในเมือง/ท้องถิ่น),Local Administration / BMA (อปท./กทม.),Motorcycle,Speeding (ขับรถเร็วเกินกำหนด),Normal Period (ช่วงเวลาปกติ),Level 2: Moderate Risk (Surveillance Zone),Yes,0,2,2,4,2292494.85,30.2,68.1
THA-2023-101865,2024,8,28,10,2024-08-28,South,Surat Thani,9.20033,99.39545,Rural Road (ทางหลวงชนบท),Department of Rural Roads (DRR - กรมทางหลวงชนบท),Motorcycle,Speeding (ขับรถเร็วเกินกำหนด),Normal Period (ช่วงเวลาปกติ),Level 1: Low Risk (Baseline Zone),Yes,0,0,1,1,133208.98,81.1,82.6
THA-2024-101866,2022,4,18,10,2022-04-18,Bangkok & Vicinity,Bangkok,13.729,100.38946,Urban / City Road (ถนนในเมือง/ท้องถิ่น),Local Administration / BMA (อปท./กทม.),Motorcycle,Speeding (ขับรถเร็วเกินกำหนด),Normal Period (ช่วงเวลาปกติ),Level 1: Low Risk (Baseline Zone),No,0,0,1,1,100283.58,47.2,93.6
THA-2025-101867,2021,9,21,19,2021-09-21,Bangkok & Vicinity,Bangkok,13.89126,100.4617,Urban / City Road (ถนนในเมือง/ท้องถิ่น),Local Administration / BMA (อปท./กทม.),Motorcycle,Speeding (ขับรถเร็วเกินกำหนด),Normal Period (ช่วงเวลาปกติ),Level 1: Low Risk (Baseline Zone),Yes,0,0,0,0,52916.38,35.4,47.9
THA-2026-101868,2024,1,22,10,2024-01-22,Bangkok & Vicinity,Bangkok,13.894,100.53493,National Highway (ทางหลวงแผ่นดิน),Department of Highways (DOH - กรมทางหลวง),Motorcycle,Fatigue / Falling asleep (หลับใน),Normal Period (ช่วงเวลาปกติ),Level 3: Critical Blackspot (Red Zone),No,1,1,1,3,5054581.29,42.5,28.5
THA-2020-101869,2025,11,10,18,2025-11-10,Central,Chonburi,13.31755,101.02011,National Highway (ทางหลวงแผ่นดิน),Department of Highways (DOH - กรมทางหลวง),Public Bus/Van,Drunk driving (เมาแล้วขับ),Normal Period (ช่วงเวลาปกติ),Level 2: Moderate Risk (Surveillance Zone),Yes,0,1,1,2,2155215.77,84.0,69.4
THA-2021-101870,2022,2,24,0,2022-02-24,Central,Ayutthaya,14.45677,100.57579,National Highway (ทางหลวงแผ่นดิน),Department of Highways (DOH - กรมทางหลวง),Commercial Truck,Cutting off abruptly (ตัดหน้ากระชั้นชิด),Normal Period (ช่วงเวลาปกติ),Level 2: Moderate Risk (Surveillance Zone),Yes,0,1,3,4,2028115.08,30.9,41.4
THA-2022-101871,2021,6,8,4,2021-06-08,Bangkok & Vicinity,Bangkok,13.68992,100.34092,National Highway (ทางหลวงแผ่นดิน),Department of Highways (DOH - กรมทางหลวง),Motorcycle,Drunk driving (เมาแล้วขับ),Normal Period (ช่วงเวลาปกติ),Level 1: Low Risk (Baseline Zone),Yes,0,0,1,1,146532.71,67.1,70.2
THA-2023-101872,2021,11,15,9,2021-11-15,Northeast,Nakhon Ratchasima,14.94172,102.17049,National Highway (ทางหลวงแผ่นดิน),Department of Highways (DOH - กรมทางหลวง),Motorcycle,Speeding (ขับรถเร็วเกินกำหนด),Normal Period (ช่วงเวลาปกติ),Level 2: Moderate Risk (Surveillance Zone),No,0,1,2,3,971219.11,54.2,45.9
THA-2024-101873,2021,10,21,9,2021-10-21,Central,Saraburi,14.43797,100.9721,Expressway (ทางพิเศษ),EXAT (การทางพิเศษแห่งประเทศไทย),Private Car,Speeding (ขับรถเร็วเกินกำหนด),Normal Period (ช่วงเวลาปกติ),Level 3: Critical Blackspot (Red Zone),No,1,0,0,1,5209899.19,35.5,81.0
THA-2025-101874,2022,11,25,13,2022-11-25,Central,Chonburi,13.36364,101.05179,National Highway (ทางหลวงแผ่นดิน),Department of Highways (DOH - กรมทางหลวง),Motorcycle,Drunk driving (เมาแล้วขับ),Normal Period (ช่วงเวลาปกติ),Level 2: Moderate Risk (Surveillance Zone),No,0,1,2,3,1370023.47,71.1,64.9
THA-2026-101875,2024,1,20,1,2024-01-20,Northeast,Nakhon Ratchasima,14.76937,101.96997,Urban / City Road (ถนนในเมือง/ท้องถิ่น),Local Administration / BMA (อปท./กทม.),Motorcycle,Drunk driving (เมาแล้วขับ),Normal Period (ช่วงเวลาปกติ),Level 3: Critical Blackspot (Red Zone),Yes,1,1,0,2,6749253.18,54.8,60.0
THA-2020-101876,2024,4,28,3,2024-04-28,Northeast,Khon Kaen,16.39057,102.99156,Rural Road (ทางหลวงชนบท),Department of Rural Roads (DRR - กรมทางหลวงชนบท),Public Bus/Van,Fatigue / Falling asleep (หลับใน),Normal Period (ช่วงเวลาปกติ),Level 1: Low Risk (Baseline Zone),Yes,0,0,1,1,944305.64,53.3,28.4
THA-2021-101877,2024,8,25,1,2024-08-25,Northeast,Nakhon Ratchasima,14.91202,102.08639,National Highway (ทางหลวงแผ่นดิน),Department of Highways (DOH - กรมทางหลวง),Motorcycle,Cutting off abruptly (ตัดหน้ากระชั้นชิด),Normal Period (ช่วงเวลาปกติ),Level 1: Low Risk (Baseline Zone),No,0,0,1,1,62427.47,36.5,30.7
THA-2022-101878,2022,10,27,17,2022-10-27,North,Chiang Mai,18.98187,99.02388,National Highway (ทางหลวงแผ่นดิน),Department of Highways (DOH - กรมทางหลวง),Motorcycle,Drunk driving (เมาแล้วขับ),Normal Period (ช่วงเวลาปกติ),Level 2: Moderate Risk (Surveillance Zone),Yes,0,1,1,2,682234.83,34.9,80.7
THA-2023-101879,2025,5,23,12,2025-05-23,Northeast,Nakhon Ratchasima,15.05727,102.03999,Rural Road (ทางหลวงชนบท),Department of Rural Roads (DRR - กรมทางหลวงชนบท),Motorcycle,Drunk driving (เมาแล้วขับ),Normal Period (ช่วงเวลาปกติ),Level 1: Low Risk (Baseline Zone),Yes,0,0,0,0,36964.72,62.5,59.0
THA-2024-101880,2021,9,22,18,2021-09-22,Northeast,Ubon Ratchathani,15.35091,104.96713,Rural Road (ทางหลวงชนบท),Department of Rural Roads (DRR - กรมทางหลวงชนบท),Motorcycle,Running red light / Signal violation (ฝ่าฝืนสัญญาณไฟ),Normal Period (ช่วงเวลาปกติ),Level 2: Moderate Risk (Surveillance Zone),Yes,0,1,1,2,758628.25,49.9,50.1
THA-2025-101881,2023,11,4,4,2023-11-04,Central,Saraburi,14.57404,100.90306,Expressway (ทางพิเศษ),EXAT (การทางพิเศษแห่งประเทศไทย),Motorcycle,Speeding (ขับรถเร็วเกินกำหนด),Normal Period (ช่วงเวลาปกติ),Level 1: Low Risk (Baseline Zone),Yes,0,0,1,1,91928.03,40.3,88.4
THA-2026-101882,2025,11,2,19,2025-11-02,Northeast,Khon Kaen,16.48255,102.67729,National Highway (ทางหลวงแผ่นดิน),Department of Highways (DOH - กรมทางหลวง),Motorcycle,Cutting off abruptly (ตัดหน้ากระชั้นชิด),Normal Period (ช่วงเวลาปกติ),Level 1: Low Risk (Baseline Zone),Yes,0,0,1,1,107670.46,51.9,54.9
THA-2020-101883,2021,6,24,1,2021-06-24,Central,Chonburi,13.45908,100.90828,Urban / City Road (ถนนในเมือง/ท้องถิ่น),Local Administration / BMA (อปท./กทม.),Motorcycle,Drunk driving (เมาแล้วขับ),Normal Period (ช่วงเวลาปกติ),Level 2: Moderate Risk (Surveillance Zone),No,0,1,1,2,990869.29,46.2,59.8
THA-2021-101884,2020,1,6,10,2020-01-06,Bangkok & Vicinity,Bangkok,13.73123,100.62038,National Highway (ทางหลวงแผ่นดิน),Department of Highways (DOH - กรมทางหลวง),Private Car,Running red light / Signal violation (ฝ่าฝืนสัญญาณไฟ),Normal Period (ช่วงเวลาปกติ),Level 2: Moderate Risk (Surveillance Zone),No,0,1,1,2,1452556.23,68.6,41.7
THA-2022-101885,2026,6,28,17,2026-06-28,North,Phitsanulok,16.91988,100.12,Rural Road (ทางหลวงชนบท),Department of Rural Roads (DRR - กรมทางหลวงชนบท),Motorcycle,Speeding (ขับรถเร็วเกินกำหนด),Normal Period (ช่วงเวลาปกติ),Level 3: Critical Blackspot (Red Zone),No,1,1,1,3,6036221.89,21.9,73.3
THA-2023-101886,2022,6,3,5,2022-06-03,Bangkok & Vicinity,Bangkok,13.67104,100.55941,Rural Road (ทางหลวงชนบท),Department of Rural Roads (DRR - กรมทางหลวงชนบท),Motorcycle,Cutting off abruptly (ตัดหน้ากระชั้นชิด),Normal Period (ช่วงเวลาปกติ),Level 1: Low Risk (Baseline Zone),No,0,0,1,1,117708.33,34.5,33.7
THA-2024-101887,2024,6,7,22,2024-06-07,Bangkok & Vicinity,Nonthaburi,13.70555,100.64114,National Highway (ทางหลวงแผ่นดิน),Department of Highways (DOH - กรมทางหลวง),Private Car,Speeding (ขับรถเร็วเกินกำหนด),Normal Period (ช่วงเวลาปกติ),Level 2: Moderate Risk (Surveillance Zone),No,0,1,3,4,991573.11,39.9,86.5
THA-2025-101888,2020,8,10,9,2020-08-10,Central,Chonburi,13.37171,101.11186,National Highway (ทางหลวงแผ่นดิน),Department of Highways (DOH - กรมทางหลวง),Commercial Truck,Cutting off abruptly (ตัดหน้ากระชั้นชิด),Normal Period (ช่วงเวลาปกติ),Level 1: Low Risk (Baseline Zone),No,0,0,0,0,739809.35,44.6,49.0
THA-2026-101889,2024,6,23,21,2024-06-23,South,Songkhla,7.10856,100.55524,National Highway (ทางหลวงแผ่นดิน),Department of Highways (DOH - กรมทางหลวง),Motorcycle,Speeding (ขับรถเร็วเกินกำหนด),Normal Period (ช่วงเวลาปกติ),Level 2: Moderate Risk (Surveillance Zone),Yes,0,1,2,3,689799.3,43.5,64.0
THA-2020-101890,2022,5,6,22,2022-05-06,Bangkok & Vicinity,Bangkok,13.84937,100.47513,National Highway (ทางหลวงแผ่นดิน),Department of Highways (DOH - กรมทางหลวง),Motorcycle,Speeding (ขับรถเร็วเกินกำหนด),Normal Period (ช่วงเวลาปกติ),Level 1: Low Risk (Baseline Zone),Yes,0,0,1,1,101004.94,69.7,61.7
THA-2021-101891,2020,11,16,16,2020-11-16,North,Chiang Rai,19.79882,99.89113,Urban / City Road (ถนนในเมือง/ท้องถิ่น),Local Administration / BMA (อปท./กทม.),Motorcycle,Cutting off abruptly (ตัดหน้ากระชั้นชิด),Normal Period (ช่วงเวลาปกติ),Level 1: Low Risk (Baseline Zone),Yes,0,0,1,1,145482.36,32.2,36.8
THA-2022-101892,2024,2,2,21,2024-02-02,Central,Ayutthaya,14.20989,100.69819,National Highway (ทางหลวงแผ่นดิน),Department of Highways (DOH - กรมทางหลวง),Private Car,Speeding (ขับรถเร็วเกินกำหนด),Normal Period (ช่วงเวลาปกติ),Level 1: Low Risk (Baseline Zone),Yes,0,0,0,0,136221.87,28.4,78.2
THA-2023-101893,2021,4,24,10,2021-04-24,Bangkok & Vicinity,Bangkok,13.77288,100.42173,Rural Road (ทางหลวงชนบท),Department of Rural Roads (DRR - กรมทางหลวงชนบท),Motorcycle,Speeding (ขับรถเร็วเกินกำหนด),Normal Period (ช่วงเวลาปกติ),Level 1: Low Risk (Baseline Zone),Yes,0,0,1,1,95844.33,33.2,67.1
THA-2024-101894,2022,10,17,18,2022-10-17,Northeast,Nakhon Ratchasima,15.08297,102.20245,National Highway (ทางหลวงแผ่นดิน),Department of Highways (DOH - กรมทางหลวง),Motorcycle,Speeding (ขับรถเร็วเกินกำหนด),Normal Period (ช่วงเวลาปกติ),Level 3: Critical Blackspot (Red Zone),No,1,0,0,1,5129066.22,57.1,98.0
THA-2025-101895,2020,5,13,16,2020-05-13,Central,Chonburi,13.36144,101.18949,Urban / City Road (ถนนในเมือง/ท้องถิ่น),Local Administration / BMA (อปท./กทม.),Motorcycle,Speeding (ขับรถเร็วเกินกำหนด),Normal Period (ช่วงเวลาปกติ),Level 3: Critical Blackspot (Red Zone),Yes,1,0,0,1,3757034.81,43.4,51.5
THA-2026-101896,2021,10,1,23,2021-10-01,Northeast,Khon Kaen,16.63491,102.8527,Urban / City Road (ถนนในเมือง/ท้องถิ่น),Local Administration / BMA (อปท./กทม.),Motorcycle,Running red light / Signal violation (ฝ่าฝืนสัญญาณไฟ),Normal Period (ช่วงเวลาปกติ),Level 2: Moderate Risk (Surveillance Zone),No,0,1,2,3,991443.14,50.5,34.3
THA-2020-101897,2022,4,6,3,2022-04-06,Bangkok & Vicinity,Bangkok,13.85219,100.61959,Urban / City Road (ถนนในเมือง/ท้องถิ่น),Local Administration / BMA (อปท./กทม.),Motorcycle,Cutting off abruptly (ตัดหน้ากระชั้นชิด),Normal Period (ช่วงเวลาปกติ),Level 1: Low Risk (Baseline Zone),Yes,0,0,1,1,86775.75,46.9,66.3
THA-2021-101898,2020,2,5,23,2020-02-05,North,Chiang Mai,18.68616,99.0111,Rural Road (ทางหลวงชนบท),Department of Rural Roads (DRR - กรมทางหลวงชนบท),Motorcycle,Fatigue / Falling asleep (หลับใน),Normal Period (ช่วงเวลาปกติ),Level 2: Moderate Risk (Surveillance Zone),No,0,1,1,2,611847.9,39.2,28.3
THA-2022-101899,2026,7,25,13,2026-07-25,Central,Chonburi,13.29973,100.91064,National Highway (ทางหลวงแผ่นดิน),Department of Highways (DOH - กรมทางหลวง),Commercial Truck,Cutting off abruptly (ตัดหน้ากระชั้นชิด),Normal Period (ช่วงเวลาปกติ),Level 1: Low Risk (Baseline Zone),Yes,0,0,1,1,486982.14,94.4,36.3
THA-2023-101900,2020,10,13,19,2020-10-13,Northeast,Nakhon Ratchasima,14.99084,102.11551,Urban / City Road (ถนนในเมือง/ท้องถิ่น),Local Administration / BMA (อปท./กทม.),Private Car,Road defect / Slippery surface (ถนนชำรุด/ลื่น),Normal Period (ช่วงเวลาปกติ),Level 1: Low Risk (Baseline Zone),No,0,0,1,1,302058.51,71.5,35.7
THA-2024-101901,2023,10,28,3,2023-10-28,Bangkok & Vicinity,Bangkok,13.61122,100.53273,National Highway (ทางหลวงแผ่นดิน),Department of Highways (DOH - กรมทางหลวง),Motorcycle,Cutting off abruptly (ตัดหน้ากระชั้นชิด),Normal Period (ช่วงเวลาปกติ),Level 2: Moderate Risk (Surveillance Zone),No,0,1,1,2,1182499.37,57.4,30.2
THA-2025-101902,2021,2,23,13,2021-02-23,Central,Chonburi,13.33851,101.11051,National Highway (ทางหลวงแผ่นดิน),Department of Highways (DOH - กรมทางหลวง),Motorcycle,Cutting off abruptly (ตัดหน้ากระชั้นชิด),Normal Period (ช่วงเวลาปกติ),Level 1: Low Risk (Baseline Zone),No,0,0,0,0,67018.14,77.9,43.0
THA-2026-101903,2022,1,18,3,2022-01-18,Bangkok & Vicinity,Bangkok,13.86094,100.42476,National Highway (ทางหลวงแผ่นดิน),Department of Highways (DOH - กรมทางหลวง),Motorcycle,Cutting off abruptly (ตัดหน้ากระชั้นชิด),Normal Period (ช่วงเวลาปกติ),Level 1: Low Risk (Baseline Zone),No,0,0,1,1,112350.42,53.9,36.6
THA-2020-101904,2026,5,12,5,2026-05-12,Central,Chonburi,13.47925,101.03294,Rural Road (ทางหลวงชนบท),Department of Rural Roads (DRR - กรมทางหลวงชนบท),Motorcycle,Drunk driving (เมาแล้วขับ),Normal Period (ช่วงเวลาปกติ),Level 1: Low Risk (Baseline Zone),No,0,0,1,1,128202.11,21.8,58.7
THA-2021-101905,2021,12,7,8,2021-12-07,Bangkok & Vicinity,Bangkok,13.73665,100.4557,Rural Road (ทางหลวงชนบท),Department of Rural Roads (DRR - กรมทางหลวงชนบท),Commercial Truck,Cutting off abruptly (ตัดหน้ากระชั้นชิด),Normal Period (ช่วงเวลาปกติ),Level 1: Low Risk (Baseline Zone),Yes,0,0,1,1,726020.64,63.1,47.5
THA-2022-101906,2026,1,15,20,2026-01-15,South,Surat Thani,9.03491,99.21188,Rural Road (ทางหลวงชนบท),Department of Rural Roads (DRR - กรมทางหลวงชนบท),Public Bus/Van,Speeding (ขับรถเร็วเกินกำหนด),Normal Period (ช่วงเวลาปกติ),Level 1: Low Risk (Baseline Zone),Yes,0,0,0,0,1267983.71,26.0,86.3
THA-2023-101907,2021,1,3,11,2021-01-03,North,Chiang Mai,18.62386,98.98718,National Highway (ทางหลวงแผ่นดิน),Department of Highways (DOH - กรมทางหลวง),Motorcycle,Speeding (ขับรถเร็วเกินกำหนด),New Year Festival (เทศกาลปีใหม่),Level 1: Low Risk (Baseline Zone),Yes,0,0,0,0,51998.6,45.2,83.4
THA-2024-101908,2025,1,16,7,2025-01-16,North,Chiang Mai,18.6029,98.90731,National Highway (ทางหลวงแผ่นดิน),Department of Highways (DOH - กรมทางหลวง),Motorcycle,Drunk driving (เมาแล้วขับ),Normal Period (ช่วงเวลาปกติ),Level 3: Critical Blackspot (Red Zone),Yes,1,1,1,3,5472250.0,42.8,81.6
THA-2025-101909,2023,6,1,23,2023-06-01,Bangkok & Vicinity,Bangkok,13.81542,100.63619,Urban / City Road (ถนนในเมือง/ท้องถิ่น),Local Administration / BMA (อปท./กทม.),Motorcycle,Cutting off abruptly (ตัดหน้ากระชั้นชิด),Normal Period (ช่วงเวลาปกติ),Level 2: Moderate Risk (Surveillance Zone),Yes,0,1,1,2,1131060.7,45.8,40.9
THA-2026-101910,2026,9,27,3,2026-09-27,North,Chiang Mai,18.68494,99.04016,Rural Road (ทางหลวงชนบท),Department of Rural Roads (DRR - กรมทางหลวงชนบท),Private Car,Speeding (ขับรถเร็วเกินกำหนด),Normal Period (ช่วงเวลาปกติ),Level 1: Low Risk (Baseline Zone),No,0,0,1,1,184920.3,32.7,71.4
THA-2020-101911,2023,10,16,4,2023-10-16,Central,Saraburi,14.50103,100.86434,National Highway (ทางหลวงแผ่นดิน),Department of Highways (DOH - กรมทางหลวง),Private Car,Cutting off abruptly (ตัดหน้ากระชั้นชิด),Normal Period (ช่วงเวลาปกติ),Level 1: Low Risk (Baseline Zone),Yes,0,0,0,0,222076.49,56.5,12.2
THA-2021-101912,2023,11,24,5,2023-11-24,South,Songkhla,7.18952,100.55536,Rural Road (ทางหลวงชนบท),Department of Rural Roads (DRR - กรมทางหลวงชนบท),Commercial Truck,Cutting off abruptly (ตัดหน้ากระชั้นชิด),Normal Period (ช่วงเวลาปกติ),Level 2: Moderate Risk (Surveillance Zone),Yes,0,1,2,3,1271098.61,43.6,36.2
THA-2022-101913,2021,12,12,4,2021-12-12,North,Chiang Mai,18.78072,98.99168,National Highway (ทางหลวงแผ่นดิน),Department of Highways (DOH - กรมทางหลวง),Private Car,Fatigue / Falling asleep (หลับใน),Normal Period (ช่วงเวลาปกติ),Level 2: Moderate Risk (Surveillance Zone),Yes,0,1,1,2,1508788.33,73.5,45.1
THA-2023-101914,2021,1,19,18,2021-01-19,North,Phitsanulok,16.92555,100.38987,National Highway (ทางหลวงแผ่นดิน),Department of Highways (DOH - กรมทางหลวง),Motorcycle,Speeding (ขับรถเร็วเกินกำหนด),Normal Period (ช่วงเวลาปกติ),Level 1: Low Risk (Baseline Zone),Yes,0,0,0,0,37991.68,53.7,90.5
THA-2024-101915,2026,5,27,7,2026-05-27,Central,Chonburi,13.30723,100.96041,National Highway (ทางหลวงแผ่นดิน),Department of Highways (DOH - กรมทางหลวง),Private Car,Speeding (ขับรถเร็วเกินกำหนด),Normal Period (ช่วงเวลาปกติ),Level 1: Low Risk (Baseline Zone),Yes,0,0,1,1,457766.6,47.5,79.3
THA-2025-101916,2022,9,8,8,2022-09-08,South,Phuket,7.95278,98.37601,National Highway (ทางหลวงแผ่นดิน),Department of Highways (DOH - กรมทางหลวง),Private Car,Fatigue / Falling asleep (หลับใน),Normal Period (ช่วงเวลาปกติ),Level 2: Moderate Risk (Surveillance Zone),Yes,0,2,1,3,1669410.09,43.6,33.5
THA-2026-101917,2022,9,23,14,2022-09-23,Northeast,Khon Kaen,16.49649,102.9048,National Highway (ทางหลวงแผ่นดิน),Department of Highways (DOH - กรมทางหลวง),Motorcycle,Drunk driving (เมาแล้วขับ),Normal Period (ช่วงเวลาปกติ),Level 2: Moderate Risk (Surveillance Zone),Yes,0,2,3,5,2525446.84,32.6,67.5
THA-2020-101918,2025,1,12,3,2025-01-12,North,Chiang Rai,20.00223,99.8485,Urban / City Road (ถนนในเมือง/ท้องถิ่น),Local Administration / BMA (อปท./กทม.),Motorcycle,Speeding (ขับรถเร็วเกินกำหนด),Normal Period (ช่วงเวลาปกติ),Level 1: Low Risk (Baseline Zone),No,0,0,1,1,118409.57,42.7,54.2
THA-2021-101919,2022,8,15,8,2022-08-15,North,Chiang Rai,19.80579,99.82549,Rural Road (ทางหลวงชนบท),Department of Rural Roads (DRR - กรมทางหลวงชนบท),Private Car,Fatigue / Falling asleep (หลับใน),Normal Period (ช่วงเวลาปกติ),Level 2: Moderate Risk (Surveillance Zone),Yes,0,1,3,4,1260558.33,44.5,25.9
THA-2022-101920,2026,1,2,6,2026-01-02,Northeast,Ubon Ratchathani,15.19914,104.91724,Rural Road (ทางหลวงชนบท),Department of Rural Roads (DRR - กรมทางหลวงชนบท),Private Car,Cutting off abruptly (ตัดหน้ากระชั้นชิด),New Year Festival (เทศกาลปีใหม่),Level 2: Moderate Risk (Surveillance Zone),Yes,0,1,2,3,1290323.26,68.7,41.3
THA-2023-101921,2025,8,17,7,2025-08-17,Bangkok & Vicinity,Bangkok,13.89359,100.64163,Rural Road (ทางหลวงชนบท),Department of Rural Roads (DRR - กรมทางหลวงชนบท),Private Car,Cutting off abruptly (ตัดหน้ากระชั้นชิด),Normal Period (ช่วงเวลาปกติ),Level 1: Low Risk (Baseline Zone),Yes,0,0,1,1,256401.21,55.9,34.6
THA-2024-101922,2024,1,7,14,2024-01-07,Northeast,Khon Kaen,16.5119,102.73947,Expressway (ทางพิเศษ),EXAT (การทางพิเศษแห่งประเทศไทย),Private Car,Running red light / Signal violation (ฝ่าฝืนสัญญาณไฟ),Normal Period (ช่วงเวลาปกติ),Level 2: Moderate Risk (Surveillance Zone),No,0,1,3,4,1378640.08,75.2,28.2
THA-2025-101923,2026,12,13,18,2026-12-13,North,Chiang Mai,18.91458,99.02369,National Highway (ทางหลวงแผ่นดิน),Department of Highways (DOH - กรมทางหลวง),Private Car,Road defect / Slippery surface (ถนนชำรุด/ลื่น),Normal Period (ช่วงเวลาปกติ),Level 2: Moderate Risk (Surveillance Zone),Yes,0,1,1,2,890734.52,35.4,37.2
THA-2026-101924,2020,5,1,14,2020-05-01,Central,Chonburi,13.28687,101.06227,Urban / City Road (ถนนในเมือง/ท้องถิ่น),Local Administration / BMA (อปท./กทม.),Private Car,Speeding (ขับรถเร็วเกินกำหนด),Normal Period (ช่วงเวลาปกติ),Level 2: Moderate Risk (Surveillance Zone),Yes,0,1,2,3,654464.26,46.8,89.8
THA-2020-101925,2022,8,6,4,2022-08-06,Bangkok & Vicinity,Bangkok,13.73641,100.32634,Rural Road (ทางหลวงชนบท),Department of Rural Roads (DRR - กรมทางหลวงชนบท),Motorcycle,Speeding (ขับรถเร็วเกินกำหนด),Normal Period (ช่วงเวลาปกติ),Level 3: Critical Blackspot (Red Zone),Yes,1,0,0,1,4154207.13,29.4,50.0
THA-2021-101926,2023,6,13,18,2023-06-13,Northeast,Khon Kaen,16.34397,102.81772,National Highway (ทางหลวงแผ่นดิน),Department of Highways (DOH - กรมทางหลวง),Private Car,Speeding (ขับรถเร็วเกินกำหนด),Normal Period (ช่วงเวลาปกติ),Level 3: Critical Blackspot (Red Zone),Yes,1,1,0,2,5791947.61,44.0,69.8
THA-2022-101927,2021,9,11,6,2021-09-11,Northeast,Nakhon Ratchasima,14.97047,102.00195,National Highway (ทางหลวงแผ่นดิน),Department of Highways (DOH - กรมทางหลวง),Motorcycle,Speeding (ขับรถเร็วเกินกำหนด),Normal Period (ช่วงเวลาปกติ),Level 1: Low Risk (Baseline Zone),Yes,0,0,1,1,142379.03,52.3,55.1
THA-2023-101928,2025,1,10,5,2025-01-10,Northeast,Khon Kaen,16.4998,102.87038,Rural Road (ทางหลวงชนบท),Department of Rural Roads (DRR - กรมทางหลวงชนบท),Motorcycle,Speeding (ขับรถเร็วเกินกำหนด),Normal Period (ช่วงเวลาปกติ),Level 3: Critical Blackspot (Red Zone),Yes,1,0,0,1,4368942.7,34.8,57.7
THA-2024-101929,2026,9,16,18,2026-09-16,Bangkok & Vicinity,Bangkok,13.62708,100.73881,Rural Road (ทางหลวงชนบท),Department of Rural Roads (DRR - กรมทางหลวงชนบท),Motorcycle,Cutting off abruptly (ตัดหน้ากระชั้นชิด),Normal Period (ช่วงเวลาปกติ),Level 2: Moderate Risk (Surveillance Zone),Yes,0,1,2,3,906252.28,50.1,16.8
THA-2025-101930,2023,1,27,16,2023-01-27,Northeast,Nakhon Ratchasima,14.87059,102.0566,National Highway (ทางหลวงแผ่นดิน),Department of Highways (DOH - กรมทางหลวง),Private Car,Road defect / Slippery surface (ถนนชำรุด/ลื่น),Normal Period (ช่วงเวลาปกติ),Level 1: Low Risk (Baseline Zone),Yes,0,0,1,1,351548.52,38.2,61.8
THA-2026-101931,2022,10,26,9,2022-10-26,Northeast,Nakhon Ratchasima,15.01369,102.05689,Rural Road (ทางหลวงชนบท),Department of Rural Roads (DRR - กรมทางหลวงชนบท),Private Car,Road defect / Slippery surface (ถนนชำรุด/ลื่น),Normal Period (ช่วงเวลาปกติ),Level 2: Moderate Risk (Surveillance Zone),Yes,0,2,3,5,2507595.63,85.3,38.0
THA-2020-101932,2026,10,24,18,2026-10-24,Northeast,Nakhon Ratchasima,15.11078,102.08202,Rural Road (ทางหลวงชนบท),Department of Rural Roads (DRR - กรมทางหลวงชนบท),Public Bus/Van,Cutting off abruptly (ตัดหน้ากระชั้นชิด),Normal Period (ช่วงเวลาปกติ),Level 1: Low Risk (Baseline Zone),Yes,0,0,1,1,778206.22,45.8,47.5
THA-2021-101933,2023,3,23,10,2023-03-23,Northeast,Khon Kaen,16.34925,102.87891,National Highway (ทางหลวงแผ่นดิน),Department of Highways (DOH - กรมทางหลวง),Motorcycle,Cutting off abruptly (ตัดหน้ากระชั้นชิด),Normal Period (ช่วงเวลาปกติ),Level 3: Critical Blackspot (Red Zone),Yes,2,1,1,4,10531698.89,80.4,41.1
THA-2022-101934,2023,1,20,14,2023-01-20,Northeast,Ubon Ratchathani,14.98385,104.89534,Urban / City Road (ถนนในเมือง/ท้องถิ่น),Local Administration / BMA (อปท./กทม.),Motorcycle,Speeding (ขับรถเร็วเกินกำหนด),Normal Period (ช่วงเวลาปกติ),Level 1: Low Risk (Baseline Zone),Yes,0,0,0,0,78471.23,56.2,67.3
THA-2023-101935,2022,3,17,9,2022-03-17,Central,Ayutthaya,14.46929,100.3608,Urban / City Road (ถนนในเมือง/ท้องถิ่น),Local Administration / BMA (อปท./กทม.),Motorcycle,Speeding (ขับรถเร็วเกินกำหนด),Normal Period (ช่วงเวลาปกติ),Level 1: Low Risk (Baseline Zone),No,0,0,1,1,96604.02,38.8,43.0
THA-2024-101936,2026,12,17,10,2026-12-17,Bangkok & Vicinity,Nonthaburi,13.82574,100.36524,National Highway (ทางหลวงแผ่นดิน),Department of Highways (DOH - กรมทางหลวง),Motorcycle,Speeding (ขับรถเร็วเกินกำหนด),Normal Period (ช่วงเวลาปกติ),Level 3: Critical Blackspot (Red Zone),No,1,0,1,2,4355321.96,64.6,36.1
THA-2025-101937,2024,11,4,22,2024-11-04,Central,Ayutthaya,14.35438,100.77032,Expressway (ทางพิเศษ),EXAT (การทางพิเศษแห่งประเทศไทย),Private Car,Drunk driving (เมาแล้วขับ),Normal Period (ช่วงเวลาปกติ),Level 1: Low Risk (Baseline Zone),Yes,0,0,1,1,237828.69,32.8,70.4
THA-2026-101938,2025,2,5,2,2025-02-05,Northeast,Nakhon Ratchasima,15.00053,102.07813,National Highway (ทางหลวงแผ่นดิน),Department of Highways (DOH - กรมทางหลวง),Motorcycle,Speeding (ขับรถเร็วเกินกำหนด),Normal Period (ช่วงเวลาปกติ),Level 1: Low Risk (Baseline Zone),No,0,0,1,1,61949.89,64.8,69.2
THA-2020-101939,2025,2,28,2,2025-02-28,Bangkok & Vicinity,Bangkok,13.50211,100.40225,National Highway (ทางหลวงแผ่นดิน),Department of Highways (DOH - กรมทางหลวง),Private Car,Fatigue / Falling asleep (หลับใน),Normal Period (ช่วงเวลาปกติ),Level 1: Low Risk (Baseline Zone),Yes,0,0,0,0,185706.77,55.7,10.0
THA-2021-101940,2022,9,23,17,2022-09-23,Bangkok & Vicinity,Bangkok,13.74433,100.51018,National Highway (ทางหลวงแผ่นดิน),Department of Highways (DOH - กรมทางหลวง),Private Car,Drunk driving (เมาแล้วขับ),Normal Period (ช่วงเวลาปกติ),Level 2: Moderate Risk (Surveillance Zone),Yes,0,1,2,3,1275985.5,68.6,88.0
THA-2022-101941,2023,8,14,10,2023-08-14,North,Chiang Mai,18.81918,99.05443,Rural Road (ทางหลวงชนบท),Department of Rural Roads (DRR - กรมทางหลวงชนบท),Motorcycle,Speeding (ขับรถเร็วเกินกำหนด),Normal Period (ช่วงเวลาปกติ),Level 2: Moderate Risk (Surveillance Zone),No,0,1,1,2,1108481.17,33.2,64.4
THA-2023-101942,2025,1,20,19,2025-01-20,Central,Chonburi,13.27959,100.98831,Rural Road (ทางหลวงชนบท),Department of Rural Roads (DRR - กรมทางหลวงชนบท),Commercial Truck,Speeding (ขับรถเร็วเกินกำหนด),Normal Period (ช่วงเวลาปกติ),Level 3: Critical Blackspot (Red Zone),No,1,0,0,1,4773630.56,75.1,69.8
THA-2024-101943,2022,12,10,21,2022-12-10,Central,Chonburi,13.31643,100.90025,National Highway (ทางหลวงแผ่นดิน),Department of Highways (DOH - กรมทางหลวง),Motorcycle,Drunk driving (เมาแล้วขับ),Normal Period (ช่วงเวลาปกติ),Level 2: Moderate Risk (Surveillance Zone),No,0,2,3,5,2230691.86,41.8,73.9
THA-2025-101944,2025,4,14,17,2025-04-14,Central,Chonburi,13.28263,101.03338,National Highway (ทางหลวงแผ่นดิน),Department of Highways (DOH - กรมทางหลวง),Motorcycle,Road defect / Slippery surface (ถนนชำรุด/ลื่น),Songkran Festival (เทศกาลสงกรานต์),Level 3: Critical Blackspot (Red Zone),Yes,1,1,0,2,6101393.57,66.7,46.2
THA-2026-101945,2026,1,28,14,2026-01-28,Northeast,Nakhon Ratchasima,14.74912,101.93084,National Highway (ทางหลวงแผ่นดิน),Department of Highways (DOH - กรมทางหลวง),Commercial Truck,Drunk driving (เมาแล้วขับ),Normal Period (ช่วงเวลาปกติ),Level 2: Moderate Risk (Surveillance Zone),Yes,0,1,1,2,1431845.74,74.8,48.2
THA-2020-101946,2024,1,1,6,2024-01-01,North,Phitsanulok,17.10615,100.20609,Urban / City Road (ถนนในเมือง/ท้องถิ่น),Local Administration / BMA (อปท./กทม.),Commercial Truck,Speeding (ขับรถเร็วเกินกำหนด),New Year Festival (เทศกาลปีใหม่),Level 3: Critical Blackspot (Red Zone),No,1,1,1,3,7075521.03,59.2,79.1
THA-2021-101947,2025,12,11,9,2025-12-11,Bangkok & Vicinity,Bangkok,13.8885,100.49598,Urban / City Road (ถนนในเมือง/ท้องถิ่น),Local Administration / BMA (อปท./กทม.),Motorcycle,Cutting off abruptly (ตัดหน้ากระชั้นชิด),Normal Period (ช่วงเวลาปกติ),Level 2: Moderate Risk (Surveillance Zone),Yes,0,2,1,3,1595348.99,24.9,51.5
THA-2022-101948,2025,12,26,20,2025-12-26,North,Chiang Mai,18.73776,99.04445,Rural Road (ทางหลวงชนบท),Department of Rural Roads (DRR - กรมทางหลวงชนบท),Motorcycle,Speeding (ขับรถเร็วเกินกำหนด),Normal Period (ช่วงเวลาปกติ),Level 3: Critical Blackspot (Red Zone),No,1,0,1,2,5248692.44,58.5,66.9
THA-2023-101949,2025,4,23,22,2025-04-23,North,Phitsanulok,16.82835,100.24978,Rural Road (ทางหลวงชนบท),Department of Rural Roads (DRR - กรมทางหลวงชนบท),Motorcycle,Running red light / Signal violation (ฝ่าฝืนสัญญาณไฟ),Normal Period (ช่วงเวลาปกติ),Level 1: Low Risk (Baseline Zone),Yes,0,0,0,0,89851.31,30.4,36.9
THA-2024-101950,2022,2,18,19,2022-02-18,Bangkok & Vicinity,Bangkok,13.75234,100.53726,Rural Road (ทางหลวงชนบท),Department of Rural Roads (DRR - กรมทางหลวงชนบท),Motorcycle,Drunk driving (เมาแล้วขับ),Normal Period (ช่วงเวลาปกติ),Level 1: Low Risk (Baseline Zone),No,0,0,1,1,64769.58,55.2,69.5
THA-2025-101951,2020,3,16,9,2020-03-16,Bangkok & Vicinity,Nonthaburi,13.80016,100.47003,National Highway (ทางหลวงแผ่นดิน),Department of Highways (DOH - กรมทางหลวง),Public Bus/Van,Drunk driving (เมาแล้วขับ),Normal Period (ช่วงเวลาปกติ),Level 1: Low Risk (Baseline Zone),Yes,0,0,1,1,816322.09,31.7,70.7
THA-2026-101952,2023,11,27,12,2023-11-27,Northeast,Khon Kaen,16.34422,102.71493,National Highway (ทางหลวงแผ่นดิน),Department of Highways (DOH - กรมทางหลวง),Private Car,Cutting off abruptly (ตัดหน้ากระชั้นชิด),Normal Period (ช่วงเวลาปกติ),Level 2: Moderate Risk (Surveillance Zone),Yes,0,1,2,3,1365657.63,46.9,63.2
THA-2020-101953,2024,9,18,14,2024-09-18,Central,Chonburi,13.52761,100.90314,Rural Road (ทางหลวงชนบท),Department of Rural Roads (DRR - กรมทางหลวงชนบท),Motorcycle,Drunk driving (เมาแล้วขับ),Normal Period (ช่วงเวลาปกติ),Level 3: Critical Blackspot (Red Zone),Yes,1,0,0,1,6015591.24,44.2,57.9
THA-2021-101954,2023,2,8,22,2023-02-08,South,Songkhla,7.26547,100.58228,Rural Road (ทางหลวงชนบท),Department of Rural Roads (DRR - กรมทางหลวงชนบท),Commercial Truck,Speeding (ขับรถเร็วเกินกำหนด),Normal Period (ช่วงเวลาปกติ),Level 1: Low Risk (Baseline Zone),Yes,0,0,0,0,1026642.26,46.5,56.7
THA-2022-101955,2025,4,28,17,2025-04-28,South,Surat Thani,9.18684,99.32133,National Highway (ทางหลวงแผ่นดิน),Department of Highways (DOH - กรมทางหลวง),Motorcycle,Speeding (ขับรถเร็วเกินกำหนด),Normal Period (ช่วงเวลาปกติ),Level 2: Moderate Risk (Surveillance Zone),No,0,1,2,3,1305165.26,48.7,63.5
THA-2023-101956,2022,1,10,22,2022-01-10,Northeast,Khon Kaen,16.27098,102.82621,Expressway (ทางพิเศษ),EXAT (การทางพิเศษแห่งประเทศไทย),Motorcycle,Cutting off abruptly (ตัดหน้ากระชั้นชิด),Normal Period (ช่วงเวลาปกติ),Level 2: Moderate Risk (Surveillance Zone),Yes,0,1,2,3,1175849.83,30.0,10.8
THA-2024-101957,2024,2,26,3,2024-02-26,North,Chiang Rai,19.96502,99.75465,Urban / City Road (ถนนในเมือง/ท้องถิ่น),Local Administration / BMA (อปท./กทม.),Public Bus/Van,Road defect / Slippery surface (ถนนชำรุด/ลื่น),Normal Period (ช่วงเวลาปกติ),Level 2: Moderate Risk (Surveillance Zone),Yes,0,1,1,2,1794588.56,34.2,14.4
THA-2025-101958,2021,5,10,19,2021-05-10,Northeast,Khon Kaen,16.64115,102.8967,National Highway (ทางหลวงแผ่นดิน),Department of Highways (DOH - กรมทางหลวง),Commercial Truck,Drunk driving (เมาแล้วขับ),Normal Period (ช่วงเวลาปกติ),Level 2: Moderate Risk (Surveillance Zone),Yes,0,2,1,3,2497588.32,56.7,64.6
THA-2026-101959,2025,10,5,16,2025-10-05,Central,Chonburi,13.43499,101.06815,Rural Road (ทางหลวงชนบท),Department of Rural Roads (DRR - กรมทางหลวงชนบท),Commercial Truck,Speeding (ขับรถเร็วเกินกำหนด),Normal Period (ช่วงเวลาปกติ),Level 3: Critical Blackspot (Red Zone),Yes,2,0,0,2,11227632.2,54.1,65.6
THA-2020-101960,2023,1,10,2,2023-01-10,Bangkok & Vicinity,Bangkok,13.54624,100.56524,Expressway (ทางพิเศษ),EXAT (การทางพิเศษแห่งประเทศไทย),Motorcycle,Road defect / Slippery surface (ถนนชำรุด/ลื่น),Normal Period (ช่วงเวลาปกติ),Level 2: Moderate Risk (Surveillance Zone),No,0,2,2,4,2396096.49,47.6,48.5
THA-2021-101961,2021,11,18,20,2021-11-18,North,Chiang Rai,20.11535,99.90895,National Highway (ทางหลวงแผ่นดิน),Department of Highways (DOH - กรมทางหลวง),Private Car,Speeding (ขับรถเร็วเกินกำหนด),Normal Period (ช่วงเวลาปกติ),Level 2: Moderate Risk (Surveillance Zone),No,0,2,1,3,1900334.8,54.4,55.3
THA-2022-101962,2022,7,21,20,2022-07-21,Central,Ayutthaya,14.32955,100.46802,Rural Road (ทางหลวงชนบท),Department of Rural Roads (DRR - กรมทางหลวงชนบท),Motorcycle,Speeding (ขับรถเร็วเกินกำหนด),Normal Period (ช่วงเวลาปกติ),Level 1: Low Risk (Baseline Zone),Yes,0,0,1,1,87510.21,13.6,39.3
THA-2023-101963,2025,4,24,1,2025-04-24,North,Chiang Rai,19.80143,99.72073,National Highway (ทางหลวงแผ่นดิน),Department of Highways (DOH - กรมทางหลวง),Private Car,Speeding (ขับรถเร็วเกินกำหนด),Normal Period (ช่วงเวลาปกติ),Level 1: Low Risk (Baseline Zone),Yes,0,0,0,0,343973.36,39.1,42.8
THA-2024-101964,2023,6,6,3,2023-06-06,Northeast,Nakhon Ratchasima,14.94386,102.00167,National Highway (ทางหลวงแผ่นดิน),Department of Highways (DOH - กรมทางหลวง),Public Bus/Van,Cutting off abruptly (ตัดหน้ากระชั้นชิด),Normal Period (ช่วงเวลาปกติ),Level 1: Low Risk (Baseline Zone),Yes,0,0,1,1,1094591.12,46.2,39.8
THA-2025-101965,2021,8,3,0,2021-08-03,Northeast,Khon Kaen,16.41852,102.84195,Urban / City Road (ถนนในเมือง/ท้องถิ่น),Local Administration / BMA (อปท./กทม.),Motorcycle,Cutting off abruptly (ตัดหน้ากระชั้นชิด),Normal Period (ช่วงเวลาปกติ),Level 3: Critical Blackspot (Red Zone),No,1,1,1,3,6283699.96,14.9,57.2
THA-2026-101966,2026,6,8,14,2026-06-08,Bangkok & Vicinity,Bangkok,13.60151,100.43294,National Highway (ทางหลวงแผ่นดิน),Department of Highways (DOH - กรมทางหลวง),Private Car,Cutting off abruptly (ตัดหน้ากระชั้นชิด),Normal Period (ช่วงเวลาปกติ),Level 2: Moderate Risk (Surveillance Zone),Yes,0,1,1,2,984010.05,51.4,35.4
THA-2020-101967,2024,2,9,0,2024-02-09,North,Chiang Mai,18.73619,98.93065,National Highway (ทางหลวงแผ่นดิน),Department of Highways (DOH - กรมทางหลวง),Motorcycle,Drunk driving (เมาแล้วขับ),Normal Period (ช่วงเวลาปกติ),Level 2: Moderate Risk (Surveillance Zone),Yes,0,1,1,2,687704.0,74.4,80.6
THA-2021-101968,2026,1,5,5,2026-01-05,North,Chiang Mai,18.78991,98.99653,National Highway (ทางหลวงแผ่นดิน),Department of Highways (DOH - กรมทางหลวง),Motorcycle,Speeding (ขับรถเร็วเกินกำหนด),Normal Period (ช่วงเวลาปกติ),Level 2: Moderate Risk (Surveillance Zone),No,0,1,1,2,960002.52,68.2,60.7
THA-2022-101969,2023,8,2,6,2023-08-02,Bangkok & Vicinity,Bangkok,13.71811,100.44128,National Highway (ทางหลวงแผ่นดิน),Department of Highways (DOH - กรมทางหลวง),Private Car,Fatigue / Falling asleep (หลับใน),Normal Period (ช่วงเวลาปกติ),Level 1: Low Risk (Baseline Zone),Yes,0,0,1,1,436692.68,25.9,24.1
THA-2023-101970,2023,8,2,18,2023-08-02,Bangkok & Vicinity,Bangkok,13.75444,100.63161,National Highway (ทางหลวงแผ่นดิน),Department of Highways (DOH - กรมทางหลวง),Motorcycle,Speeding (ขับรถเร็วเกินกำหนด),Normal Period (ช่วงเวลาปกติ),Level 3: Critical Blackspot (Red Zone),No,2,0,1,3,11004160.28,38.9,79.1
THA-2024-101971,2026,9,7,11,2026-09-07,Central,Ayutthaya,14.22221,100.67025,Rural Road (ทางหลวงชนบท),Department of Rural Roads (DRR - กรมทางหลวงชนบท),Private Car,Fatigue / Falling asleep (หลับใน),Normal Period (ช่วงเวลาปกติ),Level 2: Moderate Risk (Surveillance Zone),No,0,1,1,2,1340302.81,53.0,41.4
THA-2025-101972,2023,6,17,0,2023-06-17,Bangkok & Vicinity,Nonthaburi,13.71507,100.54597,National Highway (ทางหลวงแผ่นดิน),Department of Highways (DOH - กรมทางหลวง),Motorcycle,Drunk driving (เมาแล้วขับ),Normal Period (ช่วงเวลาปกติ),Level 3: Critical Blackspot (Red Zone),No,2,2,0,4,9790288.53,51.1,83.7
THA-2026-101973,2024,12,10,6,2024-12-10,Northeast,Nakhon Ratchasima,15.07437,101.97868,Rural Road (ทางหลวงชนบท),Department of Rural Roads (DRR - กรมทางหลวงชนบท),Public Bus/Van,Drunk driving (เมาแล้วขับ),Normal Period (ช่วงเวลาปกติ),Level 2: Moderate Risk (Surveillance Zone),Yes,0,1,1,2,1356885.05,33.9,78.2
THA-2020-101974,2022,1,12,18,2022-01-12,North,Chiang Mai,18.81987,98.89114,Rural Road (ทางหลวงชนบท),Department of Rural Roads (DRR - กรมทางหลวงชนบท),Motorcycle,Cutting off abruptly (ตัดหน้ากระชั้นชิด),Normal Period (ช่วงเวลาปกติ),Level 1: Low Risk (Baseline Zone),Yes,0,0,1,1,138365.31,51.7,45.9
THA-2021-101975,2023,9,2,12,2023-09-02,South,Surat Thani,9.24353,99.17749,National Highway (ทางหลวงแผ่นดิน),Department of Highways (DOH - กรมทางหลวง),Motorcycle,Drunk driving (เมาแล้วขับ),Normal Period (ช่วงเวลาปกติ),Level 1: Low Risk (Baseline Zone),Yes,0,0,1,1,109287.8,27.2,84.2
THA-2022-101976,2021,12,10,11,2021-12-10,Bangkok & Vicinity,Nonthaburi,13.78178,100.52522,Rural Road (ทางหลวงชนบท),Department of Rural Roads (DRR - กรมทางหลวงชนบท),Motorcycle,Speeding (ขับรถเร็วเกินกำหนด),Normal Period (ช่วงเวลาปกติ),Level 2: Moderate Risk (Surveillance Zone),Yes,0,2,1,3,1669333.64,32.2,78.4
THA-2023-101977,2021,3,20,11,2021-03-20,North,Chiang Rai,19.97453,99.84894,Rural Road (ทางหลวงชนบท),Department of Rural Roads (DRR - กรมทางหลวงชนบท),Public Bus/Van,Fatigue / Falling asleep (หลับใน),Normal Period (ช่วงเวลาปกติ),Level 1: Low Risk (Baseline Zone),No,0,0,1,1,653791.69,52.8,49.2
THA-2024-101978,2020,11,1,21,2020-11-01,Central,Saraburi,14.57346,100.86137,National Highway (ทางหลวงแผ่นดิน),Department of Highways (DOH - กรมทางหลวง),Private Car,Speeding (ขับรถเร็วเกินกำหนด),Normal Period (ช่วงเวลาปกติ),Level 1: Low Risk (Baseline Zone),Yes,0,0,0,0,448150.83,43.8,22.5
THA-2025-101979,2020,6,4,12,2020-06-04,Central,Saraburi,14.4307,101.04262,National Highway (ทางหลวงแผ่นดิน),Department of Highways (DOH - กรมทางหลวง),Private Car,Speeding (ขับรถเร็วเกินกำหนด),Normal Period (ช่วงเวลาปกติ),Level 1: Low Risk (Baseline Zone),Yes,0,0,1,1,419015.94,66.5,65.3
THA-2026-101980,2026,10,13,13,2026-10-13,Bangkok & Vicinity,Bangkok,13.80119,100.4579,Rural Road (ทางหลวงชนบท),Department of Rural Roads (DRR - กรมทางหลวงชนบท),Motorcycle,Cutting off abruptly (ตัดหน้ากระชั้นชิด),Normal Period (ช่วงเวลาปกติ),Level 2: Moderate Risk (Surveillance Zone),No,0,2,1,3,1051897.88,27.0,55.4
THA-2020-101981,2021,10,12,21,2021-10-12,Central,Ayutthaya,14.20436,100.67849,Expressway (ทางพิเศษ),EXAT (การทางพิเศษแห่งประเทศไทย),Motorcycle,Drunk driving (เมาแล้วขับ),Normal Period (ช่วงเวลาปกติ),Level 3: Critical Blackspot (Red Zone),Yes,1,2,0,3,6152443.84,28.9,60.8
THA-2021-101982,2024,11,11,11,2024-11-11,North,Phitsanulok,16.93489,100.24633,National Highway (ทางหลวงแผ่นดิน),Department of Highways (DOH - กรมทางหลวง),Motorcycle,Speeding (ขับรถเร็วเกินกำหนด),Normal Period (ช่วงเวลาปกติ),Level 2: Moderate Risk (Surveillance Zone),No,0,1,3,4,718101.37,83.3,40.8
THA-2022-101983,2025,12,10,19,2025-12-10,Northeast,Nakhon Ratchasima,14.92044,102.07446,National Highway (ทางหลวงแผ่นดิน),Department of Highways (DOH - กรมทางหลวง),Private Car,Road defect / Slippery surface (ถนนชำรุด/ลื่น),Normal Period (ช่วงเวลาปกติ),Level 1: Low Risk (Baseline Zone),Yes,0,0,0,0,260600.35,36.5,43.0
THA-2023-101984,2023,9,15,11,2023-09-15,Bangkok & Vicinity,Bangkok,13.73733,100.57106,National Highway (ทางหลวงแผ่นดิน),Department of Highways (DOH - กรมทางหลวง),Motorcycle,Running red light / Signal violation (ฝ่าฝืนสัญญาณไฟ),Normal Period (ช่วงเวลาปกติ),Level 2: Moderate Risk (Surveillance Zone),Yes,0,1,1,2,587300.29,79.3,39.6
THA-2024-101985,2021,11,5,5,2021-11-05,Bangkok & Vicinity,Bangkok,13.65389,100.44928,National Highway (ทางหลวงแผ่นดิน),Department of Highways (DOH - กรมทางหลวง),Public Bus/Van,Drunk driving (เมาแล้วขับ),Normal Period (ช่วงเวลาปกติ),Level 2: Moderate Risk (Surveillance Zone),Yes,0,1,2,3,1723304.48,38.1,72.8
THA-2025-101986,2025,3,25,9,2025-03-25,Central,Chonburi,13.34457,101.00796,Rural Road (ทางหลวงชนบท),Department of Rural Roads (DRR - กรมทางหลวงชนบท),Private Car,Cutting off abruptly (ตัดหน้ากระชั้นชิด),Normal Period (ช่วงเวลาปกติ),Level 1: Low Risk (Baseline Zone),Yes,0,0,0,0,369632.23,39.2,38.8
THA-2026-101987,2024,5,17,19,2024-05-17,Northeast,Nakhon Ratchasima,15.05787,102.12579,National Highway (ทางหลวงแผ่นดิน),Department of Highways (DOH - กรมทางหลวง),Motorcycle,Drunk driving (เมาแล้วขับ),Normal Period (ช่วงเวลาปกติ),Level 1: Low Risk (Baseline Zone),No,0,0,0,0,32571.14,66.2,67.8
THA-2020-101988,2025,5,28,23,2025-05-28,North,Phitsanulok,16.97879,100.17666,National Highway (ทางหลวงแผ่นดิน),Department of Highways (DOH - กรมทางหลวง),Motorcycle,Speeding (ขับรถเร็วเกินกำหนด),Normal Period (ช่วงเวลาปกติ),Level 3: Critical Blackspot (Red Zone),Yes,1,2,0,3,5522717.85,67.9,86.3
THA-2021-101989,2025,10,5,8,2025-10-05,Central,Chonburi,13.49265,100.89885,National Highway (ทางหลวงแผ่นดิน),Department of Highways (DOH - กรมทางหลวง),Private Car,Cutting off abruptly (ตัดหน้ากระชั้นชิด),Normal Period (ช่วงเวลาปกติ),Level 2: Moderate Risk (Surveillance Zone),Yes,0,1,2,3,851496.82,24.7,35.4
THA-2022-101990,2026,7,2,1,2026-07-02,Central,Chonburi,13.32552,101.01955,National Highway (ทางหลวงแผ่นดิน),Department of Highways (DOH - กรมทางหลวง),Motorcycle,Road defect / Slippery surface (ถนนชำรุด/ลื่น),Normal Period (ช่วงเวลาปกติ),Level 2: Moderate Risk (Surveillance Zone),No,0,1,2,3,778741.16,69.9,40.8
THA-2023-101991,2024,4,9,6,2024-04-09,Bangkok & Vicinity,Bangkok,13.86231,100.46637,National Highway (ทางหลวงแผ่นดิน),Department of Highways (DOH - กรมทางหลวง),Motorcycle,Running red light / Signal violation (ฝ่าฝืนสัญญาณไฟ),Normal Period (ช่วงเวลาปกติ),Level 3: Critical Blackspot (Red Zone),Yes,1,1,0,2,6748037.04,51.5,36.5
THA-2024-101992,2022,11,6,8,2022-11-06,Northeast,Khon Kaen,16.46753,102.79519,National Highway (ทางหลวงแผ่นดิน),Department of Highways (DOH - กรมทางหลวง),Motorcycle,Road defect / Slippery surface (ถนนชำรุด/ลื่น),Normal Period (ช่วงเวลาปกติ),Level 1: Low Risk (Baseline Zone),No,0,0,1,1,90750.96,32.2,18.9
THA-2025-101993,2024,4,18,11,2024-04-18,Bangkok & Vicinity,Bangkok,13.5497,100.49834,National Highway (ทางหลวงแผ่นดิน),Department of Highways (DOH - กรมทางหลวง),Private Car,Speeding (ขับรถเร็วเกินกำหนด),Normal Period (ช่วงเวลาปกติ),Level 3: Critical Blackspot (Red Zone),Yes,1,1,1,3,5082576.12,44.3,71.9
THA-2026-101994,2020,7,14,4,2020-07-14,Central,Chonburi,13.24936,101.09913,Urban / City Road (ถนนในเมือง/ท้องถิ่น),Local Administration / BMA (อปท./กทม.),Private Car,Speeding (ขับรถเร็วเกินกำหนด),Normal Period (ช่วงเวลาปกติ),Level 1: Low Risk (Baseline Zone),Yes,0,0,0,0,400304.19,39.9,89.7
THA-2020-101995,2026,9,19,0,2026-09-19,Northeast,Ubon Ratchathani,15.35986,104.77206,Urban / City Road (ถนนในเมือง/ท้องถิ่น),Local Administration / BMA (อปท./กทม.),Motorcycle,Speeding (ขับรถเร็วเกินกำหนด),Normal Period (ช่วงเวลาปกติ),Level 1: Low Risk (Baseline Zone),Yes,0,0,1,1,130071.39,69.8,55.2
THA-2021-101996,2020,11,14,21,2020-11-14,South,Surat Thani,9.04913,99.26489,National Highway (ทางหลวงแผ่นดิน),Department of Highways (DOH - กรมทางหลวง),Motorcycle,Cutting off abruptly (ตัดหน้ากระชั้นชิด),Normal Period (ช่วงเวลาปกติ),Level 3: Critical Blackspot (Red Zone),No,1,1,1,3,6380658.19,49.5,43.6
THA-2022-101997,2022,4,8,14,2022-04-08,Bangkok & Vicinity,Bangkok,13.80422,100.55007,Rural Road (ทางหลวงชนบท),Department of Rural Roads (DRR - กรมทางหลวงชนบท),Motorcycle,Speeding (ขับรถเร็วเกินกำหนด),Normal Period (ช่วงเวลาปกติ),Level 1: Low Risk (Baseline Zone),No,0,0,1,1,61310.97,40.1,65.1
THA-2023-101998,2025,4,17,7,2025-04-17,Bangkok & Vicinity,Bangkok,14.06302,100.47402,National Highway (ทางหลวงแผ่นดิน),Department of Highways (DOH - กรมทางหลวง),Private Car,Speeding (ขับรถเร็วเกินกำหนด),Songkran Festival (เทศกาลสงกรานต์),Level 1: Low Risk (Baseline Zone),Yes,0,0,0,0,354686.06,47.0,69.1
THA-2024-101999,2024,6,28,0,2024-06-28,North,Chiang Mai,18.79652,99.15916,Rural Road (ทางหลวงชนบท),Department of Rural Roads (DRR - กรมทางหลวงชนบท),Motorcycle,Drunk driving (เมาแล้วขับ),Normal Period (ช่วงเวลาปกติ),Level 1: Low Risk (Baseline Zone),No,0,0,0,0,42956.56,45.8,75.1
THA-2025-102000,2022,6,3,17,2022-06-03,Bangkok & Vicinity,Nonthaburi,13.88787,100.41547,National Highway (ทางหลวงแผ่นดิน),Department of Highways (DOH - กรมทางหลวง),Motorcycle,Fatigue / Falling asleep (หลับใน),Normal Period (ช่วงเวลาปกติ),Level 1: Low Risk (Baseline Zone),Yes,0,0,1,1,110043.61,52.2,36.5
THA-2026-102001,2023,7,10,12,2023-07-10,Bangkok & Vicinity,Nonthaburi,13.89288,100.57683,National Highway (ทางหลวงแผ่นดิน),Department of Highways (DOH - กรมทางหลวง),Public Bus/Van,Drunk driving (เมาแล้วขับ),Normal Period (ช่วงเวลาปกติ),Level 3: Critical Blackspot (Red Zone),Yes,1,0,0,1,5580475.47,58.0,65.8
THA-2020-102002,2025,1,17,0,2025-01-17,South,Phuket,7.84965,98.46388,Rural Road (ทางหลวงชนบท),Department of Rural Roads (DRR - กรมทางหลวงชนบท),Public Bus/Van,Fatigue / Falling asleep (หลับใน),Normal Period (ช่วงเวลาปกติ),Level 2: Moderate Risk (Surveillance Zone),Yes,0,2,1,3,2586656.35,60.5,47.1
THA-2021-102003,2022,11,27,4,2022-11-27,Bangkok & Vicinity,Nonthaburi,13.92567,100.47214,National Highway (ทางหลวงแผ่นดิน),Department of Highways (DOH - กรมทางหลวง),Public Bus/Van,Speeding (ขับรถเร็วเกินกำหนด),Normal Period (ช่วงเวลาปกติ),Level 1: Low Risk (Baseline Zone),No,0,0,1,1,1063866.88,58.9,75.8
THA-2022-102004,2025,3,11,17,2025-03-11,Bangkok & Vicinity,Nonthaburi,14.00175,100.44288,National Highway (ทางหลวงแผ่นดิน),Department of Highways (DOH - กรมทางหลวง),Commercial Truck,Speeding (ขับรถเร็วเกินกำหนด),Normal Period (ช่วงเวลาปกติ),Level 3: Critical Blackspot (Red Zone),Yes,1,2,1,4,6587434.2,61.4,49.7
THA-2023-102005,2020,9,8,15,2020-09-08,Central,Chonburi,13.40046,100.93051,Urban / City Road (ถนนในเมือง/ท้องถิ่น),Local Administration / BMA (อปท./กทม.),Motorcycle,Fatigue / Falling asleep (หลับใน),Normal Period (ช่วงเวลาปกติ),Level 3: Critical Blackspot (Red Zone),No,1,1,0,2,6621472.0,53.9,59.2
THA-2024-102006,2025,6,1,9,2025-06-01,North,Phitsanulok,16.66874,100.29815,Rural Road (ทางหลวงชนบท),Department of Rural Roads (DRR - กรมทางหลวงชนบท),Motorcycle,Cutting off abruptly (ตัดหน้ากระชั้นชิด),Normal Period (ช่วงเวลาปกติ),Level 2: Moderate Risk (Surveillance Zone),No,0,1,2,3,1358816.62,34.2,36.2
THA-2025-102007,2025,6,13,3,2025-06-13,Central,Chonburi,13.53474,100.97985,Rural Road (ทางหลวงชนบท),Department of Rural Roads (DRR - กรมทางหลวงชนบท),Motorcycle,Cutting off abruptly (ตัดหน้ากระชั้นชิด),Normal Period (ช่วงเวลาปกติ),Level 1: Low Risk (Baseline Zone),No,0,0,1,1,134184.83,46.1,35.0
THA-2026-102008,2021,5,21,0,2021-05-21,Bangkok & Vicinity,Bangkok,13.62189,100.52179,National Highway (ทางหลวงแผ่นดิน),Department of Highways (DOH - กรมทางหลวง),Motorcycle,Speeding (ขับรถเร็วเกินกำหนด),Normal Period (ช่วงเวลาปกติ),Level 2: Moderate Risk (Surveillance Zone),No,0,1,3,4,1070538.59,48.4,78.7
THA-2020-102009,2023,11,4,22,2023-11-04,Northeast,Nakhon Ratchasima,14.90622,102.19264,Rural Road (ทางหลวงชนบท),Department of Rural Roads (DRR - กรมทางหลวงชนบท),Public Bus/Van,Speeding (ขับรถเร็วเกินกำหนด),Normal Period (ช่วงเวลาปกติ),Level 2: Moderate Risk (Surveillance Zone),Yes,0,2,1,3,2958182.88,28.8,42.8
THA-2021-102010,2021,3,7,7,2021-03-07,Bangkok & Vicinity,Bangkok,13.73572,100.34227,National Highway (ทางหลวงแผ่นดิน),Department of Highways (DOH - กรมทางหลวง),Private Car,Drunk driving (เมาแล้วขับ),Normal Period (ช่วงเวลาปกติ),Level 1: Low Risk (Baseline Zone),Yes,0,0,1,1,392765.42,38.2,75.6
THA-2022-102011,2024,11,14,4,2024-11-14,Bangkok & Vicinity,Bangkok,13.80207,100.5206,National Highway (ทางหลวงแผ่นดิน),Department of Highways (DOH - กรมทางหลวง),Private Car,Fatigue / Falling asleep (หลับใน),Normal Period (ช่วงเวลาปกติ),Level 1: Low Risk (Baseline Zone),Yes,0,0,0,0,196796.55,45.0,46.8
THA-2023-102012,2023,5,5,1,2023-05-05,South,Phuket,7.85341,98.29881,Rural Road (ทางหลวงชนบท),Department of Rural Roads (DRR - กรมทางหลวงชนบท),Motorcycle,Road defect / Slippery surface (ถนนชำรุด/ลื่น),Normal Period (ช่วงเวลาปกติ),Level 3: Critical Blackspot (Red Zone),Yes,1,2,1,4,5352662.4,37.5,31.1
THA-2024-102013,2024,1,24,23,2024-01-24,Bangkok & Vicinity,Bangkok,13.91732,100.46113,Rural Road (ทางหลวงชนบท),Department of Rural Roads (DRR - กรมทางหลวงชนบท),Commercial Truck,Cutting off abruptly (ตัดหน้ากระชั้นชิด),Normal Period (ช่วงเวลาปกติ),Level 1: Low Risk (Baseline Zone),Yes,0,0,1,1,809159.15,52.3,21.5
THA-2025-102014,2021,3,28,16,2021-03-28,Northeast,Nakhon Ratchasima,15.06064,102.05611,Rural Road (ทางหลวงชนบท),Department of Rural Roads (DRR - กรมทางหลวงชนบท),Commercial Truck,Cutting off abruptly (ตัดหน้ากระชั้นชิด),Normal Period (ช่วงเวลาปกติ),Level 1: Low Risk (Baseline Zone),No,0,0,1,1,664280.26,38.8,32.8
THA-2026-102015,2021,4,11,6,2021-04-11,North,Chiang Rai,19.97177,99.84541,Rural Road (ทางหลวงชนบท),Department of Rural Roads (DRR - กรมทางหลวงชนบท),Motorcycle,Fatigue / Falling asleep (หลับใน),Songkran Festival (เทศกาลสงกรานต์),Level 1: Low Risk (Baseline Zone),Yes,0,0,1,1,120768.93,60.1,51.3
THA-2020-102016,2020,5,17,16,2020-05-17,North,Chiang Mai,18.79082,98.91092,National Highway (ทางหลวงแผ่นดิน),Department of Highways (DOH - กรมทางหลวง),Commercial Truck,Cutting off abruptly (ตัดหน้ากระชั้นชิด),Normal Period (ช่วงเวลาปกติ),Level 1: Low Risk (Baseline Zone),Yes,0,0,1,1,557115.57,63.9,10.3
THA-2021-102017,2022,10,5,5,2022-10-05,South,Phuket,7.92793,98.51876,National Highway (ทางหลวงแผ่นดิน),Department of Highways (DOH - กรมทางหลวง),Motorcycle,Cutting off abruptly (ตัดหน้ากระชั้นชิด),Normal Period (ช่วงเวลาปกติ),Level 2: Moderate Risk (Surveillance Zone),Yes,0,1,2,3,1332246.64,79.8,34.5
THA-2022-102018,2023,9,20,21,2023-09-20,Bangkok & Vicinity,Bangkok,13.66321,100.42689,National Highway (ทางหลวงแผ่นดิน),Department of Highways (DOH - กรมทางหลวง),Motorcycle,Road defect / Slippery surface (ถนนชำรุด/ลื่น),Normal Period (ช่วงเวลาปกติ),Level 3: Critical Blackspot (Red Zone),No,1,0,0,1,5711774.42,48.0,65.7
THA-2023-102019,2025,4,3,14,2025-04-03,Northeast,Ubon Ratchathani,15.50981,104.75716,Rural Road (ทางหลวงชนบท),Department of Rural Roads (DRR - กรมทางหลวงชนบท),Private Car,Fatigue / Falling asleep (หลับใน),Normal Period (ช่วงเวลาปกติ),Level 1: Low Risk (Baseline Zone),Yes,0,0,1,1,514655.42,72.5,32.8
THA-2024-102020,2024,3,5,4,2024-03-05,South,Surat Thani,9.08829,99.44603,National Highway (ทางหลวงแผ่นดิน),Department of Highways (DOH - กรมทางหลวง),Private Car,Road defect / Slippery surface (ถนนชำรุด/ลื่น),Normal Period (ช่วงเวลาปกติ),Level 1: Low Risk (Baseline Zone),Yes,0,0,0,0,162834.23,39.0,18.7
THA-2025-102021,2023,10,26,14,2023-10-26,Northeast,Nakhon Ratchasima,15.10714,101.87927,Urban / City Road (ถนนในเมือง/ท้องถิ่น),Local Administration / BMA (อปท./กทม.),Motorcycle,Speeding (ขับรถเร็วเกินกำหนด),Normal Period (ช่วงเวลาปกติ),Level 1: Low Risk (Baseline Zone),Yes,0,0,1,1,122429.97,44.2,63.7
THA-2026-102022,2026,1,15,17,2026-01-15,South,Surat Thani,9.20709,99.30395,Rural Road (ทางหลวงชนบท),Department of Rural Roads (DRR - กรมทางหลวงชนบท),Motorcycle,Cutting off abruptly (ตัดหน้ากระชั้นชิด),Normal Period (ช่วงเวลาปกติ),Level 2: Moderate Risk (Surveillance Zone),Yes,0,1,1,2,946409.06,28.0,25.2
THA-2020-102023,2024,10,19,17,2024-10-19,Bangkok & Vicinity,Bangkok,13.74286,100.60666,Urban / City Road (ถนนในเมือง/ท้องถิ่น),Local Administration / BMA (อปท./กทม.),Public Bus/Van,Fatigue / Falling asleep (หลับใน),Normal Period (ช่วงเวลาปกติ),Level 2: Moderate Risk (Surveillance Zone),Yes,0,2,1,3,1453240.29,45.0,10.0
THA-2021-102024,2026,6,16,20,2026-06-16,North,Chiang Rai,19.87916,99.79452,Rural Road (ทางหลวงชนบท),Department of Rural Roads (DRR - กรมทางหลวงชนบท),Private Car,Speeding (ขับรถเร็วเกินกำหนด),Normal Period (ช่วงเวลาปกติ),Level 3: Critical Blackspot (Red Zone),No,1,0,0,1,4360695.73,48.0,81.2
THA-2022-102025,2023,7,8,20,2023-07-08,Bangkok & Vicinity,Nonthaburi,13.83316,100.48198,Expressway (ทางพิเศษ),EXAT (การทางพิเศษแห่งประเทศไทย),Private Car,Fatigue / Falling asleep (หลับใน),Normal Period (ช่วงเวลาปกติ),Level 1: Low Risk (Baseline Zone),Yes,0,0,1,1,422725.96,53.2,36.2
THA-2023-102026,2022,10,13,22,2022-10-13,Central,Chonburi,13.39236,101.1038,Rural Road (ทางหลวงชนบท),Department of Rural Roads (DRR - กรมทางหลวงชนบท),Motorcycle,Speeding (ขับรถเร็วเกินกำหนด),Normal Period (ช่วงเวลาปกติ),Level 2: Moderate Risk (Surveillance Zone),No,0,1,2,3,1029621.52,54.7,66.9
THA-2024-102027,2020,8,16,5,2020-08-16,South,Songkhla,7.21408,100.61314,Expressway (ทางพิเศษ),EXAT (การทางพิเศษแห่งประเทศไทย),Motorcycle,Fatigue / Falling asleep (หลับใน),Normal Period (ช่วงเวลาปกติ),Level 2: Moderate Risk (Surveillance Zone),Yes,0,2,1,3,939209.43,49.7,34.9
THA-2025-102028,2025,12,3,1,2025-12-03,Bangkok & Vicinity,Nonthaburi,13.91127,100.58362,National Highway (ทางหลวงแผ่นดิน),Department of Highways (DOH - กรมทางหลวง),Motorcycle,Drunk driving (เมาแล้วขับ),Normal Period (ช่วงเวลาปกติ),Level 2: Moderate Risk (Surveillance Zone),Yes,0,1,2,3,974042.79,67.8,80.9
THA-2026-102029,2021,1,1,16,2021-01-01,Northeast,Ubon Ratchathani,15.29682,104.78724,National Highway (ทางหลวงแผ่นดิน),Department of Highways (DOH - กรมทางหลวง),Motorcycle,Speeding (ขับรถเร็วเกินกำหนด),New Year Festival (เทศกาลปีใหม่),Level 1: Low Risk (Baseline Zone),Yes,0,0,0,0,52802.43,74.8,80.6
THA-2020-102030,2022,12,9,20,2022-12-09,Bangkok & Vicinity,Bangkok,13.79451,100.31104,Rural Road (ทางหลวงชนบท),Department of Rural Roads (DRR - กรมทางหลวงชนบท),Motorcycle,Cutting off abruptly (ตัดหน้ากระชั้นชิด),Normal Period (ช่วงเวลาปกติ),Level 2: Moderate Risk (Surveillance Zone),Yes,0,1,2,3,647766.21,34.0,43.6
THA-2021-102031,2023,4,9,3,2023-04-09,Northeast,Nakhon Ratchasima,15.11795,102.2356,Expressway (ทางพิเศษ),EXAT (การทางพิเศษแห่งประเทศไทย),Motorcycle,Drunk driving (เมาแล้วขับ),Normal Period (ช่วงเวลาปกติ),Level 3: Critical Blackspot (Red Zone),No,1,0,0,1,4509561.58,47.4,60.1
THA-2022-102032,2024,11,22,11,2024-11-22,North,Phitsanulok,16.90115,100.37803,National Highway (ทางหลวงแผ่นดิน),Department of Highways (DOH - กรมทางหลวง),Private Car,Drunk driving (เมาแล้วขับ),Normal Period (ช่วงเวลาปกติ),Level 1: Low Risk (Baseline Zone),No,0,0,1,1,367710.35,47.2,67.8
THA-2023-102033,2024,5,26,18,2024-05-26,South,Songkhla,7.16893,100.54676,National Highway (ทางหลวงแผ่นดิน),Department of Highways (DOH - กรมทางหลวง),Motorcycle,Cutting off abruptly (ตัดหน้ากระชั้นชิด),Normal Period (ช่วงเวลาปกติ),Level 2: Moderate Risk (Surveillance Zone),Yes,0,2,1,3,2024119.39,47.9,54.2
THA-2024-102034,2021,2,17,1,2021-02-17,Northeast,Khon Kaen,16.31935,102.91433,Rural Road (ทางหลวงชนบท),Department of Rural Roads (DRR - กรมทางหลวงชนบท),Commercial Truck,Road defect / Slippery surface (ถนนชำรุด/ลื่น),Normal Period (ช่วงเวลาปกติ),Level 3: Critical Blackspot (Red Zone),Yes,1,2,0,3,6102830.34,67.5,57.9
THA-2025-102035,2022,1,24,1,2022-01-24,North,Chiang Mai,18.72074,98.95166,Rural Road (ทางหลวงชนบท),Department of Rural Roads (DRR - กรมทางหลวงชนบท),Motorcycle,Cutting off abruptly (ตัดหน้ากระชั้นชิด),Normal Period (ช่วงเวลาปกติ),Level 1: Low Risk (Baseline Zone),No,0,0,1,1,123998.34,48.3,36.5
THA-2026-102036,2024,8,2,13,2024-08-02,Bangkok & Vicinity,Bangkok,13.77647,100.49843,National Highway (ทางหลวงแผ่นดิน),Department of Highways (DOH - กรมทางหลวง),Motorcycle,Cutting off abruptly (ตัดหน้ากระชั้นชิด),Normal Period (ช่วงเวลาปกติ),Level 2: Moderate Risk (Surveillance Zone),Yes,0,1,2,3,1031074.38,41.0,40.8
THA-2020-102037,2026,6,9,14,2026-06-09,Bangkok & Vicinity,Bangkok,13.78013,100.33907,Rural Road (ทางหลวงชนบท),Department of Rural Roads (DRR - กรมทางหลวงชนบท),Motorcycle,Speeding (ขับรถเร็วเกินกำหนด),Normal Period (ช่วงเวลาปกติ),Level 1: Low Risk (Baseline Zone),Yes,0,0,1,1,90994.84,29.5,53.7
THA-2021-102038,2025,5,24,19,2025-05-24,Bangkok & Vicinity,Nonthaburi,13.84109,100.58757,Expressway (ทางพิเศษ),EXAT (การทางพิเศษแห่งประเทศไทย),Motorcycle,Road defect / Slippery surface (ถนนชำรุด/ลื่น),Normal Period (ช่วงเวลาปกติ),Level 3: Critical Blackspot (Red Zone),No,1,1,0,2,5059049.96,41.4,10.0
THA-2022-102039,2026,9,19,1,2026-09-19,Bangkok & Vicinity,Nonthaburi,13.82324,100.43581,Urban / City Road (ถนนในเมือง/ท้องถิ่น),Local Administration / BMA (อปท./กทม.),Motorcycle,Speeding (ขับรถเร็วเกินกำหนด),Normal Period (ช่วงเวลาปกติ),Level 2: Moderate Risk (Surveillance Zone),Yes,0,1,3,4,697769.87,31.2,98.0
THA-2023-102040,2025,11,13,3,2025-11-13,Central,Saraburi,14.61483,100.87262,National Highway (ทางหลวงแผ่นดิน),Department of Highways (DOH - กรมทางหลวง),Public Bus/Van,Cutting off abruptly (ตัดหน้ากระชั้นชิด),Normal Period (ช่วงเวลาปกติ),Level 1: Low Risk (Baseline Zone),Yes,0,0,1,1,511257.27,70.8,27.8
THA-2024-102041,2024,11,5,18,2024-11-05,Northeast,Nakhon Ratchasima,14.9965,102.07886,National Highway (ทางหลวงแผ่นดิน),Department of Highways (DOH - กรมทางหลวง),Private Car,Fatigue / Falling asleep (หลับใน),Normal Period (ช่วงเวลาปกติ),Level 1: Low Risk (Baseline Zone),Yes,0,0,1,1,308340.54,51.8,23.9
THA-2025-102042,2021,2,9,8,2021-02-09,Northeast,Nakhon Ratchasima,14.97986,102.23546,National Highway (ทางหลวงแผ่นดิน),Department of Highways (DOH - กรมทางหลวง),Motorcycle,Speeding (ขับรถเร็วเกินกำหนด),Normal Period (ช่วงเวลาปกติ),Level 1: Low Risk (Baseline Zone),Yes,0,0,0,0,57418.43,51.6,83.7
THA-2026-102043,2024,10,13,6,2024-10-13,Bangkok & Vicinity,Bangkok,13.80777,100.39184,National Highway (ทางหลวงแผ่นดิน),Department of Highways (DOH - กรมทางหลวง),Motorcycle,Cutting off abruptly (ตัดหน้ากระชั้นชิด),Normal Period (ช่วงเวลาปกติ),Level 1: Low Risk (Baseline Zone),Yes,0,0,0,0,58592.93,73.1,40.1
THA-2020-102044,2024,12,1,12,2024-12-01,Central,Saraburi,14.49541,100.87366,National Highway (ทางหลวงแผ่นดิน),Department of Highways (DOH - กรมทางหลวง),Private Car,Speeding (ขับรถเร็วเกินกำหนด),Normal Period (ช่วงเวลาปกติ),Level 1: Low Risk (Baseline Zone),Yes,0,0,0,0,406159.68,55.5,64.9
THA-2021-102045,2024,8,25,11,2024-08-25,Central,Chonburi,13.38057,101.06649,Urban / City Road (ถนนในเมือง/ท้องถิ่น),Local Administration / BMA (อปท./กทม.),Private Car,Drunk driving (เมาแล้วขับ),Normal Period (ช่วงเวลาปกติ),Level 2: Moderate Risk (Surveillance Zone),No,0,1,3,4,1577997.05,34.0,63.2
THA-2022-102046,2023,11,15,2,2023-11-15,Bangkok & Vicinity,Bangkok,13.75917,100.50202,National Highway (ทางหลวงแผ่นดิน),Department of Highways (DOH - กรมทางหลวง),Motorcycle,Cutting off abruptly (ตัดหน้ากระชั้นชิด),Normal Period (ช่วงเวลาปกติ),Level 2: Moderate Risk (Surveillance Zone),Yes,0,2,2,4,1807375.66,32.2,51.9
THA-2023-102047,2023,10,4,12,2023-10-04,Central,Chonburi,13.16026,101.10386,Urban / City Road (ถนนในเมือง/ท้องถิ่น),Local Administration / BMA (อปท./กทม.),Private Car,Fatigue / Falling asleep (หลับใน),Normal Period (ช่วงเวลาปกติ),Level 2: Moderate Risk (Surveillance Zone),Yes,0,1,1,2,1319547.66,43.2,40.0
THA-2024-102048,2022,9,4,14,2022-09-04,Northeast,Nakhon Ratchasima,14.96479,102.12108,Expressway (ทางพิเศษ),EXAT (การทางพิเศษแห่งประเทศไทย),Commercial Truck,Road defect / Slippery surface (ถนนชำรุด/ลื่น),Normal Period (ช่วงเวลาปกติ),Level 1: Low Risk (Baseline Zone),Yes,0,0,1,1,1358753.84,34.5,12.9
THA-2025-102049,2023,1,20,13,2023-01-20,Bangkok & Vicinity,Bangkok,13.77937,100.43257,National Highway (ทางหลวงแผ่นดิน),Department of Highways (DOH - กรมทางหลวง),Private Car,Drunk driving (เมาแล้วขับ),Normal Period (ช่วงเวลาปกติ),Level 2: Moderate Risk (Surveillance Zone),Yes,0,1,2,3,1072394.91,37.1,67.5
THA-2026-102050,2021,7,10,23,2021-07-10,North,Phitsanulok,16.79915,100.19596,Expressway (ทางพิเศษ),EXAT (การทางพิเศษแห่งประเทศไทย),Commercial Truck,Drunk driving (เมาแล้วขับ),Normal Period (ช่วงเวลาปกติ),Level 1: Low Risk (Baseline Zone),Yes,0,0,1,1,940562.06,43.9,64.9
THA-2020-102051,2025,8,28,8,2025-08-28,Northeast,Nakhon Ratchasima,15.1044,101.89765,Rural Road (ทางหลวงชนบท),Department of Rural Roads (DRR - กรมทางหลวงชนบท),Commercial Truck,Cutting off abruptly (ตัดหน้ากระชั้นชิด),Normal Period (ช่วงเวลาปกติ),Level 1: Low Risk (Baseline Zone),Yes,0,0,0,0,769239.1,38.5,54.2
THA-2021-102052,2021,3,25,12,2021-03-25,Bangkok & Vicinity,Bangkok,13.6705,100.47281,Rural Road (ทางหลวงชนบท),Department of Rural Roads (DRR - กรมทางหลวงชนบท),Public Bus/Van,Cutting off abruptly (ตัดหน้ากระชั้นชิด),Normal Period (ช่วงเวลาปกติ),Level 1: Low Risk (Baseline Zone),Yes,0,0,1,1,713225.7,11.5,29.2
THA-2022-102053,2020,4,6,22,2020-04-06,South,Surat Thani,9.27297,99.3852,National Highway (ทางหลวงแผ่นดิน),Department of Highways (DOH - กรมทางหลวง),Motorcycle,Drunk driving (เมาแล้วขับ),Normal Period (ช่วงเวลาปกติ),Level 2: Moderate Risk (Surveillance Zone),Yes,0,1,1,2,1171813.18,44.9,79.1
THA-2023-102054,2023,3,27,21,2023-03-27,Central,Saraburi,14.38148,100.9004,Rural Road (ทางหลวงชนบท),Department of Rural Roads (DRR - กรมทางหลวงชนบท),Private Car,Road defect / Slippery surface (ถนนชำรุด/ลื่น),Normal Period (ช่วงเวลาปกติ),Level 1: Low Risk (Baseline Zone),Yes,0,0,1,1,197958.91,51.7,32.6
THA-2024-102055,2024,7,24,3,2024-07-24,Northeast,Ubon Ratchathani,15.30972,105.04772,National Highway (ทางหลวงแผ่นดิน),Department of Highways (DOH - กรมทางหลวง),Private Car,Cutting off abruptly (ตัดหน้ากระชั้นชิด),Normal Period (ช่วงเวลาปกติ),Level 2: Moderate Risk (Surveillance Zone),Yes,0,1,1,2,1391050.06,62.8,43.6
THA-2025-102056,2023,9,12,20,2023-09-12,North,Phitsanulok,16.79052,100.1593,Rural Road (ทางหลวงชนบท),Department of Rural Roads (DRR - กรมทางหลวงชนบท),Private Car,Speeding (ขับรถเร็วเกินกำหนด),Normal Period (ช่วงเวลาปกติ),Level 1: Low Risk (Baseline Zone),Yes,0,0,1,1,422238.65,66.7,74.0
THA-2026-102057,2022,3,20,7,2022-03-20,North,Chiang Rai,19.93951,99.8367,National Highway (ทางหลวงแผ่นดิน),Department of Highways (DOH - กรมทางหลวง),Public Bus/Van,Cutting off abruptly (ตัดหน้ากระชั้นชิด),Normal Period (ช่วงเวลาปกติ),Level 1: Low Risk (Baseline Zone),Yes,0,0,1,1,940204.74,59.6,40.0
THA-2020-102058,2023,6,16,2,2023-06-16,Northeast,Ubon Ratchathani,15.2865,104.90944,Rural Road (ทางหลวงชนบท),Department of Rural Roads (DRR - กรมทางหลวงชนบท),Motorcycle,Cutting off abruptly (ตัดหน้ากระชั้นชิด),Normal Period (ช่วงเวลาปกติ),Level 2: Moderate Risk (Surveillance Zone),Yes,0,2,3,5,1710147.59,42.5,16.2
THA-2021-102059,2022,8,3,1,2022-08-03,Northeast,Nakhon Ratchasima,15.00869,102.14534,National Highway (ทางหลวงแผ่นดิน),Department of Highways (DOH - กรมทางหลวง),Motorcycle,Speeding (ขับรถเร็วเกินกำหนด),Normal Period (ช่วงเวลาปกติ),Level 3: Critical Blackspot (Red Zone),Yes,2,2,1,5,10603881.08,42.5,65.7
THA-2022-102060,2026,6,14,18,2026-06-14,Bangkok & Vicinity,Bangkok,13.90351,100.4756,National Highway (ทางหลวงแผ่นดิน),Department of Highways (DOH - กรมทางหลวง),Motorcycle,Cutting off abruptly (ตัดหน้ากระชั้นชิด),Normal Period (ช่วงเวลาปกติ),Level 1: Low Risk (Baseline Zone),No,0,0,1,1,132675.63,53.4,50.8
THA-2023-102061,2026,2,1,22,2026-02-01,Northeast,Nakhon Ratchasima,14.8697,102.12606,Rural Road (ทางหลวงชนบท),Department of Rural Roads (DRR - กรมทางหลวงชนบท),Motorcycle,Cutting off abruptly (ตัดหน้ากระชั้นชิด),Normal Period (ช่วงเวลาปกติ),Level 2: Moderate Risk (Surveillance Zone),Yes,0,1,1,2,1010971.14,68.4,10.0
THA-2024-102062,2023,7,10,7,2023-07-10,Central,Ayutthaya,14.23788,100.46746,Rural Road (ทางหลวงชนบท),Department of Rural Roads (DRR - กรมทางหลวงชนบท),Motorcycle,Cutting off abruptly (ตัดหน้ากระชั้นชิด),Normal Period (ช่วงเวลาปกติ),Level 2: Moderate Risk (Surveillance Zone),No,0,1,2,3,1340648.89,54.1,14.5
THA-2025-102063,2022,2,15,16,2022-02-15,North,Phitsanulok,16.74711,100.15333,National Highway (ทางหลวงแผ่นดิน),Department of Highways (DOH - กรมทางหลวง),Private Car,Speeding (ขับรถเร็วเกินกำหนด),Normal Period (ช่วงเวลาปกติ),Level 2: Moderate Risk (Surveillance Zone),Yes,0,1,1,2,1316430.16,54.5,62.3
THA-2026-102064,2025,2,7,12,2025-02-07,Bangkok & Vicinity,Bangkok,13.86147,100.5062,National Highway (ทางหลวงแผ่นดิน),Department of Highways (DOH - กรมทางหลวง),Motorcycle,Drunk driving (เมาแล้วขับ),Normal Period (ช่วงเวลาปกติ),Level 3: Critical Blackspot (Red Zone),No,1,1,1,3,6844307.36,58.6,44.3
THA-2020-102065,2020,2,4,6,2020-02-04,Central,Chonburi,13.42471,101.03062,Urban / City Road (ถนนในเมือง/ท้องถิ่น),Local Administration / BMA (อปท./กทม.),Private Car,Road defect / Slippery surface (ถนนชำรุด/ลื่น),Normal Period (ช่วงเวลาปกติ),Level 3: Critical Blackspot (Red Zone),No,1,0,0,1,4632731.01,29.7,48.2
THA-2021-102066,2023,11,14,8,2023-11-14,Bangkok & Vicinity,Bangkok,13.7374,100.58825,Rural Road (ทางหลวงชนบท),Department of Rural Roads (DRR - กรมทางหลวงชนบท),Private Car,Running red light / Signal violation (ฝ่าฝืนสัญญาณไฟ),Normal Period (ช่วงเวลาปกติ),Level 1: Low Risk (Baseline Zone),Yes,0,0,1,1,161408.31,58.4,23.9
THA-2022-102067,2022,1,24,11,2022-01-24,Bangkok & Vicinity,Nonthaburi,13.81867,100.49828,National Highway (ทางหลวงแผ่นดิน),Department of Highways (DOH - กรมทางหลวง),Motorcycle,Cutting off abruptly (ตัดหน้ากระชั้นชิด),Normal Period (ช่วงเวลาปกติ),Level 2: Moderate Risk (Surveillance Zone),No,0,1,1,2,666707.08,64.1,37.3
THA-2023-102068,2026,11,16,13,2026-11-16,Bangkok & Vicinity,Bangkok,13.69259,100.62783,Rural Road (ทางหลวงชนบท),Department of Rural Roads (DRR - กรมทางหลวงชนบท),Motorcycle,Speeding (ขับรถเร็วเกินกำหนด),Normal Period (ช่วงเวลาปกติ),Level 1: Low Risk (Baseline Zone),Yes,0,0,1,1,149270.22,57.9,75.5
THA-2024-102069,2020,1,14,13,2020-01-14,North,Chiang Mai,18.77866,99.03912,Rural Road (ทางหลวงชนบท),Department of Rural Roads (DRR - กรมทางหลวงชนบท),Private Car,Running red light / Signal violation (ฝ่าฝืนสัญญาณไฟ),Normal Period (ช่วงเวลาปกติ),Level 1: Low Risk (Baseline Zone),Yes,0,0,1,1,328943.74,36.0,39.2
THA-2025-102070,2023,7,3,14,2023-07-03,Central,Chonburi,13.30877,101.06093,National Highway (ทางหลวงแผ่นดิน),Department of Highways (DOH - กรมทางหลวง),Private Car,Drunk driving (เมาแล้วขับ),Normal Period (ช่วงเวลาปกติ),Level 1: Low Risk (Baseline Zone),Yes,0,0,0,0,165221.05,56.5,68.5
THA-2026-102071,2025,12,17,2,2025-12-17,Northeast,Nakhon Ratchasima,15.04945,101.95151,Rural Road (ทางหลวงชนบท),Department of Rural Roads (DRR - กรมทางหลวงชนบท),Commercial Truck,Speeding (ขับรถเร็วเกินกำหนด),Normal Period (ช่วงเวลาปกติ),Level 1: Low Risk (Baseline Zone),No,0,0,1,1,817521.31,14.6,86.1
THA-2020-102072,2023,5,21,14,2023-05-21,Bangkok & Vicinity,Bangkok,13.75667,100.51232,Urban / City Road (ถนนในเมือง/ท้องถิ่น),Local Administration / BMA (อปท./กทม.),Commercial Truck,Speeding (ขับรถเร็วเกินกำหนด),Normal Period (ช่วงเวลาปกติ),Level 2: Moderate Risk (Surveillance Zone),No,0,1,2,3,1381633.27,45.0,65.7
THA-2021-102073,2020,11,14,18,2020-11-14,Central,Saraburi,14.50193,101.03542,Urban / City Road (ถนนในเมือง/ท้องถิ่น),Local Administration / BMA (อปท./กทม.),Public Bus/Van,Speeding (ขับรถเร็วเกินกำหนด),Normal Period (ช่วงเวลาปกติ),Level 2: Moderate Risk (Surveillance Zone),Yes,0,1,1,2,1769516.98,30.6,53.4
THA-2022-102074,2026,3,18,23,2026-03-18,Central,Saraburi,14.41935,100.87045,National Highway (ทางหลวงแผ่นดิน),Department of Highways (DOH - กรมทางหลวง),Private Car,Speeding (ขับรถเร็วเกินกำหนด),Normal Period (ช่วงเวลาปกติ),Level 2: Moderate Risk (Surveillance Zone),No,0,2,1,3,2527119.07,29.3,66.5
THA-2023-102075,2023,1,3,19,2023-01-03,Central,Saraburi,14.45246,101.00349,Urban / City Road (ถนนในเมือง/ท้องถิ่น),Local Administration / BMA (อปท./กทม.),Commercial Truck,Speeding (ขับรถเร็วเกินกำหนด),New Year Festival (เทศกาลปีใหม่),Level 2: Moderate Risk (Surveillance Zone),Yes,0,2,1,3,2112393.02,49.4,66.4
THA-2024-102076,2024,11,22,13,2024-11-22,Bangkok & Vicinity,Nonthaburi,13.76952,100.34847,National Highway (ทางหลวงแผ่นดิน),Department of Highways (DOH - กรมทางหลวง),Commercial Truck,Road defect / Slippery surface (ถนนชำรุด/ลื่น),Normal Period (ช่วงเวลาปกติ),Level 2: Moderate Risk (Surveillance Zone),Yes,0,1,1,2,980120.21,39.5,32.4
THA-2025-102077,2021,10,19,7,2021-10-19,North,Phitsanulok,16.85992,100.25337,Expressway (ทางพิเศษ),EXAT (การทางพิเศษแห่งประเทศไทย),Commercial Truck,Cutting off abruptly (ตัดหน้ากระชั้นชิด),Normal Period (ช่วงเวลาปกติ),Level 1: Low Risk (Baseline Zone),Yes,0,0,0,0,917577.15,24.5,57.3
THA-2026-102078,2023,6,3,4,2023-06-03,South,Songkhla,7.26923,100.68741,National Highway (ทางหลวงแผ่นดิน),Department of Highways (DOH - กรมทางหลวง),Motorcycle,Drunk driving (เมาแล้วขับ),Normal Period (ช่วงเวลาปกติ),Level 3: Critical Blackspot (Red Zone),Yes,1,0,0,1,5708526.79,41.2,66.1
THA-2020-102079,2023,11,12,18,2023-11-12,Central,Chonburi,13.35728,100.85481,Rural Road (ทางหลวงชนบท),Department of Rural Roads (DRR - กรมทางหลวงชนบท),Public Bus/Van,Fatigue / Falling asleep (หลับใน),Normal Period (ช่วงเวลาปกติ),Level 2: Moderate Risk (Surveillance Zone),Yes,0,1,2,3,2076981.41,22.5,52.5
THA-2021-102080,2020,1,22,3,2020-01-22,Bangkok & Vicinity,Bangkok,13.64847,100.34221,Rural Road (ทางหลวงชนบท),Department of Rural Roads (DRR - กรมทางหลวงชนบท),Motorcycle,Fatigue / Falling asleep (หลับใน),Normal Period (ช่วงเวลาปกติ),Level 1: Low Risk (Baseline Zone),Yes,0,0,1,1,132241.95,27.5,56.7
THA-2022-102081,2020,9,5,13,2020-09-05,Bangkok & Vicinity,Bangkok,13.74386,100.44252,National Highway (ทางหลวงแผ่นดิน),Department of Highways (DOH - กรมทางหลวง),Private Car,Road defect / Slippery surface (ถนนชำรุด/ลื่น),Normal Period (ช่วงเวลาปกติ),Level 1: Low Risk (Baseline Zone),No,0,0,1,1,370062.31,36.7,57.8
THA-2023-102082,2025,2,10,15,2025-02-10,North,Phitsanulok,16.80484,100.28152,Urban / City Road (ถนนในเมือง/ท้องถิ่น),Local Administration / BMA (อปท./กทม.),Motorcycle,Running red light / Signal violation (ฝ่าฝืนสัญญาณไฟ),Normal Period (ช่วงเวลาปกติ),Level 1: Low Risk (Baseline Zone),Yes,0,0,1,1,113102.01,29.0,46.8
THA-2024-102083,2021,1,9,19,2021-01-09,South,Phuket,8.05125,98.44458,Rural Road (ทางหลวงชนบท),Department of Rural Roads (DRR - กรมทางหลวงชนบท),Motorcycle,Cutting off abruptly (ตัดหน้ากระชั้นชิด),Normal Period (ช่วงเวลาปกติ),Level 2: Moderate Risk (Surveillance Zone),Yes,0,2,1,3,2266496.09,42.7,45.4
THA-2025-102084,2021,12,1,23,2021-12-01,Northeast,Nakhon Ratchasima,14.98632,101.95697,National Highway (ทางหลวงแผ่นดิน),Department of Highways (DOH - กรมทางหลวง),Motorcycle,Running red light / Signal violation (ฝ่าฝืนสัญญาณไฟ),Normal Period (ช่วงเวลาปกติ),Level 1: Low Risk (Baseline Zone),No,0,0,0,0,83403.35,49.3,46.0
THA-2026-102085,2023,7,13,5,2023-07-13,Northeast,Nakhon Ratchasima,14.98226,102.17717,Rural Road (ทางหลวงชนบท),Department of Rural Roads (DRR - กรมทางหลวงชนบท),Motorcycle,Drunk driving (เมาแล้วขับ),Normal Period (ช่วงเวลาปกติ),Level 2: Moderate Risk (Surveillance Zone),Yes,0,2,2,4,1973979.55,44.7,88.5
THA-2020-102086,2025,6,3,22,2025-06-03,Bangkok & Vicinity,Bangkok,13.79148,100.40749,Rural Road (ทางหลวงชนบท),Department of Rural Roads (DRR - กรมทางหลวงชนบท),Motorcycle,Speeding (ขับรถเร็วเกินกำหนด),Normal Period (ช่วงเวลาปกติ),Level 2: Moderate Risk (Surveillance Zone),No,0,1,3,4,1000179.11,72.0,52.2
THA-2021-102087,2020,6,19,5,2020-06-19,Northeast,Ubon Ratchathani,15.21092,104.8539,National Highway (ทางหลวงแผ่นดิน),Department of Highways (DOH - กรมทางหลวง),Commercial Truck,Drunk driving (เมาแล้วขับ),Normal Period (ช่วงเวลาปกติ),Level 1: Low Risk (Baseline Zone),Yes,0,0,1,1,1305068.49,68.8,88.3
THA-2022-102088,2024,5,11,2,2024-05-11,Central,Ayutthaya,14.31647,100.51286,Expressway (ทางพิเศษ),EXAT (การทางพิเศษแห่งประเทศไทย),Motorcycle,Drunk driving (เมาแล้วขับ),Normal Period (ช่วงเวลาปกติ),Level 3: Critical Blackspot (Red Zone),No,1,2,0,3,7265223.35,17.9,62.6
THA-2023-102089,2020,11,16,14,2020-11-16,North,Chiang Rai,19.71725,99.77146,Urban / City Road (ถนนในเมือง/ท้องถิ่น),Local Administration / BMA (อปท./กทม.),Motorcycle,Road defect / Slippery surface (ถนนชำรุด/ลื่น),Normal Period (ช่วงเวลาปกติ),Level 2: Moderate Risk (Surveillance Zone),Yes,0,1,3,4,1018751.67,29.1,54.4
THA-2024-102090,2020,4,6,2,2020-04-06,Central,Chonburi,13.3837,101.06346,National Highway (ทางหลวงแผ่นดิน),Department of Highways (DOH - กรมทางหลวง),Motorcycle,Speeding (ขับรถเร็วเกินกำหนด),Normal Period (ช่วงเวลาปกติ),Level 2: Moderate Risk (Surveillance Zone),Yes,0,1,2,3,629105.85,70.9,79.8
THA-2025-102091,2020,11,24,10,2020-11-24,South,Surat Thani,9.14505,99.41685,Rural Road (ทางหลวงชนบท),Department of Rural Roads (DRR - กรมทางหลวงชนบท),Private Car,Cutting off abruptly (ตัดหน้ากระชั้นชิด),Normal Period (ช่วงเวลาปกติ),Level 3: Critical Blackspot (Red Zone),Yes,1,2,1,4,7761906.14,12.9,60.1
THA-2026-102092,2025,4,3,2,2025-04-03,Bangkok & Vicinity,Bangkok,13.74923,100.4228,National Highway (ทางหลวงแผ่นดิน),Department of Highways (DOH - กรมทางหลวง),Motorcycle,Speeding (ขับรถเร็วเกินกำหนด),Normal Period (ช่วงเวลาปกติ),Level 3: Critical Blackspot (Red Zone),No,1,0,1,2,3992785.09,34.3,69.6
THA-2020-102093,2020,3,19,9,2020-03-19,Northeast,Nakhon Ratchasima,14.93724,102.14271,Urban / City Road (ถนนในเมือง/ท้องถิ่น),Local Administration / BMA (อปท./กทม.),Motorcycle,Speeding (ขับรถเร็วเกินกำหนด),Normal Period (ช่วงเวลาปกติ),Level 1: Low Risk (Baseline Zone),Yes,0,0,0,0,79033.6,62.0,78.4
THA-2021-102094,2020,10,6,17,2020-10-06,North,Chiang Mai,18.76417,98.92748,Expressway (ทางพิเศษ),EXAT (การทางพิเศษแห่งประเทศไทย),Motorcycle,Speeding (ขับรถเร็วเกินกำหนด),Normal Period (ช่วงเวลาปกติ),Level 3: Critical Blackspot (Red Zone),Yes,1,2,0,3,5636774.38,56.4,74.0
THA-2022-102095,2023,8,8,0,2023-08-08,Central,Chonburi,13.22092,100.90431,National Highway (ทางหลวงแผ่นดิน),Department of Highways (DOH - กรมทางหลวง),Private Car,Cutting off abruptly (ตัดหน้ากระชั้นชิด),Normal Period (ช่วงเวลาปกติ),Level 2: Moderate Risk (Surveillance Zone),Yes,0,1,1,2,1076012.11,35.0,38.6
THA-2023-102096,2025,7,22,15,2025-07-22,Northeast,Nakhon Ratchasima,14.94416,102.04548,Urban / City Road (ถนนในเมือง/ท้องถิ่น),Local Administration / BMA (อปท./กทม.),Motorcycle,Fatigue / Falling asleep (หลับใน),Normal Period (ช่วงเวลาปกติ),Level 1: Low Risk (Baseline Zone),Yes,0,0,1,1,141696.54,16.7,32.8
THA-2024-102097,2022,9,13,15,2022-09-13,Northeast,Khon Kaen,16.34449,102.96376,Rural Road (ทางหลวงชนบท),Department of Rural Roads (DRR - กรมทางหลวงชนบท),Motorcycle,Speeding (ขับรถเร็วเกินกำหนด),Normal Period (ช่วงเวลาปกติ),Level 2: Moderate Risk (Surveillance Zone),Yes,0,2,3,5,1121566.65,38.5,65.9
THA-2025-102098,2023,1,12,9,2023-01-12,Central,Chonburi,13.41514,101.18199,National Highway (ทางหลวงแผ่นดิน),Department of Highways (DOH - กรมทางหลวง),Motorcycle,Cutting off abruptly (ตัดหน้ากระชั้นชิด),Normal Period (ช่วงเวลาปกติ),Level 3: Critical Blackspot (Red Zone),No,1,1,1,3,5560877.89,46.2,35.0
THA-2026-102099,2020,7,10,0,2020-07-10,North,Chiang Rai,19.76603,99.86878,Expressway (ทางพิเศษ),EXAT (การทางพิเศษแห่งประเทศไทย),Public Bus/Van,Speeding (ขับรถเร็วเกินกำหนด),Normal Period (ช่วงเวลาปกติ),Level 3: Critical Blackspot (Red Zone),No,1,0,1,2,6700230.05,22.0,85.9
THA-2020-102100,2023,10,3,3,2023-10-03,South,Phuket,7.84129,98.39407,Rural Road (ทางหลวงชนบท),Department of Rural Roads (DRR - กรมทางหลวงชนบท),Motorcycle,Speeding (ขับรถเร็วเกินกำหนด),Normal Period (ช่วงเวลาปกติ),Level 3: Critical Blackspot (Red Zone),Yes,1,0,0,1,4256268.0,32.7,76.7
THA-2021-102101,2024,4,4,2,2024-04-04,Northeast,Nakhon Ratchasima,15.14647,101.94125,National Highway (ทางหลวงแผ่นดิน),Department of Highways (DOH - กรมทางหลวง),Private Car,Cutting off abruptly (ตัดหน้ากระชั้นชิด),Normal Period (ช่วงเวลาปกติ),Level 2: Moderate Risk (Surveillance Zone),Yes,0,2,2,4,2616855.05,72.1,49.3
THA-2022-102102,2024,7,1,4,2024-07-01,Bangkok & Vicinity,Bangkok,13.70476,100.43447,Rural Road (ทางหลวงชนบท),Department of Rural Roads (DRR - กรมทางหลวงชนบท),Motorcycle,Speeding (ขับรถเร็วเกินกำหนด),Normal Period (ช่วงเวลาปกติ),Level 3: Critical Blackspot (Red Zone),Yes,1,2,0,3,6088513.03,35.3,36.1
THA-2023-102103,2022,12,13,11,2022-12-13,Northeast,Ubon Ratchathani,15.1935,104.65734,National Highway (ทางหลวงแผ่นดิน),Department of Highways (DOH - กรมทางหลวง),Motorcycle,Cutting off abruptly (ตัดหน้ากระชั้นชิด),Normal Period (ช่วงเวลาปกติ),Level 1: Low Risk (Baseline Zone),Yes,0,0,1,1,81475.39,63.1,50.2
THA-2024-102104,2022,1,24,11,2022-01-24,Central,Chonburi,13.47678,101.10396,National Highway (ทางหลวงแผ่นดิน),Department of Highways (DOH - กรมทางหลวง),Motorcycle,Speeding (ขับรถเร็วเกินกำหนด),Normal Period (ช่วงเวลาปกติ),Level 3: Critical Blackspot (Red Zone),Yes,3,0,0,3,14301080.86,57.8,76.6
THA-2025-102105,2020,5,4,12,2020-05-04,North,Chiang Mai,18.84067,98.86485,Expressway (ทางพิเศษ),EXAT (การทางพิเศษแห่งประเทศไทย),Motorcycle,Speeding (ขับรถเร็วเกินกำหนด),Normal Period (ช่วงเวลาปกติ),Level 1: Low Risk (Baseline Zone),Yes,0,0,1,1,74371.01,42.3,67.7
THA-2026-102106,2022,3,22,23,2022-03-22,Central,Saraburi,14.55389,100.98874,Rural Road (ทางหลวงชนบท),Department of Rural Roads (DRR - กรมทางหลวงชนบท),Motorcycle,Cutting off abruptly (ตัดหน้ากระชั้นชิด),Normal Period (ช่วงเวลาปกติ),Level 3: Critical Blackspot (Red Zone),Yes,1,2,0,3,7431634.31,66.0,36.6
THA-2020-102107,2020,5,11,11,2020-05-11,South,Phuket,7.91535,98.38786,Urban / City Road (ถนนในเมือง/ท้องถิ่น),Local Administration / BMA (อปท./กทม.),Motorcycle,Cutting off abruptly (ตัดหน้ากระชั้นชิด),Normal Period (ช่วงเวลาปกติ),Level 2: Moderate Risk (Surveillance Zone),No,0,2,3,5,1571784.08,33.9,10.0
THA-2021-102108,2025,4,19,15,2025-04-19,Bangkok & Vicinity,Nonthaburi,13.98905,100.44958,National Highway (ทางหลวงแผ่นดิน),Department of Highways (DOH - กรมทางหลวง),Motorcycle,Speeding (ขับรถเร็วเกินกำหนด),Normal Period (ช่วงเวลาปกติ),Level 3: Critical Blackspot (Red Zone),Yes,1,1,0,2,4594520.98,36.1,54.0
THA-2022-102109,2026,2,11,12,2026-02-11,South,Songkhla,7.16041,100.6706,Rural Road (ทางหลวงชนบท),Department of Rural Roads (DRR - กรมทางหลวงชนบท),Private Car,Cutting off abruptly (ตัดหน้ากระชั้นชิด),Normal Period (ช่วงเวลาปกติ),Level 3: Critical Blackspot (Red Zone),Yes,1,2,0,3,4846416.61,28.8,51.1
THA-2023-102110,2026,11,12,4,2026-11-12,Bangkok & Vicinity,Bangkok,13.78491,100.5522,Expressway (ทางพิเศษ),EXAT (การทางพิเศษแห่งประเทศไทย),Public Bus/Van,Fatigue / Falling asleep (หลับใน),Normal Period (ช่วงเวลาปกติ),Level 2: Moderate Risk (Surveillance Zone),Yes,0,1,2,3,1945681.26,53.2,55.1
THA-2024-102111,2025,4,11,23,2025-04-11,Bangkok & Vicinity,Bangkok,13.80432,100.54904,National Highway (ทางหลวงแผ่นดิน),Department of Highways (DOH - กรมทางหลวง),Motorcycle,Drunk driving (เมาแล้วขับ),Songkran Festival (เทศกาลสงกรานต์),Level 1: Low Risk (Baseline Zone),No,0,0,1,1,138607.13,69.4,77.1
THA-2025-102112,2024,3,6,3,2024-03-06,Bangkok & Vicinity,Bangkok,13.72347,100.43902,National Highway (ทางหลวงแผ่นดิน),Department of Highways (DOH - กรมทางหลวง),Private Car,Speeding (ขับรถเร็วเกินกำหนด),Normal Period (ช่วงเวลาปกติ),Level 3: Critical Blackspot (Red Zone),Yes,1,0,0,1,5536085.13,64.3,74.2
THA-2026-102113,2024,1,12,20,2024-01-12,South,Phuket,7.89274,98.52831,Rural Road (ทางหลวงชนบท),Department of Rural Roads (DRR - กรมทางหลวงชนบท),Public Bus/Van,Cutting off abruptly (ตัดหน้ากระชั้นชิด),Normal Period (ช่วงเวลาปกติ),Level 3: Critical Blackspot (Red Zone),No,2,0,1,3,11626756.49,36.7,45.5
THA-2020-102114,2022,12,27,14,2022-12-27,Northeast,Ubon Ratchathani,15.24256,104.90125,National Highway (ทางหลวงแผ่นดิน),Department of Highways (DOH - กรมทางหลวง),Commercial Truck,Drunk driving (เมาแล้วขับ),Normal Period (ช่วงเวลาปกติ),Level 2: Moderate Risk (Surveillance Zone),Yes,0,1,2,3,1018440.59,68.6,56.9
THA-2021-102115,2024,10,9,11,2024-10-09,Bangkok & Vicinity,Bangkok,13.76642,100.68484,National Highway (ทางหลวงแผ่นดิน),Department of Highways (DOH - กรมทางหลวง),Motorcycle,Speeding (ขับรถเร็วเกินกำหนด),Normal Period (ช่วงเวลาปกติ),Level 3: Critical Blackspot (Red Zone),No,1,1,1,3,6597877.8,69.0,53.9
THA-2022-102116,2023,8,25,18,2023-08-25,North,Phitsanulok,16.80869,100.32016,Urban / City Road (ถนนในเมือง/ท้องถิ่น),Local Administration / BMA (อปท./กทม.),Private Car,Fatigue / Falling asleep (หลับใน),Normal Period (ช่วงเวลาปกติ),Level 1: Low Risk (Baseline Zone),Yes,0,0,1,1,186809.97,19.4,10.0
THA-2023-102117,2023,5,10,20,2023-05-10,Northeast,Khon Kaen,16.3675,102.72276,Expressway (ทางพิเศษ),EXAT (การทางพิเศษแห่งประเทศไทย),Motorcycle,Road defect / Slippery surface (ถนนชำรุด/ลื่น),Normal Period (ช่วงเวลาปกติ),Level 1: Low Risk (Baseline Zone),Yes,0,0,1,1,132348.17,48.2,52.7
THA-2024-102118,2025,4,3,18,2025-04-03,Bangkok & Vicinity,Bangkok,13.75568,100.6081,Rural Road (ทางหลวงชนบท),Department of Rural Roads (DRR - กรมทางหลวงชนบท),Motorcycle,Fatigue / Falling asleep (หลับใน),Normal Period (ช่วงเวลาปกติ),Level 1: Low Risk (Baseline Zone),No,0,0,0,0,28304.1,53.2,47.4
THA-2025-102119,2022,10,3,20,2022-10-03,South,Phuket,7.93742,98.20452,Urban / City Road (ถนนในเมือง/ท้องถิ่น),Local Administration / BMA (อปท./กทม.),Motorcycle,Fatigue / Falling asleep (หลับใน),Normal Period (ช่วงเวลาปกติ),Level 1: Low Risk (Baseline Zone),Yes,0,0,0,0,49093.5,47.5,25.9
THA-2026-102120,2022,12,20,10,2022-12-20,Central,Ayutthaya,14.41916,100.43058,Urban / City Road (ถนนในเมือง/ท้องถิ่น),Local Administration / BMA (อปท./กทม.),Motorcycle,Drunk driving (เมาแล้วขับ),Normal Period (ช่วงเวลาปกติ),Level 2: Moderate Risk (Surveillance Zone),No,0,1,1,2,588042.61,28.0,45.1
THA-2020-102121,2026,5,28,20,2026-05-28,Northeast,Nakhon Ratchasima,15.0555,102.1468,Rural Road (ทางหลวงชนบท),Department of Rural Roads (DRR - กรมทางหลวงชนบท),Motorcycle,Drunk driving (เมาแล้วขับ),Normal Period (ช่วงเวลาปกติ),Level 2: Moderate Risk (Surveillance Zone),No,0,1,1,2,900043.52,28.9,67.7
THA-2021-102122,2020,4,23,5,2020-04-23,South,Surat Thani,9.12472,99.38695,National Highway (ทางหลวงแผ่นดิน),Department of Highways (DOH - กรมทางหลวง),Motorcycle,Drunk driving (เมาแล้วขับ),Normal Period (ช่วงเวลาปกติ),Level 1: Low Risk (Baseline Zone),No,0,0,1,1,59828.92,26.5,35.7
THA-2022-102123,2023,3,16,8,2023-03-16,North,Chiang Rai,19.88673,99.85404,National Highway (ทางหลวงแผ่นดิน),Department of Highways (DOH - กรมทางหลวง),Private Car,Fatigue / Falling asleep (หลับใน),Normal Period (ช่วงเวลาปกติ),Level 1: Low Risk (Baseline Zone),Yes,0,0,0,0,234983.63,37.0,78.3
THA-2023-102124,2026,5,3,0,2026-05-03,South,Songkhla,7.04616,100.59124,National Highway (ทางหลวงแผ่นดิน),Department of Highways (DOH - กรมทางหลวง),Motorcycle,Drunk driving (เมาแล้วขับ),Normal Period (ช่วงเวลาปกติ),Level 2: Moderate Risk (Surveillance Zone),No,0,2,1,3,1232977.1,48.9,45.7
THA-2024-102125,2024,4,10,11,2024-04-10,Northeast,Ubon Ratchathani,15.32795,104.7275,National Highway (ทางหลวงแผ่นดิน),Department of Highways (DOH - กรมทางหลวง),Motorcycle,Speeding (ขับรถเร็วเกินกำหนด),Songkran Festival (เทศกาลสงกรานต์),Level 1: Low Risk (Baseline Zone),No,0,0,1,1,127835.65,58.6,60.7
THA-2025-102126,2023,1,24,13,2023-01-24,Northeast,Khon Kaen,16.50588,102.64192,National Highway (ทางหลวงแผ่นดิน),Department of Highways (DOH - กรมทางหลวง),Motorcycle,Speeding (ขับรถเร็วเกินกำหนด),Normal Period (ช่วงเวลาปกติ),Level 1: Low Risk (Baseline Zone),Yes,0,0,1,1,105138.96,47.8,81.1
THA-2026-102127,2021,12,11,5,2021-12-11,Bangkok & Vicinity,Bangkok,13.64924,100.47347,National Highway (ทางหลวงแผ่นดิน),Department of Highways (DOH - กรมทางหลวง),Motorcycle,Road defect / Slippery surface (ถนนชำรุด/ลื่น),Normal Period (ช่วงเวลาปกติ),Level 1: Low Risk (Baseline Zone),Yes,0,0,1,1,131679.66,59.8,46.6
THA-2020-102128,2022,3,8,0,2022-03-08,South,Phuket,7.89422,98.34076,National Highway (ทางหลวงแผ่นดิน),Department of Highways (DOH - กรมทางหลวง),Private Car,Speeding (ขับรถเร็วเกินกำหนด),Normal Period (ช่วงเวลาปกติ),Level 1: Low Risk (Baseline Zone),Yes,0,0,0,0,297512.4,70.2,80.9
THA-2021-102129,2025,10,6,21,2025-10-06,North,Chiang Rai,19.8565,99.94024,National Highway (ทางหลวงแผ่นดิน),Department of Highways (DOH - กรมทางหลวง),Public Bus/Van,Drunk driving (เมาแล้วขับ),Normal Period (ช่วงเวลาปกติ),Level 1: Low Risk (Baseline Zone),Yes,0,0,1,1,1324693.79,55.0,62.0
THA-2022-102130,2023,10,20,1,2023-10-20,Bangkok & Vicinity,Bangkok,13.86328,100.4636,Rural Road (ทางหลวงชนบท),Department of Rural Roads (DRR - กรมทางหลวงชนบท),Motorcycle,Running red light / Signal violation (ฝ่าฝืนสัญญาณไฟ),Normal Period (ช่วงเวลาปกติ),Level 1: Low Risk (Baseline Zone),No,0,0,0,0,78914.03,62.7,15.1
THA-2023-102131,2023,8,11,23,2023-08-11,Bangkok & Vicinity,Bangkok,13.72083,100.47597,National Highway (ทางหลวงแผ่นดิน),Department of Highways (DOH - กรมทางหลวง),Motorcycle,Drunk driving (เมาแล้วขับ),Normal Period (ช่วงเวลาปกติ),Level 1: Low Risk (Baseline Zone),No,0,0,0,0,71792.07,79.4,70.2
THA-2024-102132,2020,7,28,10,2020-07-28,Northeast,Nakhon Ratchasima,15.1795,102.09933,Urban / City Road (ถนนในเมือง/ท้องถิ่น),Local Administration / BMA (อปท./กทม.),Commercial Truck,Running red light / Signal violation (ฝ่าฝืนสัญญาณไฟ),Normal Period (ช่วงเวลาปกติ),Level 3: Critical Blackspot (Red Zone),Yes,1,0,0,1,5895101.96,14.5,33.7
THA-2025-102133,2020,2,27,2,2020-02-27,Northeast,Nakhon Ratchasima,15.12129,102.16368,National Highway (ทางหลวงแผ่นดิน),Department of Highways (DOH - กรมทางหลวง),Motorcycle,Drunk driving (เมาแล้วขับ),Normal Period (ช่วงเวลาปกติ),Level 3: Critical Blackspot (Red Zone),No,1,2,0,3,6002639.66,49.7,85.2
THA-2026-102134,2026,1,21,9,2026-01-21,Central,Chonburi,13.35166,100.92644,Urban / City Road (ถนนในเมือง/ท้องถิ่น),Local Administration / BMA (อปท./กทม.),Commercial Truck,Speeding (ขับรถเร็วเกินกำหนด),Normal Period (ช่วงเวลาปกติ),Level 1: Low Risk (Baseline Zone),No,0,0,0,0,466201.99,32.8,54.6
THA-2020-102135,2022,3,12,5,2022-03-12,South,Phuket,7.95053,98.32155,Expressway (ทางพิเศษ),EXAT (การทางพิเศษแห่งประเทศไทย),Motorcycle,Fatigue / Falling asleep (หลับใน),Normal Period (ช่วงเวลาปกติ),Level 2: Moderate Risk (Surveillance Zone),Yes,0,1,1,2,959153.68,26.9,57.8
THA-2021-102136,2024,5,16,5,2024-05-16,Bangkok & Vicinity,Bangkok,13.72151,100.5611,Rural Road (ทางหลวงชนบท),Department of Rural Roads (DRR - กรมทางหลวงชนบท),Motorcycle,Speeding (ขับรถเร็วเกินกำหนด),Normal Period (ช่วงเวลาปกติ),Level 1: Low Risk (Baseline Zone),Yes,0,0,0,0,38795.53,18.6,58.6
THA-2022-102137,2020,10,18,19,2020-10-18,Central,Chonburi,13.33945,100.94915,Urban / City Road (ถนนในเมือง/ท้องถิ่น),Local Administration / BMA (อปท./กทม.),Motorcycle,Cutting off abruptly (ตัดหน้ากระชั้นชิด),Normal Period (ช่วงเวลาปกติ),Level 1: Low Risk (Baseline Zone),No,0,0,1,1,96855.32,23.4,50.2
THA-2023-102138,2024,11,13,20,2024-11-13,Bangkok & Vicinity,Bangkok,13.72859,100.44,Expressway (ทางพิเศษ),EXAT (การทางพิเศษแห่งประเทศไทย),Motorcycle,Speeding (ขับรถเร็วเกินกำหนด),Normal Period (ช่วงเวลาปกติ),Level 1: Low Risk (Baseline Zone),No,0,0,0,0,85637.68,45.8,74.7
THA-2024-102139,2026,12,22,1,2026-12-22,Central,Saraburi,14.56935,100.91406,National Highway (ทางหลวงแผ่นดิน),Department of Highways (DOH - กรมทางหลวง),Motorcycle,Speeding (ขับรถเร็วเกินกำหนด),Normal Period (ช่วงเวลาปกติ),Level 1: Low Risk (Baseline Zone),No,0,0,1,1,101542.23,59.3,30.7
THA-2025-102140,2024,1,3,23,2024-01-03,Central,Ayutthaya,14.23114,100.52453,Expressway (ทางพิเศษ),EXAT (การทางพิเศษแห่งประเทศไทย),Commercial Truck,Cutting off abruptly (ตัดหน้ากระชั้นชิด),New Year Festival (เทศกาลปีใหม่),Level 1: Low Risk (Baseline Zone),Yes,0,0,1,1,1178955.42,10.0,41.7
THA-2026-102141,2021,3,15,9,2021-03-15,Northeast,Nakhon Ratchasima,14.94687,102.06414,Urban / City Road (ถนนในเมือง/ท้องถิ่น),Local Administration / BMA (อปท./กทม.),Private Car,Speeding (ขับรถเร็วเกินกำหนด),Normal Period (ช่วงเวลาปกติ),Level 1: Low Risk (Baseline Zone),Yes,0,0,1,1,374966.57,30.0,82.0
THA-2020-102142,2024,3,22,22,2024-03-22,Central,Chonburi,13.41502,100.9215,Urban / City Road (ถนนในเมือง/ท้องถิ่น),Local Administration / BMA (อปท./กทม.),Private Car,Drunk driving (เมาแล้วขับ),Normal Period (ช่วงเวลาปกติ),Level 2: Moderate Risk (Surveillance Zone),Yes,0,1,1,2,1479020.76,41.6,78.5
THA-2021-102143,2025,5,28,5,2025-05-28,North,Chiang Mai,19.03165,99.11,National Highway (ทางหลวงแผ่นดิน),Department of Highways (DOH - กรมทางหลวง),Private Car,Fatigue / Falling asleep (หลับใน),Normal Period (ช่วงเวลาปกติ),Level 2: Moderate Risk (Surveillance Zone),No,0,1,1,2,903630.24,74.5,47.6
THA-2022-102144,2023,3,21,22,2023-03-21,Northeast,Nakhon Ratchasima,15.10417,102.00477,Rural Road (ทางหลวงชนบท),Department of Rural Roads (DRR - กรมทางหลวงชนบท),Motorcycle,Speeding (ขับรถเร็วเกินกำหนด),Normal Period (ช่วงเวลาปกติ),Level 2: Moderate Risk (Surveillance Zone),No,0,1,1,2,734223.86,44.5,81.0
THA-2023-102145,2026,9,14,16,2026-09-14,Central,Ayutthaya,14.17045,100.53788,Rural Road (ทางหลวงชนบท),Department of Rural Roads (DRR - กรมทางหลวงชนบท),Private Car,Speeding (ขับรถเร็วเกินกำหนด),Normal Period (ช่วงเวลาปกติ),Level 1: Low Risk (Baseline Zone),Yes,0,0,1,1,320145.63,38.7,83.4
THA-2024-102146,2024,1,18,13,2024-01-18,North,Phitsanulok,16.84752,100.25132,Rural Road (ทางหลวงชนบท),Department of Rural Roads (DRR - กรมทางหลวงชนบท),Motorcycle,Drunk driving (เมาแล้วขับ),Normal Period (ช่วงเวลาปกติ),Level 1: Low Risk (Baseline Zone),No,0,0,1,1,65590.56,28.4,61.3
THA-2025-102147,2026,4,28,4,2026-04-28,North,Chiang Mai,18.74062,98.82861,Rural Road (ทางหลวงชนบท),Department of Rural Roads (DRR - กรมทางหลวงชนบท),Private Car,Drunk driving (เมาแล้วขับ),Normal Period (ช่วงเวลาปกติ),Level 3: Critical Blackspot (Red Zone),Yes,1,2,0,3,5177513.72,14.2,61.7
THA-2026-102148,2024,10,14,22,2024-10-14,Northeast,Nakhon Ratchasima,14.91941,102.07592,National Highway (ทางหลวงแผ่นดิน),Department of Highways (DOH - กรมทางหลวง),Motorcycle,Road defect / Slippery surface (ถนนชำรุด/ลื่น),Normal Period (ช่วงเวลาปกติ),Level 1: Low Risk (Baseline Zone),No,0,0,0,0,39229.32,37.2,42.5
THA-2020-102149,2021,10,5,16,2021-10-05,Central,Ayutthaya,14.30862,100.5233,National Highway (ทางหลวงแผ่นดิน),Department of Highways (DOH - กรมทางหลวง),Private Car,Speeding (ขับรถเร็วเกินกำหนด),Normal Period (ช่วงเวลาปกติ),Level 2: Moderate Risk (Surveillance Zone),Yes,0,2,2,4,2240911.39,46.4,69.3
THA-2021-102150,2022,4,21,1,2022-04-21,North,Chiang Mai,18.71645,99.13424,National Highway (ทางหลวงแผ่นดิน),Department of Highways (DOH - กรมทางหลวง),Commercial Truck,Fatigue / Falling asleep (หลับใน),Normal Period (ช่วงเวลาปกติ),Level 3: Critical Blackspot (Red Zone),Yes,1,1,0,2,5021847.18,36.0,22.8
THA-2022-102151,2021,1,14,8,2021-01-14,Bangkok & Vicinity,Bangkok,13.82006,100.58784,National Highway (ทางหลวงแผ่นดิน),Department of Highways (DOH - กรมทางหลวง),Motorcycle,Cutting off abruptly (ตัดหน้ากระชั้นชิด),Normal Period (ช่วงเวลาปกติ),Level 2: Moderate Risk (Surveillance Zone),No,0,2,2,4,1675779.08,47.7,39.6
THA-2023-102152,2026,2,25,11,2026-02-25,Central,Chonburi,13.38565,100.86454,National Highway (ทางหลวงแผ่นดิน),Department of Highways (DOH - กรมทางหลวง),Motorcycle,Drunk driving (เมาแล้วขับ),Normal Period (ช่วงเวลาปกติ),Level 3: Critical Blackspot (Red Zone),Yes,1,1,0,2,5031684.73,46.8,87.3
THA-2024-102153,2025,11,27,18,2025-11-27,Central,Ayutthaya,14.41966,100.68974,National Highway (ทางหลวงแผ่นดิน),Department of Highways (DOH - กรมทางหลวง),Motorcycle,Speeding (ขับรถเร็วเกินกำหนด),Normal Period (ช่วงเวลาปกติ),Level 1: Low Risk (Baseline Zone),Yes,0,0,0,0,51392.08,73.4,77.0
THA-2025-102154,2024,1,8,21,2024-01-08,Bangkok & Vicinity,Bangkok,13.89077,100.55793,National Highway (ทางหลวงแผ่นดิน),Department of Highways (DOH - กรมทางหลวง),Motorcycle,Cutting off abruptly (ตัดหน้ากระชั้นชิด),Normal Period (ช่วงเวลาปกติ),Level 2: Moderate Risk (Surveillance Zone),Yes,0,1,1,2,811754.8,62.8,66.8
THA-2026-102155,2022,6,28,6,2022-06-28,Bangkok & Vicinity,Nonthaburi,13.86219,100.51323,Rural Road (ทางหลวงชนบท),Department of Rural Roads (DRR - กรมทางหลวงชนบท),Private Car,Speeding (ขับรถเร็วเกินกำหนด),Normal Period (ช่วงเวลาปกติ),Level 3: Critical Blackspot (Red Zone),No,1,2,0,3,7144466.96,42.6,98.0
THA-2020-102156,2021,3,28,8,2021-03-28,Bangkok & Vicinity,Bangkok,13.80299,100.35411,National Highway (ทางหลวงแผ่นดิน),Department of Highways (DOH - กรมทางหลวง),Public Bus/Van,Speeding (ขับรถเร็วเกินกำหนด),Normal Period (ช่วงเวลาปกติ),Level 3: Critical Blackspot (Red Zone),No,1,1,0,2,7088225.96,52.1,43.2
THA-2021-102157,2025,7,23,20,2025-07-23,North,Chiang Mai,18.84577,98.94159,Expressway (ทางพิเศษ),EXAT (การทางพิเศษแห่งประเทศไทย),Motorcycle,Cutting off abruptly (ตัดหน้ากระชั้นชิด),Normal Period (ช่วงเวลาปกติ),Level 2: Moderate Risk (Surveillance Zone),Yes,0,1,2,3,1334528.89,57.8,27.7
THA-2022-102158,2023,5,15,15,2023-05-15,North,Phitsanulok,17.01995,100.23886,Urban / City Road (ถนนในเมือง/ท้องถิ่น),Local Administration / BMA (อปท./กทม.),Motorcycle,Fatigue / Falling asleep (หลับใน),Normal Period (ช่วงเวลาปกติ),Level 1: Low Risk (Baseline Zone),No,0,0,1,1,108950.62,54.1,29.8
THA-2023-102159,2021,9,28,19,2021-09-28,Central,Chonburi,13.37861,100.99772,Urban / City Road (ถนนในเมือง/ท้องถิ่น),Local Administration / BMA (อปท./กทม.),Private Car,Drunk driving (เมาแล้วขับ),Normal Period (ช่วงเวลาปกติ),Level 2: Moderate Risk (Surveillance Zone),Yes,0,1,2,3,1182013.72,49.9,87.0
THA-2024-102160,2024,7,15,10,2024-07-15,Northeast,Ubon Ratchathani,15.18251,104.88846,National Highway (ทางหลวงแผ่นดิน),Department of Highways (DOH - กรมทางหลวง),Motorcycle,Cutting off abruptly (ตัดหน้ากระชั้นชิด),Normal Period (ช่วงเวลาปกติ),Level 2: Moderate Risk (Surveillance Zone),No,0,1,2,3,621583.25,59.2,44.9
THA-2025-102161,2020,4,19,11,2020-04-19,Northeast,Khon Kaen,16.46299,102.91565,Rural Road (ทางหลวงชนบท),Department of Rural Roads (DRR - กรมทางหลวงชนบท),Motorcycle,Cutting off abruptly (ตัดหน้ากระชั้นชิด),Normal Period (ช่วงเวลาปกติ),Level 3: Critical Blackspot (Red Zone),Yes,1,0,0,1,4344975.46,44.7,33.2
THA-2026-102162,2022,5,26,14,2022-05-26,North,Chiang Mai,18.85314,99.00214,Rural Road (ทางหลวงชนบท),Department of Rural Roads (DRR - กรมทางหลวงชนบท),Commercial Truck,Cutting off abruptly (ตัดหน้ากระชั้นชิด),Normal Period (ช่วงเวลาปกติ),Level 2: Moderate Risk (Surveillance Zone),Yes,0,1,2,3,2528993.48,32.8,46.3
THA-2020-102163,2023,5,20,17,2023-05-20,Central,Saraburi,14.45521,100.83973,Expressway (ทางพิเศษ),EXAT (การทางพิเศษแห่งประเทศไทย),Private Car,Running red light / Signal violation (ฝ่าฝืนสัญญาณไฟ),Normal Period (ช่วงเวลาปกติ),Level 2: Moderate Risk (Surveillance Zone),Yes,0,1,3,4,1019763.39,30.4,23.0
THA-2021-102164,2021,11,6,18,2021-11-06,Northeast,Nakhon Ratchasima,15.12903,102.10564,Urban / City Road (ถนนในเมือง/ท้องถิ่น),Local Administration / BMA (อปท./กทม.),Motorcycle,Cutting off abruptly (ตัดหน้ากระชั้นชิด),Normal Period (ช่วงเวลาปกติ),Level 1: Low Risk (Baseline Zone),Yes,0,0,1,1,112857.02,29.1,54.2
THA-2022-102165,2026,5,19,15,2026-05-19,South,Songkhla,7.36249,100.54066,Rural Road (ทางหลวงชนบท),Department of Rural Roads (DRR - กรมทางหลวงชนบท),Motorcycle,Speeding (ขับรถเร็วเกินกำหนด),Normal Period (ช่วงเวลาปกติ),Level 3: Critical Blackspot (Red Zone),Yes,1,1,1,3,6633997.08,55.4,67.7
THA-2023-102166,2021,10,27,14,2021-10-27,Northeast,Khon Kaen,16.62964,102.73868,Urban / City Road (ถนนในเมือง/ท้องถิ่น),Local Administration / BMA (อปท./กทม.),Private Car,Speeding (ขับรถเร็วเกินกำหนด),Normal Period (ช่วงเวลาปกติ),Level 1: Low Risk (Baseline Zone),Yes,0,0,1,1,228074.91,39.2,43.6
THA-2024-102167,2021,9,25,4,2021-09-25,Bangkok & Vicinity,Bangkok,13.71685,100.54159,National Highway (ทางหลวงแผ่นดิน),Department of Highways (DOH - กรมทางหลวง),Private Car,Drunk driving (เมาแล้วขับ),Normal Period (ช่วงเวลาปกติ),Level 1: Low Risk (Baseline Zone),Yes,0,0,1,1,362903.05,70.2,31.8
THA-2025-102168,2021,10,8,10,2021-10-08,Northeast,Ubon Ratchathani,15.33458,104.90833,National Highway (ทางหลวงแผ่นดิน),Department of Highways (DOH - กรมทางหลวง),Commercial Truck,Cutting off abruptly (ตัดหน้ากระชั้นชิด),Normal Period (ช่วงเวลาปกติ),Level 1: Low Risk (Baseline Zone),Yes,0,0,0,0,916234.56,34.6,17.7
THA-2026-102169,2025,3,6,14,2025-03-06,North,Chiang Mai,18.61612,98.93378,Rural Road (ทางหลวงชนบท),Department of Rural Roads (DRR - กรมทางหลวงชนบท),Motorcycle,Speeding (ขับรถเร็วเกินกำหนด),Normal Period (ช่วงเวลาปกติ),Level 1: Low Risk (Baseline Zone),No,0,0,0,0,67855.49,24.1,33.1
THA-2020-102170,2023,6,20,17,2023-06-20,Northeast,Ubon Ratchathani,15.1417,104.72298,National Highway (ทางหลวงแผ่นดิน),Department of Highways (DOH - กรมทางหลวง),Public Bus/Van,Fatigue / Falling asleep (หลับใน),Normal Period (ช่วงเวลาปกติ),Level 1: Low Risk (Baseline Zone),Yes,0,0,0,0,467925.69,39.5,57.7
THA-2021-102171,2024,8,23,12,2024-08-23,Bangkok & Vicinity,Bangkok,13.75484,100.31176,National Highway (ทางหลวงแผ่นดิน),Department of Highways (DOH - กรมทางหลวง),Private Car,Drunk driving (เมาแล้วขับ),Normal Period (ช่วงเวลาปกติ),Level 2: Moderate Risk (Surveillance Zone),No,0,1,1,2,1445745.9,60.6,50.7
THA-2022-102172,2020,11,15,3,2020-11-15,Bangkok & Vicinity,Bangkok,13.84629,100.56883,Urban / City Road (ถนนในเมือง/ท้องถิ่น),Local Administration / BMA (อปท./กทม.),Private Car,Drunk driving (เมาแล้วขับ),Normal Period (ช่วงเวลาปกติ),Level 1: Low Risk (Baseline Zone),No,0,0,0,0,215565.2,23.8,44.7
THA-2023-102173,2020,9,27,16,2020-09-27,Central,Saraburi,14.67465,100.8148,National Highway (ทางหลวงแผ่นดิน),Department of Highways (DOH - กรมทางหลวง),Private Car,Speeding (ขับรถเร็วเกินกำหนด),Normal Period (ช่วงเวลาปกติ),Level 1: Low Risk (Baseline Zone),Yes,0,0,1,1,497104.13,30.6,80.8
THA-2024-102174,2023,7,3,3,2023-07-03,Bangkok & Vicinity,Nonthaburi,13.77496,100.60809,Rural Road (ทางหลวงชนบท),Department of Rural Roads (DRR - กรมทางหลวงชนบท),Motorcycle,Speeding (ขับรถเร็วเกินกำหนด),Normal Period (ช่วงเวลาปกติ),Level 3: Critical Blackspot (Red Zone),Yes,2,2,1,5,9510619.68,71.0,75.6
THA-2025-102175,2025,12,10,15,2025-12-10,Central,Ayutthaya,14.4547,100.68978,Urban / City Road (ถนนในเมือง/ท้องถิ่น),Local Administration / BMA (อปท./กทม.),Public Bus/Van,Road defect / Slippery surface (ถนนชำรุด/ลื่น),Normal Period (ช่วงเวลาปกติ),Level 2: Moderate Risk (Surveillance Zone),Yes,0,2,2,4,1500876.19,57.1,62.4
THA-2026-102176,2026,3,15,22,2026-03-15,Bangkok & Vicinity,Nonthaburi,13.96597,100.53312,National Highway (ทางหลวงแผ่นดิน),Department of Highways (DOH - กรมทางหลวง),Motorcycle,Fatigue / Falling asleep (หลับใน),Normal Period (ช่วงเวลาปกติ),Level 2: Moderate Risk (Surveillance Zone),Yes,0,2,3,5,1133636.24,63.4,51.3
THA-2020-102177,2020,1,24,14,2020-01-24,Northeast,Khon Kaen,16.39079,102.88975,National Highway (ทางหลวงแผ่นดิน),Department of Highways (DOH - กรมทางหลวง),Motorcycle,Speeding (ขับรถเร็วเกินกำหนด),Normal Period (ช่วงเวลาปกติ),Level 2: Moderate Risk (Surveillance Zone),No,0,1,1,2,1174358.19,60.3,65.9
THA-2021-102178,2023,4,16,13,2023-04-16,Northeast,Ubon Ratchathani,15.20503,104.85678,National Highway (ทางหลวงแผ่นดิน),Department of Highways (DOH - กรมทางหลวง),Commercial Truck,Speeding (ขับรถเร็วเกินกำหนด),Songkran Festival (เทศกาลสงกรานต์),Level 2: Moderate Risk (Surveillance Zone),Yes,0,1,2,3,1432335.34,73.5,88.8
THA-2022-102179,2026,6,17,11,2026-06-17,Northeast,Nakhon Ratchasima,14.94554,102.1218,National Highway (ทางหลวงแผ่นดิน),Department of Highways (DOH - กรมทางหลวง),Private Car,Cutting off abruptly (ตัดหน้ากระชั้นชิด),Normal Period (ช่วงเวลาปกติ),Level 2: Moderate Risk (Surveillance Zone),Yes,0,1,3,4,1101439.08,84.4,23.5
THA-2023-102180,2022,3,19,2,2022-03-19,North,Chiang Mai,18.90009,98.95385,National Highway (ทางหลวงแผ่นดิน),Department of Highways (DOH - กรมทางหลวง),Commercial Truck,Speeding (ขับรถเร็วเกินกำหนด),Normal Period (ช่วงเวลาปกติ),Level 3: Critical Blackspot (Red Zone),Yes,1,0,0,1,4994808.69,79.1,42.3
THA-2024-102181,2025,1,11,9,2025-01-11,Bangkok & Vicinity,Bangkok,13.71118,100.49225,National Highway (ทางหลวงแผ่นดิน),Department of Highways (DOH - กรมทางหลวง),Motorcycle,Drunk driving (เมาแล้วขับ),Normal Period (ช่วงเวลาปกติ),Level 1: Low Risk (Baseline Zone),Yes,0,0,0,0,68426.25,40.5,69.3
THA-2025-102182,2021,6,16,7,2021-06-16,Bangkok & Vicinity,Bangkok,13.65019,100.56157,National Highway (ทางหลวงแผ่นดิน),Department of Highways (DOH - กรมทางหลวง),Motorcycle,Running red light / Signal violation (ฝ่าฝืนสัญญาณไฟ),Normal Period (ช่วงเวลาปกติ),Level 1: Low Risk (Baseline Zone),Yes,0,0,0,0,61894.24,70.7,44.5
THA-2026-102183,2026,1,5,5,2026-01-05,North,Chiang Mai,18.79879,98.98212,National Highway (ทางหลวงแผ่นดิน),Department of Highways (DOH - กรมทางหลวง),Public Bus/Van,Speeding (ขับรถเร็วเกินกำหนด),Normal Period (ช่วงเวลาปกติ),Level 3: Critical Blackspot (Red Zone),Yes,1,1,1,3,6882847.82,40.6,73.6
THA-2020-102184,2025,9,5,21,2025-09-05,Northeast,Ubon Ratchathani,15.27438,104.71464,Rural Road (ทางหลวงชนบท),Department of Rural Roads (DRR - กรมทางหลวงชนบท),Motorcycle,Speeding (ขับรถเร็วเกินกำหนด),Normal Period (ช่วงเวลาปกติ),Level 2: Moderate Risk (Surveillance Zone),Yes,0,1,1,2,572266.56,28.8,78.3
THA-2021-102185,2026,11,26,13,2026-11-26,South,Surat Thani,9.26426,99.27473,Urban / City Road (ถนนในเมือง/ท้องถิ่น),Local Administration / BMA (อปท./กทม.),Commercial Truck,Road defect / Slippery surface (ถนนชำรุด/ลื่น),Normal Period (ช่วงเวลาปกติ),Level 2: Moderate Risk (Surveillance Zone),No,0,2,1,3,2050277.88,45.1,10.0
THA-2022-102186,2024,12,14,16,2024-12-14,Central,Saraburi,14.49517,100.98865,Urban / City Road (ถนนในเมือง/ท้องถิ่น),Local Administration / BMA (อปท./กทม.),Motorcycle,Speeding (ขับรถเร็วเกินกำหนด),Normal Period (ช่วงเวลาปกติ),Level 2: Moderate Risk (Surveillance Zone),Yes,0,1,2,3,875628.16,56.7,53.8
THA-2023-102187,2022,1,18,20,2022-01-18,Central,Chonburi,13.41611,101.1646,Rural Road (ทางหลวงชนบท),Department of Rural Roads (DRR - กรมทางหลวงชนบท),Commercial Truck,Running red light / Signal violation (ฝ่าฝืนสัญญาณไฟ),Normal Period (ช่วงเวลาปกติ),Level 1: Low Risk (Baseline Zone),Yes,0,0,1,1,905274.63,46.0,30.3
THA-2024-102188,2026,6,26,18,2026-06-26,Central,Chonburi,13.27423,100.90031,National Highway (ทางหลวงแผ่นดิน),Department of Highways (DOH - กรมทางหลวง),Motorcycle,Drunk driving (เมาแล้วขับ),Normal Period (ช่วงเวลาปกติ),Level 1: Low Risk (Baseline Zone),Yes,0,0,0,0,29541.86,49.7,59.8
THA-2025-102189,2022,1,8,15,2022-01-08,Northeast,Ubon Ratchathani,15.13717,104.85932,Rural Road (ทางหลวงชนบท),Department of Rural Roads (DRR - กรมทางหลวงชนบท),Private Car,Road defect / Slippery surface (ถนนชำรุด/ลื่น),Normal Period (ช่วงเวลาปกติ),Level 2: Moderate Risk (Surveillance Zone),Yes,0,1,1,2,1411996.34,34.8,46.4
THA-2026-102190,2022,12,5,14,2022-12-05,Bangkok & Vicinity,Nonthaburi,13.83775,100.45082,National Highway (ทางหลวงแผ่นดิน),Department of Highways (DOH - กรมทางหลวง),Commercial Truck,Speeding (ขับรถเร็วเกินกำหนด),Normal Period (ช่วงเวลาปกติ),Level 1: Low Risk (Baseline Zone),Yes,0,0,0,0,897954.6,46.0,91.5
THA-2020-102191,2024,7,7,14,2024-07-07,South,Phuket,7.87449,98.29941,National Highway (ทางหลวงแผ่นดิน),Department of Highways (DOH - กรมทางหลวง),Motorcycle,Speeding (ขับรถเร็วเกินกำหนด),Normal Period (ช่วงเวลาปกติ),Level 2: Moderate Risk (Surveillance Zone),Yes,0,2,2,4,1912635.19,53.6,64.2
THA-2021-102192,2025,3,16,0,2025-03-16,Northeast,Ubon Ratchathani,15.38394,104.78437,Urban / City Road (ถนนในเมือง/ท้องถิ่น),Local Administration / BMA (อปท./กทม.),Private Car,Cutting off abruptly (ตัดหน้ากระชั้นชิด),Normal Period (ช่วงเวลาปกติ),Level 2: Moderate Risk (Surveillance Zone),Yes,0,1,2,3,1362599.85,41.1,25.1
THA-2022-102193,2026,6,23,23,2026-06-23,Northeast,Nakhon Ratchasima,14.9285,101.88298,National Highway (ทางหลวงแผ่นดิน),Department of Highways (DOH - กรมทางหลวง),Commercial Truck,Cutting off abruptly (ตัดหน้ากระชั้นชิด),Normal Period (ช่วงเวลาปกติ),Level 1: Low Risk (Baseline Zone),Yes,0,0,1,1,613867.52,50.8,11.5
THA-2023-102194,2021,7,14,22,2021-07-14,Bangkok & Vicinity,Bangkok,13.6082,100.44888,National Highway (ทางหลวงแผ่นดิน),Department of Highways (DOH - กรมทางหลวง),Private Car,Speeding (ขับรถเร็วเกินกำหนด),Normal Period (ช่วงเวลาปกติ),Level 1: Low Risk (Baseline Zone),Yes,0,0,1,1,451907.79,59.7,82.0
THA-2024-102195,2025,1,5,22,2025-01-05,North,Phitsanulok,16.79361,100.33064,Urban / City Road (ถนนในเมือง/ท้องถิ่น),Local Administration / BMA (อปท./กทม.),Public Bus/Van,Running red light / Signal violation (ฝ่าฝืนสัญญาณไฟ),Normal Period (ช่วงเวลาปกติ),Level 1: Low Risk (Baseline Zone),Yes,0,0,1,1,966754.14,37.3,45.7
THA-2025-102196,2025,1,24,11,2025-01-24,North,Phitsanulok,16.6865,100.3066,Urban / City Road (ถนนในเมือง/ท้องถิ่น),Local Administration / BMA (อปท./กทม.),Motorcycle,Fatigue / Falling asleep (หลับใน),Normal Period (ช่วงเวลาปกติ),Level 2: Moderate Risk (Surveillance Zone),No,0,1,2,3,1174254.23,52.0,32.0
THA-2026-102197,2020,5,9,9,2020-05-09,Central,Saraburi,14.58508,100.97173,National Highway (ทางหลวงแผ่นดิน),Department of Highways (DOH - กรมทางหลวง),Motorcycle,Drunk driving (เมาแล้วขับ),Normal Period (ช่วงเวลาปกติ),Level 1: Low Risk (Baseline Zone),No,0,0,1,1,86635.48,55.6,58.8
THA-2020-102198,2022,6,4,13,2022-06-04,Northeast,Nakhon Ratchasima,15.07311,101.99323,National Highway (ทางหลวงแผ่นดิน),Department of Highways (DOH - กรมทางหลวง),Motorcycle,Speeding (ขับรถเร็วเกินกำหนด),Normal Period (ช่วงเวลาปกติ),Level 1: Low Risk (Baseline Zone),No,0,0,1,1,122803.38,35.9,44.6
THA-2021-102199,2022,9,4,9,2022-09-04,North,Chiang Rai,19.95921,99.99946,Rural Road (ทางหลวงชนบท),Department of Rural Roads (DRR - กรมทางหลวงชนบท),Motorcycle,Drunk driving (เมาแล้วขับ),Normal Period (ช่วงเวลาปกติ),Level 1: Low Risk (Baseline Zone),Yes,0,0,1,1,119798.94,45.4,69.1
THA-2022-102200,2022,1,16,9,2022-01-16,South,Songkhla,7.30162,100.78458,Urban / City Road (ถนนในเมือง/ท้องถิ่น),Local Administration / BMA (อปท./กทม.),Motorcycle,Drunk driving (เมาแล้วขับ),Normal Period (ช่วงเวลาปกติ),Level 3: Critical Blackspot (Red Zone),No,1,0,1,2,5485542.99,43.0,58.6
THA-2023-102201,2026,4,24,19,2026-04-24,Bangkok & Vicinity,Bangkok,13.77799,100.44853,National Highway (ทางหลวงแผ่นดิน),Department of Highways (DOH - กรมทางหลวง),Private Car,Cutting off abruptly (ตัดหน้ากระชั้นชิด),Normal Period (ช่วงเวลาปกติ),Level 1: Low Risk (Baseline Zone),Yes,0,0,1,1,413939.07,42.3,26.4
THA-2024-102202,2024,10,17,10,2024-10-17,North,Chiang Rai,19.68276,99.72875,Rural Road (ทางหลวงชนบท),Department of Rural Roads (DRR - กรมทางหลวงชนบท),Motorcycle,Road defect / Slippery surface (ถนนชำรุด/ลื่น),Normal Period (ช่วงเวลาปกติ),Level 1: Low Risk (Baseline Zone),Yes,0,0,1,1,67469.65,53.9,37.3
THA-2025-102203,2024,8,15,21,2024-08-15,Bangkok & Vicinity,Bangkok,13.70901,100.47074,Expressway (ทางพิเศษ),EXAT (การทางพิเศษแห่งประเทศไทย),Motorcycle,Speeding (ขับรถเร็วเกินกำหนด),Normal Period (ช่วงเวลาปกติ),Level 2: Moderate Risk (Surveillance Zone),No,0,2,1,3,2013658.61,43.8,45.4
THA-2026-102204,2026,10,4,15,2026-10-04,Central,Chonburi,13.28984,101.01526,National Highway (ทางหลวงแผ่นดิน),Department of Highways (DOH - กรมทางหลวง),Motorcycle,Speeding (ขับรถเร็วเกินกำหนด),Normal Period (ช่วงเวลาปกติ),Level 3: Critical Blackspot (Red Zone),No,1,1,0,2,6080850.44,73.8,50.6
THA-2020-102205,2022,9,6,8,2022-09-06,South,Phuket,7.89793,98.39599,Urban / City Road (ถนนในเมือง/ท้องถิ่น),Local Administration / BMA (อปท./กทม.),Commercial Truck,Speeding (ขับรถเร็วเกินกำหนด),Normal Period (ช่วงเวลาปกติ),Level 2: Moderate Risk (Surveillance Zone),Yes,0,1,1,2,1721210.5,30.4,76.5
THA-2021-102206,2025,3,16,14,2025-03-16,North,Chiang Mai,18.85898,98.94303,Expressway (ทางพิเศษ),EXAT (การทางพิเศษแห่งประเทศไทย),Private Car,Fatigue / Falling asleep (หลับใน),Normal Period (ช่วงเวลาปกติ),Level 2: Moderate Risk (Surveillance Zone),Yes,0,1,3,4,1511079.28,65.6,39.0
THA-2022-102207,2023,11,4,13,2023-11-04,Central,Saraburi,14.62754,100.80246,National Highway (ทางหลวงแผ่นดิน),Department of Highways (DOH - กรมทางหลวง),Motorcycle,Drunk driving (เมาแล้วขับ),Normal Period (ช่วงเวลาปกติ),Level 3: Critical Blackspot (Red Zone),Yes,1,1,0,2,5720828.17,49.4,48.5
THA-2023-102208,2025,2,6,18,2025-02-06,North,Chiang Mai,18.76098,99.01397,Urban / City Road (ถนนในเมือง/ท้องถิ่น),Local Administration / BMA (อปท./กทม.),Commercial Truck,Speeding (ขับรถเร็วเกินกำหนด),Normal Period (ช่วงเวลาปกติ),Level 1: Low Risk (Baseline Zone),No,0,0,1,1,1289470.46,37.9,84.3
THA-2024-102209,2021,4,5,8,2021-04-05,South,Phuket,7.70772,98.34695,National Highway (ทางหลวงแผ่นดิน),Department of Highways (DOH - กรมทางหลวง),Motorcycle,Speeding (ขับรถเร็วเกินกำหนด),Normal Period (ช่วงเวลาปกติ),Level 1: Low Risk (Baseline Zone),No,0,0,0,0,89924.16,61.3,37.1
THA-2025-102210,2026,2,16,3,2026-02-16,Central,Chonburi,13.42516,100.94624,Urban / City Road (ถนนในเมือง/ท้องถิ่น),Local Administration / BMA (อปท./กทม.),Public Bus/Van,Speeding (ขับรถเร็วเกินกำหนด),Normal Period (ช่วงเวลาปกติ),Level 2: Moderate Risk (Surveillance Zone),Yes,0,1,1,2,1884198.28,27.0,73.4
THA-2026-102211,2021,1,25,20,2021-01-25,Central,Ayutthaya,14.18916,100.48854,Urban / City Road (ถนนในเมือง/ท้องถิ่น),Local Administration / BMA (อปท./กทม.),Private Car,Speeding (ขับรถเร็วเกินกำหนด),Normal Period (ช่วงเวลาปกติ),Level 2: Moderate Risk (Surveillance Zone),Yes,0,1,2,3,787751.23,55.8,72.9
THA-2020-102212,2022,12,16,6,2022-12-16,Bangkok & Vicinity,Bangkok,13.63524,100.54646,National Highway (ทางหลวงแผ่นดิน),Department of Highways (DOH - กรมทางหลวง),Motorcycle,Cutting off abruptly (ตัดหน้ากระชั้นชิด),Normal Period (ช่วงเวลาปกติ),Level 1: Low Risk (Baseline Zone),Yes,0,0,1,1,133817.57,54.7,15.9
THA-2021-102213,2025,3,10,21,2025-03-10,South,Surat Thani,9.14876,99.18097,Rural Road (ทางหลวงชนบท),Department of Rural Roads (DRR - กรมทางหลวงชนบท),Private Car,Speeding (ขับรถเร็วเกินกำหนด),Normal Period (ช่วงเวลาปกติ),Level 2: Moderate Risk (Surveillance Zone),Yes,0,1,1,2,1182841.99,69.8,65.4
THA-2022-102214,2022,7,9,7,2022-07-09,Central,Chonburi,13.21368,100.91946,Urban / City Road (ถนนในเมือง/ท้องถิ่น),Local Administration / BMA (อปท./กทม.),Private Car,Speeding (ขับรถเร็วเกินกำหนด),Normal Period (ช่วงเวลาปกติ),Level 3: Critical Blackspot (Red Zone),Yes,1,0,1,2,4647227.14,53.4,68.4
THA-2023-102215,2024,1,4,23,2024-01-04,North,Chiang Mai,18.79112,98.92483,National Highway (ทางหลวงแผ่นดิน),Department of Highways (DOH - กรมทางหลวง),Motorcycle,Road defect / Slippery surface (ถนนชำรุด/ลื่น),New Year Festival (เทศกาลปีใหม่),Level 3: Critical Blackspot (Red Zone),No,1,2,1,4,6210874.91,67.6,22.9
THA-2024-102216,2023,2,14,7,2023-02-14,Central,Ayutthaya,14.38472,100.5968,National Highway (ทางหลวงแผ่นดิน),Department of Highways (DOH - กรมทางหลวง),Commercial Truck,Cutting off abruptly (ตัดหน้ากระชั้นชิด),Normal Period (ช่วงเวลาปกติ),Level 3: Critical Blackspot (Red Zone),Yes,1,1,1,3,6697775.31,81.8,21.0
THA-2025-102217,2025,1,4,18,2025-01-04,North,Chiang Mai,18.83621,98.8581,National Highway (ทางหลวงแผ่นดิน),Department of Highways (DOH - กรมทางหลวง),Motorcycle,Drunk driving (เมาแล้วขับ),New Year Festival (เทศกาลปีใหม่),Level 1: Low Risk (Baseline Zone),No,0,0,1,1,135841.29,64.3,48.8
THA-2026-102218,2021,8,12,14,2021-08-12,Central,Saraburi,14.50408,101.00759,Rural Road (ทางหลวงชนบท),Department of Rural Roads (DRR - กรมทางหลวงชนบท),Motorcycle,Speeding (ขับรถเร็วเกินกำหนด),Normal Period (ช่วงเวลาปกติ),Level 1: Low Risk (Baseline Zone),No,0,0,0,0,65430.58,36.3,48.2
THA-2020-102219,2020,5,24,15,2020-05-24,Bangkok & Vicinity,Bangkok,13.69583,100.42858,Expressway (ทางพิเศษ),EXAT (การทางพิเศษแห่งประเทศไทย),Motorcycle,Speeding (ขับรถเร็วเกินกำหนด),Normal Period (ช่วงเวลาปกติ),Level 3: Critical Blackspot (Red Zone),No,1,2,1,4,4886303.33,39.3,95.4
THA-2021-102220,2022,8,10,21,2022-08-10,Central,Chonburi,13.31715,100.93849,Urban / City Road (ถนนในเมือง/ท้องถิ่น),Local Administration / BMA (อปท./กทม.),Motorcycle,Cutting off abruptly (ตัดหน้ากระชั้นชิด),Normal Period (ช่วงเวลาปกติ),Level 1: Low Risk (Baseline Zone),No,0,0,1,1,96603.03,52.6,49.1
THA-2022-102221,2023,3,4,22,2023-03-04,Northeast,Nakhon Ratchasima,14.99083,102.04546,National Highway (ทางหลวงแผ่นดิน),Department of Highways (DOH - กรมทางหลวง),Motorcycle,Speeding (ขับรถเร็วเกินกำหนด),Normal Period (ช่วงเวลาปกติ),Level 3: Critical Blackspot (Red Zone),No,1,1,1,3,6254751.25,80.3,64.8
THA-2023-102222,2021,12,18,8,2021-12-18,Bangkok & Vicinity,Bangkok,13.57452,100.60848,Rural Road (ทางหลวงชนบท),Department of Rural Roads (DRR - กรมทางหลวงชนบท),Commercial Truck,Speeding (ขับรถเร็วเกินกำหนด),Normal Period (ช่วงเวลาปกติ),Level 1: Low Risk (Baseline Zone),Yes,0,0,0,0,447702.73,45.4,48.9
THA-2024-102223,2022,7,13,11,2022-07-13,Bangkok & Vicinity,Nonthaburi,13.90768,100.52682,National Highway (ทางหลวงแผ่นดิน),Department of Highways (DOH - กรมทางหลวง),Motorcycle,Road defect / Slippery surface (ถนนชำรุด/ลื่น),Normal Period (ช่วงเวลาปกติ),Level 1: Low Risk (Baseline Zone),No,0,0,1,1,109864.98,54.2,39.0
THA-2025-102224,2022,8,13,15,2022-08-13,Bangkok & Vicinity,Bangkok,13.74782,100.47276,National Highway (ทางหลวงแผ่นดิน),Department of Highways (DOH - กรมทางหลวง),Motorcycle,Road defect / Slippery surface (ถนนชำรุด/ลื่น),Normal Period (ช่วงเวลาปกติ),Level 3: Critical Blackspot (Red Zone),Yes,1,2,1,4,6526486.53,51.4,49.3
THA-2026-102225,2020,6,14,3,2020-06-14,North,Phitsanulok,16.7491,100.09692,Rural Road (ทางหลวงชนบท),Department of Rural Roads (DRR - กรมทางหลวงชนบท),Motorcycle,Speeding (ขับรถเร็วเกินกำหนด),Normal Period (ช่วงเวลาปกติ),Level 2: Moderate Risk (Surveillance Zone),No,0,1,1,2,1006820.66,44.7,13.4
THA-2020-102226,2024,7,18,4,2024-07-18,North,Chiang Mai,18.93477,98.98718,National Highway (ทางหลวงแผ่นดิน),Department of Highways (DOH - กรมทางหลวง),Commercial Truck,Speeding (ขับรถเร็วเกินกำหนด),Normal Period (ช่วงเวลาปกติ),Level 1: Low Risk (Baseline Zone),Yes,0,0,0,0,811210.46,74.4,66.8
THA-2021-102227,2026,12,1,7,2026-12-01,Northeast,Khon Kaen,16.2872,102.73125,Rural Road (ทางหลวงชนบท),Department of Rural Roads (DRR - กรมทางหลวงชนบท),Public Bus/Van,Running red light / Signal violation (ฝ่าฝืนสัญญาณไฟ),Normal Period (ช่วงเวลาปกติ),Level 1: Low Risk (Baseline Zone),Yes,0,0,1,1,786928.61,54.9,52.1
THA-2022-102228,2021,2,21,0,2021-02-21,North,Chiang Mai,18.8157,99.01091,Expressway (ทางพิเศษ),EXAT (การทางพิเศษแห่งประเทศไทย),Private Car,Speeding (ขับรถเร็วเกินกำหนด),Normal Period (ช่วงเวลาปกติ),Level 1: Low Risk (Baseline Zone),Yes,0,0,0,0,188438.0,38.6,38.2
THA-2023-102229,2024,8,16,5,2024-08-16,North,Chiang Mai,18.72102,98.88829,Rural Road (ทางหลวงชนบท),Department of Rural Roads (DRR - กรมทางหลวงชนบท),Public Bus/Van,Drunk driving (เมาแล้วขับ),Normal Period (ช่วงเวลาปกติ),Level 2: Moderate Risk (Surveillance Zone),Yes,0,2,3,5,2690811.88,41.0,98.0
THA-2024-102230,2024,5,15,14,2024-05-15,Central,Chonburi,13.3096,100.81105,Rural Road (ทางหลวงชนบท),Department of Rural Roads (DRR - กรมทางหลวงชนบท),Private Car,Running red light / Signal violation (ฝ่าฝืนสัญญาณไฟ),Normal Period (ช่วงเวลาปกติ),Level 2: Moderate Risk (Surveillance Zone),Yes,0,1,1,2,1174921.34,30.9,29.1
THA-2025-102231,2023,7,22,3,2023-07-22,Bangkok & Vicinity,Bangkok,13.71349,100.45995,National Highway (ทางหลวงแผ่นดิน),Department of Highways (DOH - กรมทางหลวง),Public Bus/Van,Running red light / Signal violation (ฝ่าฝืนสัญญาณไฟ),Normal Period (ช่วงเวลาปกติ),Level 2: Moderate Risk (Surveillance Zone),Yes,0,1,3,4,1519481.44,35.6,39.8
THA-2026-102232,2024,1,25,20,2024-01-25,South,Phuket,8.0178,98.35174,Expressway (ทางพิเศษ),EXAT (การทางพิเศษแห่งประเทศไทย),Private Car,Cutting off abruptly (ตัดหน้ากระชั้นชิด),Normal Period (ช่วงเวลาปกติ),Level 2: Moderate Risk (Surveillance Zone),Yes,0,1,1,2,810073.77,58.1,50.2
THA-2020-102233,2023,5,5,10,2023-05-05,Central,Saraburi,14.55166,101.05465,Urban / City Road (ถนนในเมือง/ท้องถิ่น),Local Administration / BMA (อปท./กทม.),Motorcycle,Speeding (ขับรถเร็วเกินกำหนด),Normal Period (ช่วงเวลาปกติ),Level 1: Low Risk (Baseline Zone),Yes,0,0,1,1,91654.57,24.3,42.6
THA-2021-102234,2023,1,6,4,2023-01-06,Northeast,Ubon Ratchathani,15.14874,104.79108,Urban / City Road (ถนนในเมือง/ท้องถิ่น),Local Administration / BMA (อปท./กทม.),Motorcycle,Speeding (ขับรถเร็วเกินกำหนด),Normal Period (ช่วงเวลาปกติ),Level 2: Moderate Risk (Surveillance Zone),No,0,1,3,4,782548.59,28.0,40.8
THA-2022-102235,2020,12,6,17,2020-12-06,Northeast,Khon Kaen,16.38365,102.67289,National Highway (ทางหลวงแผ่นดิน),Department of Highways (DOH - กรมทางหลวง),Private Car,Road defect / Slippery surface (ถนนชำรุด/ลื่น),Normal Period (ช่วงเวลาปกติ),Level 2: Moderate Risk (Surveillance Zone),Yes,0,1,3,4,1599808.41,38.0,70.0
THA-2023-102236,2024,8,3,23,2024-08-03,South,Phuket,7.85687,98.49701,Rural Road (ทางหลวงชนบท),Department of Rural Roads (DRR - กรมทางหลวงชนบท),Motorcycle,Road defect / Slippery surface (ถนนชำรุด/ลื่น),Normal Period (ช่วงเวลาปกติ),Level 2: Moderate Risk (Surveillance Zone),Yes,0,1,2,3,1207444.08,59.5,42.6
THA-2024-102237,2024,4,16,14,2024-04-16,Bangkok & Vicinity,Bangkok,13.8324,100.6082,Rural Road (ทางหลวงชนบท),Department of Rural Roads (DRR - กรมทางหลวงชนบท),Motorcycle,Drunk driving (เมาแล้วขับ),Songkran Festival (เทศกาลสงกรานต์),Level 2: Moderate Risk (Surveillance Zone),No,0,1,3,4,675104.85,47.3,69.4
THA-2025-102238,2020,4,12,17,2020-04-12,Bangkok & Vicinity,Bangkok,13.69926,100.40017,National Highway (ทางหลวงแผ่นดิน),Department of Highways (DOH - กรมทางหลวง),Private Car,Fatigue / Falling asleep (หลับใน),Songkran Festival (เทศกาลสงกรานต์),Level 1: Low Risk (Baseline Zone),Yes,0,0,0,0,387602.36,68.0,24.3
THA-2026-102239,2022,2,4,19,2022-02-04,Bangkok & Vicinity,Nonthaburi,14.06514,100.53273,Rural Road (ทางหลวงชนบท),Department of Rural Roads (DRR - กรมทางหลวงชนบท),Public Bus/Van,Drunk driving (เมาแล้วขับ),Normal Period (ช่วงเวลาปกติ),Level 1: Low Risk (Baseline Zone),Yes,0,0,1,1,1006583.14,43.8,49.8
THA-2020-102240,2026,5,1,12,2026-05-01,Central,Chonburi,13.21599,101.21514,Urban / City Road (ถนนในเมือง/ท้องถิ่น),Local Administration / BMA (อปท./กทม.),Motorcycle,Drunk driving (เมาแล้วขับ),Normal Period (ช่วงเวลาปกติ),Level 1: Low Risk (Baseline Zone),No,0,0,0,0,74199.82,43.0,48.7
THA-2021-102241,2023,1,4,4,2023-01-04,Bangkok & Vicinity,Bangkok,13.7482,100.23654,National Highway (ทางหลวงแผ่นดิน),Department of Highways (DOH - กรมทางหลวง),Private Car,Fatigue / Falling asleep (หลับใน),New Year Festival (เทศกาลปีใหม่),Level 2: Moderate Risk (Surveillance Zone),Yes,0,2,2,4,2407503.44,67.1,33.0
THA-2022-102242,2023,9,1,0,2023-09-01,Northeast,Khon Kaen,16.56311,102.61567,National Highway (ทางหลวงแผ่นดิน),Department of Highways (DOH - กรมทางหลวง),Private Car,Drunk driving (เมาแล้วขับ),Normal Period (ช่วงเวลาปกติ),Level 2: Moderate Risk (Surveillance Zone),Yes,0,1,2,3,1426372.34,42.6,65.0
THA-2023-102243,2026,5,21,21,2026-05-21,South,Songkhla,7.20156,100.69012,Urban / City Road (ถนนในเมือง/ท้องถิ่น),Local Administration / BMA (อปท./กทม.),Public Bus/Van,Cutting off abruptly (ตัดหน้ากระชั้นชิด),Normal Period (ช่วงเวลาปกติ),Level 2: Moderate Risk (Surveillance Zone),Yes,0,1,3,4,1887678.87,20.8,52.8
THA-2024-102244,2024,6,27,17,2024-06-27,Central,Saraburi,14.59023,101.05085,National Highway (ทางหลวงแผ่นดิน),Department of Highways (DOH - กรมทางหลวง),Public Bus/Van,Speeding (ขับรถเร็วเกินกำหนด),Normal Period (ช่วงเวลาปกติ),Level 1: Low Risk (Baseline Zone),Yes,0,0,0,0,472177.98,31.9,66.5
THA-2025-102245,2024,2,27,13,2024-02-27,Northeast,Nakhon Ratchasima,15.07144,102.2649,Rural Road (ทางหลวงชนบท),Department of Rural Roads (DRR - กรมทางหลวงชนบท),Private Car,Drunk driving (เมาแล้วขับ),Normal Period (ช่วงเวลาปกติ),Level 1: Low Risk (Baseline Zone),Yes,0,0,1,1,437004.7,39.2,70.8
THA-2026-102246,2025,10,8,4,2025-10-08,Bangkok & Vicinity,Bangkok,13.74793,100.46457,Rural Road (ทางหลวงชนบท),Department of Rural Roads (DRR - กรมทางหลวงชนบท),Motorcycle,Cutting off abruptly (ตัดหน้ากระชั้นชิด),Normal Period (ช่วงเวลาปกติ),Level 3: Critical Blackspot (Red Zone),Yes,1,0,1,2,4066543.06,46.9,37.6
THA-2020-102247,2025,10,24,5,2025-10-24,Central,Ayutthaya,14.322,100.69203,National Highway (ทางหลวงแผ่นดิน),Department of Highways (DOH - กรมทางหลวง),Motorcycle,Speeding (ขับรถเร็วเกินกำหนด),Normal Period (ช่วงเวลาปกติ),Level 2: Moderate Risk (Surveillance Zone),Yes,0,1,3,4,1180960.25,73.8,79.1
THA-2021-102248,2023,1,5,23,2023-01-05,Northeast,Khon Kaen,16.37466,102.89987,Urban / City Road (ถนนในเมือง/ท้องถิ่น),Local Administration / BMA (อปท./กทม.),Motorcycle,Fatigue / Falling asleep (หลับใน),Normal Period (ช่วงเวลาปกติ),Level 1: Low Risk (Baseline Zone),Yes,0,0,0,0,36935.93,58.7,22.8
THA-2022-102249,2023,4,26,15,2023-04-26,Bangkok & Vicinity,Bangkok,13.67891,100.42604,Rural Road (ทางหลวงชนบท),Department of Rural Roads (DRR - กรมทางหลวงชนบท),Private Car,Drunk driving (เมาแล้วขับ),Normal Period (ช่วงเวลาปกติ),Level 1: Low Risk (Baseline Zone),Yes,0,0,0,0,244899.36,49.3,83.3
THA-2023-102250,2022,7,2,21,2022-07-02,Bangkok & Vicinity,Bangkok,13.86289,100.5411,Urban / City Road (ถนนในเมือง/ท้องถิ่น),Local Administration / BMA (อปท./กทม.),Commercial Truck,Road defect / Slippery surface (ถนนชำรุด/ลื่น),Normal Period (ช่วงเวลาปกติ),Level 1: Low Risk (Baseline Zone),Yes,0,0,1,1,893226.21,73.7,54.5
THA-2024-102251,2026,6,12,20,2026-06-12,South,Phuket,7.68603,98.31546,Urban / City Road (ถนนในเมือง/ท้องถิ่น),Local Administration / BMA (อปท./กทม.),Private Car,Speeding (ขับรถเร็วเกินกำหนด),Normal Period (ช่วงเวลาปกติ),Level 2: Moderate Risk (Surveillance Zone),Yes,0,2,3,5,1348253.04,51.1,87.6
THA-2025-102252,2024,10,22,11,2024-10-22,Northeast,Ubon Ratchathani,15.01342,104.8135,Urban / City Road (ถนนในเมือง/ท้องถิ่น),Local Administration / BMA (อปท./กทม.),Motorcycle,Drunk driving (เมาแล้วขับ),Normal Period (ช่วงเวลาปกติ),Level 1: Low Risk (Baseline Zone),No,0,0,0,0,62303.25,67.9,68.4
THA-2026-102253,2020,1,17,19,2020-01-17,Central,Ayutthaya,14.32859,100.52574,National Highway (ทางหลวงแผ่นดิน),Department of Highways (DOH - กรมทางหลวง),Private Car,Speeding (ขับรถเร็วเกินกำหนด),Normal Period (ช่วงเวลาปกติ),Level 2: Moderate Risk (Surveillance Zone),Yes,0,1,3,4,1416746.24,51.5,48.9
THA-2020-102254,2025,1,7,17,2025-01-07,Central,Saraburi,14.63748,100.94797,National Highway (ทางหลวงแผ่นดิน),Department of Highways (DOH - กรมทางหลวง),Motorcycle,Road defect / Slippery surface (ถนนชำรุด/ลื่น),Normal Period (ช่วงเวลาปกติ),Level 1: Low Risk (Baseline Zone),No,0,0,1,1,106250.91,81.8,59.9
THA-2021-102255,2023,8,11,1,2023-08-11,Northeast,Nakhon Ratchasima,15.20183,102.14587,National Highway (ทางหลวงแผ่นดิน),Department of Highways (DOH - กรมทางหลวง),Motorcycle,Speeding (ขับรถเร็วเกินกำหนด),Normal Period (ช่วงเวลาปกติ),Level 3: Critical Blackspot (Red Zone),No,1,1,0,2,5213953.57,41.7,50.6
THA-2022-102256,2020,4,4,22,2020-04-04,Northeast,Nakhon Ratchasima,15.02963,102.12228,National Highway (ทางหลวงแผ่นดิน),Department of Highways (DOH - กรมทางหลวง),Motorcycle,Drunk driving (เมาแล้วขับ),Normal Period (ช่วงเวลาปกติ),Level 3: Critical Blackspot (Red Zone),No,1,2,1,4,5994651.59,54.3,88.1
THA-2023-102257,2023,5,5,20,2023-05-05,North,Phitsanulok,16.79689,100.20743,Urban / City Road (ถนนในเมือง/ท้องถิ่น),Local Administration / BMA (อปท./กทม.),Motorcycle,Fatigue / Falling asleep (หลับใน),Normal Period (ช่วงเวลาปกติ),Level 2: Moderate Risk (Surveillance Zone),No,0,2,1,3,1923927.42,31.4,24.9
THA-2024-102258,2023,7,6,22,2023-07-06,North,Chiang Mai,18.76715,98.96828,National Highway (ทางหลวงแผ่นดิน),Department of Highways (DOH - กรมทางหลวง),Commercial Truck,Speeding (ขับรถเร็วเกินกำหนด),Normal Period (ช่วงเวลาปกติ),Level 3: Critical Blackspot (Red Zone),Yes,1,2,1,4,6923230.57,58.5,65.5
THA-2025-102259,2026,8,11,12,2026-08-11,North,Phitsanulok,16.81262,100.32314,Urban / City Road (ถนนในเมือง/ท้องถิ่น),Local Administration / BMA (อปท./กทม.),Motorcycle,Running red light / Signal violation (ฝ่าฝืนสัญญาณไฟ),Normal Period (ช่วงเวลาปกติ),Level 2: Moderate Risk (Surveillance Zone),Yes,0,1,1,2,793405.95,27.6,10.0
THA-2026-102260,2021,10,1,16,2021-10-01,Central,Chonburi,13.38811,100.93818,National Highway (ทางหลวงแผ่นดิน),Department of Highways (DOH - กรมทางหลวง),Motorcycle,Fatigue / Falling asleep (หลับใน),Normal Period (ช่วงเวลาปกติ),Level 1: Low Risk (Baseline Zone),Yes,0,0,0,0,77523.26,59.8,38.2
THA-2020-102261,2025,7,25,16,2025-07-25,Northeast,Khon Kaen,16.36577,102.84379,National Highway (ทางหลวงแผ่นดิน),Department of Highways (DOH - กรมทางหลวง),Public Bus/Van,Speeding (ขับรถเร็วเกินกำหนด),Normal Period (ช่วงเวลาปกติ),Level 1: Low Risk (Baseline Zone),Yes,0,0,1,1,1332671.0,72.8,48.3
THA-2021-102262,2023,2,10,15,2023-02-10,South,Phuket,7.79699,98.35388,Urban / City Road (ถนนในเมือง/ท้องถิ่น),Local Administration / BMA (อปท./กทม.),Motorcycle,Speeding (ขับรถเร็วเกินกำหนด),Normal Period (ช่วงเวลาปกติ),Level 1: Low Risk (Baseline Zone),Yes,0,0,0,0,81156.7,57.6,68.2
THA-2022-102263,2020,4,20,20,2020-04-20,North,Phitsanulok,16.77328,100.48424,National Highway (ทางหลวงแผ่นดิน),Department of Highways (DOH - กรมทางหลวง),Motorcycle,Speeding (ขับรถเร็วเกินกำหนด),Normal Period (ช่วงเวลาปกติ),Level 2: Moderate Risk (Surveillance Zone),No,0,2,2,4,2479083.31,52.4,57.7
THA-2023-102264,2026,10,24,17,2026-10-24,Northeast,Khon Kaen,16.31752,102.75226,Urban / City Road (ถนนในเมือง/ท้องถิ่น),Local Administration / BMA (อปท./กทม.),Motorcycle,Speeding (ขับรถเร็วเกินกำหนด),Normal Period (ช่วงเวลาปกติ),Level 1: Low Risk (Baseline Zone),No,0,0,1,1,149947.13,64.1,69.7
THA-2024-102265,2023,12,21,7,2023-12-21,Northeast,Khon Kaen,16.3822,102.78292,National Highway (ทางหลวงแผ่นดิน),Department of Highways (DOH - กรมทางหลวง),Motorcycle,Road defect / Slippery surface (ถนนชำรุด/ลื่น),Normal Period (ช่วงเวลาปกติ),Level 3: Critical Blackspot (Red Zone),No,1,1,0,2,6052184.48,95.1,55.1
THA-2025-102266,2022,1,11,2,2022-01-11,Northeast,Khon Kaen,16.52218,102.80071,Expressway (ทางพิเศษ),EXAT (การทางพิเศษแห่งประเทศไทย),Motorcycle,Running red light / Signal violation (ฝ่าฝืนสัญญาณไฟ),Normal Period (ช่วงเวลาปกติ),Level 1: Low Risk (Baseline Zone),No,0,0,0,0,37638.97,35.7,52.0
THA-2026-102267,2023,10,24,16,2023-10-24,Central,Chonburi,13.24192,101.11348,Rural Road (ทางหลวงชนบท),Department of Rural Roads (DRR - กรมทางหลวงชนบท),Motorcycle,Speeding (ขับรถเร็วเกินกำหนด),Normal Period (ช่วงเวลาปกติ),Level 1: Low Risk (Baseline Zone),Yes,0,0,1,1,110334.98,28.7,64.1
THA-2020-102268,2025,9,17,17,2025-09-17,Bangkok & Vicinity,Nonthaburi,13.88583,100.55125,Urban / City Road (ถนนในเมือง/ท้องถิ่น),Local Administration / BMA (อปท./กทม.),Private Car,Cutting off abruptly (ตัดหน้ากระชั้นชิด),Normal Period (ช่วงเวลาปกติ),Level 1: Low Risk (Baseline Zone),Yes,0,0,1,1,353176.19,27.4,45.5
THA-2021-102269,2022,3,8,22,2022-03-08,Northeast,Nakhon Ratchasima,15.03848,101.98692,National Highway (ทางหลวงแผ่นดิน),Department of Highways (DOH - กรมทางหลวง),Motorcycle,Cutting off abruptly (ตัดหน้ากระชั้นชิด),Normal Period (ช่วงเวลาปกติ),Level 1: Low Risk (Baseline Zone),Yes,0,0,1,1,103756.12,53.6,33.9
THA-2022-102270,2021,12,27,5,2021-12-27,Bangkok & Vicinity,Bangkok,13.75568,100.57571,Rural Road (ทางหลวงชนบท),Department of Rural Roads (DRR - กรมทางหลวงชนบท),Motorcycle,Speeding (ขับรถเร็วเกินกำหนด),Normal Period (ช่วงเวลาปกติ),Level 1: Low Risk (Baseline Zone),Yes,0,0,1,1,102669.88,30.6,81.7
THA-2023-102271,2021,3,13,7,2021-03-13,North,Chiang Rai,19.85288,99.8682,Urban / City Road (ถนนในเมือง/ท้องถิ่น),Local Administration / BMA (อปท./กทม.),Commercial Truck,Speeding (ขับรถเร็วเกินกำหนด),Normal Period (ช่วงเวลาปกติ),Level 3: Critical Blackspot (Red Zone),No,1,2,0,3,5387054.94,42.2,60.2
THA-2024-102272,2022,10,27,22,2022-10-27,Northeast,Nakhon Ratchasima,15.02882,101.9664,Urban / City Road (ถนนในเมือง/ท้องถิ่น),Local Administration / BMA (อปท./กทม.),Motorcycle,Speeding (ขับรถเร็วเกินกำหนด),Normal Period (ช่วงเวลาปกติ),Level 1: Low Risk (Baseline Zone),Yes,0,0,0,0,51103.88,36.9,83.9
THA-2025-102273,2025,9,20,12,2025-09-20,Northeast,Ubon Ratchathani,15.15188,104.64167,National Highway (ทางหลวงแผ่นดิน),Department of Highways (DOH - กรมทางหลวง),Commercial Truck,Cutting off abruptly (ตัดหน้ากระชั้นชิด),Normal Period (ช่วงเวลาปกติ),Level 3: Critical Blackspot (Red Zone),Yes,1,1,1,3,4934512.45,31.9,27.1
THA-2026-102274,2023,10,18,7,2023-10-18,South,Surat Thani,9.15861,99.49115,National Highway (ทางหลวงแผ่นดิน),Department of Highways (DOH - กรมทางหลวง),Motorcycle,Drunk driving (เมาแล้วขับ),Normal Period (ช่วงเวลาปกติ),Level 1: Low Risk (Baseline Zone),No,0,0,1,1,59991.19,63.8,85.7
THA-2020-102275,2021,3,27,18,2021-03-27,Northeast,Khon Kaen,16.3699,102.80626,National Highway (ทางหลวงแผ่นดิน),Department of Highways (DOH - กรมทางหลวง),Motorcycle,Drunk driving (เมาแล้วขับ),Normal Period (ช่วงเวลาปกติ),Level 1: Low Risk (Baseline Zone),No,0,0,0,0,37217.15,50.2,61.5
THA-2021-102276,2021,8,22,5,2021-08-22,Central,Chonburi,13.4523,101.00863,National Highway (ทางหลวงแผ่นดิน),Department of Highways (DOH - กรมทางหลวง),Private Car,Speeding (ขับรถเร็วเกินกำหนด),Normal Period (ช่วงเวลาปกติ),Level 3: Critical Blackspot (Red Zone),No,1,1,0,2,5110999.64,68.0,82.2
THA-2022-102277,2022,2,16,22,2022-02-16,Northeast,Nakhon Ratchasima,14.89227,102.23517,Urban / City Road (ถนนในเมือง/ท้องถิ่น),Local Administration / BMA (อปท./กทม.),Motorcycle,Fatigue / Falling asleep (หลับใน),Normal Period (ช่วงเวลาปกติ),Level 1: Low Risk (Baseline Zone),No,0,0,0,0,25969.5,27.7,32.8
THA-2023-102278,2026,3,2,14,2026-03-02,Northeast,Khon Kaen,16.44996,102.8027,National Highway (ทางหลวงแผ่นดิน),Department of Highways (DOH - กรมทางหลวง),Motorcycle,Drunk driving (เมาแล้วขับ),Normal Period (ช่วงเวลาปกติ),Level 2: Moderate Risk (Surveillance Zone),No,0,2,2,4,944244.14,47.5,63.1
THA-2024-102279,2022,2,5,9,2022-02-05,Bangkok & Vicinity,Bangkok,13.74285,100.55498,National Highway (ทางหลวงแผ่นดิน),Department of Highways (DOH - กรมทางหลวง),Private Car,Road defect / Slippery surface (ถนนชำรุด/ลื่น),Normal Period (ช่วงเวลาปกติ),Level 2: Moderate Risk (Surveillance Zone),Yes,0,2,1,3,2748521.29,69.8,34.5
THA-2025-102280,2026,1,18,16,2026-01-18,Bangkok & Vicinity,Nonthaburi,13.8069,100.65485,Rural Road (ทางหลวงชนบท),Department of Rural Roads (DRR - กรมทางหลวงชนบท),Motorcycle,Cutting off abruptly (ตัดหน้ากระชั้นชิด),Normal Period (ช่วงเวลาปกติ),Level 1: Low Risk (Baseline Zone),No,0,0,1,1,77610.64,56.1,13.2
THA-2026-102281,2023,2,3,0,2023-02-03,North,Chiang Mai,18.90158,98.98606,Rural Road (ทางหลวงชนบท),Department of Rural Roads (DRR - กรมทางหลวงชนบท),Private Car,Road defect / Slippery surface (ถนนชำรุด/ลื่น),Normal Period (ช่วงเวลาปกติ),Level 2: Moderate Risk (Surveillance Zone),Yes,0,2,1,3,1330400.68,24.9,70.4
THA-2020-102282,2021,8,27,6,2021-08-27,Northeast,Nakhon Ratchasima,14.98544,102.02166,Urban / City Road (ถนนในเมือง/ท้องถิ่น),Local Administration / BMA (อปท./กทม.),Commercial Truck,Fatigue / Falling asleep (หลับใน),Normal Period (ช่วงเวลาปกติ),Level 1: Low Risk (Baseline Zone),Yes,0,0,1,1,939167.21,68.4,49.4
THA-2021-102283,2026,9,22,12,2026-09-22,Bangkok & Vicinity,Bangkok,13.69894,100.39961,Expressway (ทางพิเศษ),EXAT (การทางพิเศษแห่งประเทศไทย),Motorcycle,Cutting off abruptly (ตัดหน้ากระชั้นชิด),Normal Period (ช่วงเวลาปกติ),Level 1: Low Risk (Baseline Zone),No,0,0,1,1,66600.64,27.5,38.6
THA-2022-102284,2023,2,17,2,2023-02-17,Bangkok & Vicinity,Bangkok,13.73793,100.50741,National Highway (ทางหลวงแผ่นดิน),Department of Highways (DOH - กรมทางหลวง),Private Car,Cutting off abruptly (ตัดหน้ากระชั้นชิด),Normal Period (ช่วงเวลาปกติ),Level 1: Low Risk (Baseline Zone),Yes,0,0,1,1,299992.62,69.8,42.1
THA-2023-102285,2024,7,16,18,2024-07-16,Bangkok & Vicinity,Nonthaburi,13.71899,100.5754,Rural Road (ทางหลวงชนบท),Department of Rural Roads (DRR - กรมทางหลวงชนบท),Motorcycle,Road defect / Slippery surface (ถนนชำรุด/ลื่น),Normal Period (ช่วงเวลาปกติ),Level 3: Critical Blackspot (Red Zone),No,3,0,0,3,13719455.64,19.1,41.5
THA-2024-102286,2026,5,6,14,2026-05-06,South,Songkhla,7.09722,100.65136,National Highway (ทางหลวงแผ่นดิน),Department of Highways (DOH - กรมทางหลวง),Public Bus/Van,Drunk driving (เมาแล้วขับ),Normal Period (ช่วงเวลาปกติ),Level 2: Moderate Risk (Surveillance Zone),Yes,0,2,1,3,2890051.05,29.3,55.2
THA-2025-102287,2020,3,19,4,2020-03-19,North,Chiang Mai,18.86095,99.10293,National Highway (ทางหลวงแผ่นดิน),Department of Highways (DOH - กรมทางหลวง),Commercial Truck,Road defect / Slippery surface (ถนนชำรุด/ลื่น),Normal Period (ช่วงเวลาปกติ),Level 1: Low Risk (Baseline Zone),Yes,0,0,1,1,570712.7,58.1,59.9
THA-2026-102288,2020,9,7,10,2020-09-07,Northeast,Nakhon Ratchasima,15.07863,102.2469,National Highway (ทางหลวงแผ่นดิน),Department of Highways (DOH - กรมทางหลวง),Commercial Truck,Fatigue / Falling asleep (หลับใน),Normal Period (ช่วงเวลาปกติ),Level 1: Low Risk (Baseline Zone),Yes,0,0,0,0,640154.92,62.9,46.3
THA-2020-102289,2025,6,18,21,2025-06-18,Bangkok & Vicinity,Bangkok,13.82969,100.5169,National Highway (ทางหลวงแผ่นดิน),Department of Highways (DOH - กรมทางหลวง),Motorcycle,Drunk driving (เมาแล้วขับ),Normal Period (ช่วงเวลาปกติ),Level 2: Moderate Risk (Surveillance Zone),No,0,1,2,3,1068989.92,42.8,98.0
THA-2021-102290,2022,11,14,17,2022-11-14,Northeast,Khon Kaen,16.38966,102.81285,National Highway (ทางหลวงแผ่นดิน),Department of Highways (DOH - กรมทางหลวง),Private Car,Speeding (ขับรถเร็วเกินกำหนด),Normal Period (ช่วงเวลาปกติ),Level 3: Critical Blackspot (Red Zone),Yes,1,1,0,2,6052664.98,45.8,69.4
THA-2022-102291,2021,1,6,2,2021-01-06,North,Chiang Mai,18.93495,98.96749,National Highway (ทางหลวงแผ่นดิน),Department of Highways (DOH - กรมทางหลวง),Motorcycle,Speeding (ขับรถเร็วเกินกำหนด),Normal Period (ช่วงเวลาปกติ),Level 1: Low Risk (Baseline Zone),Yes,0,0,1,1,106405.15,54.6,62.1
THA-2023-102292,2020,5,8,5,2020-05-08,Bangkok & Vicinity,Bangkok,13.75584,100.63466,Urban / City Road (ถนนในเมือง/ท้องถิ่น),Local Administration / BMA (อปท./กทม.),Motorcycle,Running red light / Signal violation (ฝ่าฝืนสัญญาณไฟ),Normal Period (ช่วงเวลาปกติ),Level 1: Low Risk (Baseline Zone),Yes,0,0,1,1,74795.99,62.7,54.6
THA-2024-102293,2020,7,15,2,2020-07-15,Northeast,Nakhon Ratchasima,14.9589,102.02627,Urban / City Road (ถนนในเมือง/ท้องถิ่น),Local Administration / BMA (อปท./กทม.),Public Bus/Van,Speeding (ขับรถเร็วเกินกำหนด),Normal Period (ช่วงเวลาปกติ),Level 2: Moderate Risk (Surveillance Zone),Yes,0,1,3,4,1439022.14,38.9,83.2
THA-2025-102294,2025,4,15,4,2025-04-15,Bangkok & Vicinity,Bangkok,13.85829,100.42732,Expressway (ทางพิเศษ),EXAT (การทางพิเศษแห่งประเทศไทย),Motorcycle,Speeding (ขับรถเร็วเกินกำหนด),Songkran Festival (เทศกาลสงกรานต์),Level 3: Critical Blackspot (Red Zone),Yes,2,1,0,3,9344398.53,60.2,67.4
THA-2026-102295,2021,8,15,8,2021-08-15,Bangkok & Vicinity,Bangkok,13.79264,100.52239,Rural Road (ทางหลวงชนบท),Department of Rural Roads (DRR - กรมทางหลวงชนบท),Public Bus/Van,Drunk driving (เมาแล้วขับ),Normal Period (ช่วงเวลาปกติ),Level 2: Moderate Risk (Surveillance Zone),Yes,0,1,1,2,1379944.89,48.3,64.7
THA-2020-102296,2023,10,16,18,2023-10-16,Bangkok & Vicinity,Bangkok,13.78472,100.28402,National Highway (ทางหลวงแผ่นดิน),Department of Highways (DOH - กรมทางหลวง),Motorcycle,Drunk driving (เมาแล้วขับ),Normal Period (ช่วงเวลาปกติ),Level 3: Critical Blackspot (Red Zone),No,3,1,0,4,14114995.17,58.6,54.8
THA-2021-102297,2024,5,1,12,2024-05-01,Bangkok & Vicinity,Bangkok,13.82654,100.49645,National Highway (ทางหลวงแผ่นดิน),Department of Highways (DOH - กรมทางหลวง),Commercial Truck,Speeding (ขับรถเร็วเกินกำหนด),Normal Period (ช่วงเวลาปกติ),Level 1: Low Risk (Baseline Zone),Yes,0,0,1,1,449875.51,51.2,63.9
THA-2022-102298,2023,9,11,5,2023-09-11,Bangkok & Vicinity,Bangkok,13.81177,100.54687,National Highway (ทางหลวงแผ่นดิน),Department of Highways (DOH - กรมทางหลวง),Motorcycle,Speeding (ขับรถเร็วเกินกำหนด),Normal Period (ช่วงเวลาปกติ),Level 3: Critical Blackspot (Red Zone),Yes,1,2,0,3,6355804.68,42.5,53.3
THA-2023-102299,2020,9,27,10,2020-09-27,North,Chiang Mai,18.81673,98.94955,National Highway (ทางหลวงแผ่นดิน),Department of Highways (DOH - กรมทางหลวง),Motorcycle,Cutting off abruptly (ตัดหน้ากระชั้นชิด),Normal Period (ช่วงเวลาปกติ),Level 2: Moderate Risk (Surveillance Zone),Yes,0,1,1,2,793150.96,91.6,41.8
THA-2024-102300,2025,9,25,20,2025-09-25,Central,Ayutthaya,14.31845,100.56351,Rural Road (ทางหลวงชนบท),Department of Rural Roads (DRR - กรมทางหลวงชนบท),Motorcycle,Speeding (ขับรถเร็วเกินกำหนด),Normal Period (ช่วงเวลาปกติ),Level 1: Low Risk (Baseline Zone),Yes,0,0,1,1,136855.93,67.6,57.3
THA-2025-102301,2020,1,5,20,2020-01-05,Northeast,Nakhon Ratchasima,14.99533,102.05964,Rural Road (ทางหลวงชนบท),Department of Rural Roads (DRR - กรมทางหลวงชนบท),Private Car,Fatigue / Falling asleep (หลับใน),Normal Period (ช่วงเวลาปกติ),Level 1: Low Risk (Baseline Zone),Yes,0,0,0,0,426973.81,10.0,53.0
THA-2026-102302,2025,2,5,13,2025-02-05,Northeast,Nakhon Ratchasima,15.06476,102.06829,National Highway (ทางหลวงแผ่นดิน),Department of Highways (DOH - กรมทางหลวง),Motorcycle,Speeding (ขับรถเร็วเกินกำหนด),Normal Period (ช่วงเวลาปกติ),Level 2: Moderate Risk (Surveillance Zone),Yes,0,1,2,3,670531.36,48.5,66.8
THA-2020-102303,2026,3,28,5,2026-03-28,North,Chiang Mai,18.70011,99.03887,National Highway (ทางหลวงแผ่นดิน),Department of Highways (DOH - กรมทางหลวง),Private Car,Fatigue / Falling asleep (หลับใน),Normal Period (ช่วงเวลาปกติ),Level 1: Low Risk (Baseline Zone),Yes,0,0,1,1,259669.69,63.8,21.8
THA-2021-102304,2023,4,21,5,2023-04-21,South,Surat Thani,9.3075,99.21642,National Highway (ทางหลวงแผ่นดิน),Department of Highways (DOH - กรมทางหลวง),Motorcycle,Fatigue / Falling asleep (หลับใน),Normal Period (ช่วงเวลาปกติ),Level 1: Low Risk (Baseline Zone),No,0,0,1,1,139678.16,66.7,19.3
THA-2022-102305,2023,10,6,16,2023-10-06,North,Chiang Rai,19.89922,99.93635,National Highway (ทางหลวงแผ่นดิน),Department of Highways (DOH - กรมทางหลวง),Motorcycle,Drunk driving (เมาแล้วขับ),Normal Period (ช่วงเวลาปกติ),Level 1: Low Risk (Baseline Zone),Yes,0,0,1,1,106359.24,62.7,64.7
THA-2023-102306,2023,9,2,10,2023-09-02,Bangkok & Vicinity,Bangkok,13.80759,100.55771,National Highway (ทางหลวงแผ่นดิน),Department of Highways (DOH - กรมทางหลวง),Motorcycle,Speeding (ขับรถเร็วเกินกำหนด),Normal Period (ช่วงเวลาปกติ),Level 3: Critical Blackspot (Red Zone),No,3,1,0,4,11768870.1,74.4,75.5
THA-2024-102307,2022,10,6,14,2022-10-06,Northeast,Khon Kaen,16.43494,102.58438,Urban / City Road (ถนนในเมือง/ท้องถิ่น),Local Administration / BMA (อปท./กทม.),Motorcycle,Cutting off abruptly (ตัดหน้ากระชั้นชิด),Normal Period (ช่วงเวลาปกติ),Level 2: Moderate Risk (Surveillance Zone),Yes,0,1,1,2,897189.64,34.5,23.8
THA-2025-102308,2026,6,14,8,2026-06-14,Bangkok & Vicinity,Bangkok,13.77951,100.53541,National Highway (ทางหลวงแผ่นดิน),Department of Highways (DOH - กรมทางหลวง),Commercial Truck,Cutting off abruptly (ตัดหน้ากระชั้นชิด),Normal Period (ช่วงเวลาปกติ),Level 1: Low Risk (Baseline Zone),Yes,0,0,0,0,815724.81,69.1,52.7
THA-2026-102309,2026,1,11,20,2026-01-11,North,Chiang Mai,18.88963,98.91771,Urban / City Road (ถนนในเมือง/ท้องถิ่น),Local Administration / BMA (อปท./กทม.),Commercial Truck,Speeding (ขับรถเร็วเกินกำหนด),Normal Period (ช่วงเวลาปกติ),Level 1: Low Risk (Baseline Zone),Yes,0,0,0,0,758658.82,28.7,60.7
THA-2020-102310,2022,12,4,16,2022-12-04,Northeast,Nakhon Ratchasima,15.13135,102.06986,National Highway (ทางหลวงแผ่นดิน),Department of Highways (DOH - กรมทางหลวง),Motorcycle,Fatigue / Falling asleep (หลับใน),Normal Period (ช่วงเวลาปกติ),Level 2: Moderate Risk (Surveillance Zone),Yes,0,2,2,4,2509072.97,65.3,42.5
THA-2021-102311,2024,9,24,23,2024-09-24,Central,Saraburi,14.48546,100.84593,National Highway (ทางหลวงแผ่นดิน),Department of Highways (DOH - กรมทางหลวง),Private Car,Cutting off abruptly (ตัดหน้ากระชั้นชิด),Normal Period (ช่วงเวลาปกติ),Level 1: Low Risk (Baseline Zone),Yes,0,0,1,1,426785.01,53.1,49.9
THA-2022-102312,2026,6,27,6,2026-06-27,Northeast,Nakhon Ratchasima,15.07407,101.99916,Urban / City Road (ถนนในเมือง/ท้องถิ่น),Local Administration / BMA (อปท./กทม.),Private Car,Fatigue / Falling asleep (หลับใน),Normal Period (ช่วงเวลาปกติ),Level 1: Low Risk (Baseline Zone),Yes,0,0,1,1,195246.71,10.0,66.0
THA-2023-102313,2026,4,25,6,2026-04-25,Central,Chonburi,13.41797,100.91202,Rural Road (ทางหลวงชนบท),Department of Rural Roads (DRR - กรมทางหลวงชนบท),Motorcycle,Speeding (ขับรถเร็วเกินกำหนด),Normal Period (ช่วงเวลาปกติ),Level 1: Low Risk (Baseline Zone),Yes,0,0,0,0,45413.71,17.7,82.5
THA-2024-102314,2023,4,9,20,2023-04-09,South,Songkhla,7.17163,100.47708,National Highway (ทางหลวงแผ่นดิน),Department of Highways (DOH - กรมทางหลวง),Motorcycle,Speeding (ขับรถเร็วเกินกำหนด),Normal Period (ช่วงเวลาปกติ),Level 3: Critical Blackspot (Red Zone),No,1,1,1,3,5488544.51,72.9,48.3
THA-2025-102315,2023,3,24,0,2023-03-24,Bangkok & Vicinity,Bangkok,13.82698,100.4883,Urban / City Road (ถนนในเมือง/ท้องถิ่น),Local Administration / BMA (อปท./กทม.),Motorcycle,Running red light / Signal violation (ฝ่าฝืนสัญญาณไฟ),Normal Period (ช่วงเวลาปกติ),Level 2: Moderate Risk (Surveillance Zone),Yes,0,1,3,4,874508.7,63.8,34.7
THA-2026-102316,2022,7,3,7,2022-07-03,Bangkok & Vicinity,Nonthaburi,13.91227,100.4973,National Highway (ทางหลวงแผ่นดิน),Department of Highways (DOH - กรมทางหลวง),Motorcycle,Cutting off abruptly (ตัดหน้ากระชั้นชิด),Normal Period (ช่วงเวลาปกติ),Level 2: Moderate Risk (Surveillance Zone),Yes,0,1,2,3,1091344.13,52.8,42.0
THA-2020-102317,2026,3,26,4,2026-03-26,North,Chiang Rai,19.958,99.83645,National Highway (ทางหลวงแผ่นดิน),Department of Highways (DOH - กรมทางหลวง),Motorcycle,Cutting off abruptly (ตัดหน้ากระชั้นชิด),Normal Period (ช่วงเวลาปกติ),Level 2: Moderate Risk (Surveillance Zone),Yes,0,2,1,3,2206585.07,67.7,39.5
THA-2021-102318,2021,2,16,18,2021-02-16,North,Chiang Rai,19.97716,99.88864,Urban / City Road (ถนนในเมือง/ท้องถิ่น),Local Administration / BMA (อปท./กทม.),Motorcycle,Cutting off abruptly (ตัดหน้ากระชั้นชิด),Normal Period (ช่วงเวลาปกติ),Level 2: Moderate Risk (Surveillance Zone),Yes,0,2,1,3,921094.04,43.4,49.8
THA-2022-102319,2024,10,11,7,2024-10-11,North,Chiang Rai,19.92816,99.75959,Rural Road (ทางหลวงชนบท),Department of Rural Roads (DRR - กรมทางหลวงชนบท),Private Car,Speeding (ขับรถเร็วเกินกำหนด),Normal Period (ช่วงเวลาปกติ),Level 1: Low Risk (Baseline Zone),Yes,0,0,0,0,326407.03,10.0,84.0
THA-2023-102320,2022,8,27,16,2022-08-27,South,Phuket,7.84103,98.3228,National Highway (ทางหลวงแผ่นดิน),Department of Highways (DOH - กรมทางหลวง),Motorcycle,Drunk driving (เมาแล้วขับ),Normal Period (ช่วงเวลาปกติ),Level 2: Moderate Risk (Surveillance Zone),Yes,0,2,2,4,1442962.55,32.9,68.1
THA-2024-102321,2022,4,4,18,2022-04-04,Central,Chonburi,13.48968,101.05493,National Highway (ทางหลวงแผ่นดิน),Department of Highways (DOH - กรมทางหลวง),Motorcycle,Speeding (ขับรถเร็วเกินกำหนด),Normal Period (ช่วงเวลาปกติ),Level 1: Low Risk (Baseline Zone),Yes,0,0,1,1,147350.42,31.0,40.8
THA-2025-102322,2023,8,1,11,2023-08-01,Northeast,Khon Kaen,16.4356,102.77301,Urban / City Road (ถนนในเมือง/ท้องถิ่น),Local Administration / BMA (อปท./กทม.),Motorcycle,Cutting off abruptly (ตัดหน้ากระชั้นชิด),Normal Period (ช่วงเวลาปกติ),Level 1: Low Risk (Baseline Zone),Yes,0,0,0,0,26595.91,32.3,53.5
THA-2026-102323,2026,1,25,22,2026-01-25,North,Chiang Mai,18.71722,98.99632,National Highway (ทางหลวงแผ่นดิน),Department of Highways (DOH - กรมทางหลวง),Motorcycle,Cutting off abruptly (ตัดหน้ากระชั้นชิด),Normal Period (ช่วงเวลาปกติ),Level 2: Moderate Risk (Surveillance Zone),Yes,0,1,3,4,1195332.83,29.5,10.0
THA-2020-102324,2020,5,21,14,2020-05-21,Central,Ayutthaya,14.51909,100.56893,National Highway (ทางหลวงแผ่นดิน),Department of Highways (DOH - กรมทางหลวง),Motorcycle,Road defect / Slippery surface (ถนนชำรุด/ลื่น),Normal Period (ช่วงเวลาปกติ),Level 2: Moderate Risk (Surveillance Zone),Yes,0,2,2,4,2017485.84,52.7,28.5
THA-2021-102325,2024,9,22,3,2024-09-22,South,Surat Thani,9.24637,99.34631,Rural Road (ทางหลวงชนบท),Department of Rural Roads (DRR - กรมทางหลวงชนบท),Commercial Truck,Cutting off abruptly (ตัดหน้ากระชั้นชิด),Normal Period (ช่วงเวลาปกติ),Level 1: Low Risk (Baseline Zone),Yes,0,0,0,0,665992.88,48.8,48.6
THA-2022-102326,2020,1,16,22,2020-01-16,Central,Ayutthaya,14.40383,100.52557,Urban / City Road (ถนนในเมือง/ท้องถิ่น),Local Administration / BMA (อปท./กทม.),Motorcycle,Speeding (ขับรถเร็วเกินกำหนด),Normal Period (ช่วงเวลาปกติ),Level 1: Low Risk (Baseline Zone),Yes,0,0,1,1,95835.09,43.6,71.1
THA-2023-102327,2021,11,19,11,2021-11-19,Bangkok & Vicinity,Bangkok,13.73856,100.42703,National Highway (ทางหลวงแผ่นดิน),Department of Highways (DOH - กรมทางหลวง),Private Car,Cutting off abruptly (ตัดหน้ากระชั้นชิด),Normal Period (ช่วงเวลาปกติ),Level 2: Moderate Risk (Surveillance Zone),No,0,1,2,3,1114169.03,82.9,56.0
THA-2024-102328,2023,4,16,12,2023-04-16,Northeast,Khon Kaen,16.45961,102.80169,Urban / City Road (ถนนในเมือง/ท้องถิ่น),Local Administration / BMA (อปท./กทม.),Motorcycle,Speeding (ขับรถเร็วเกินกำหนด),Songkran Festival (เทศกาลสงกรานต์),Level 1: Low Risk (Baseline Zone),Yes,0,0,1,1,84471.06,32.7,46.0
THA-2025-102329,2023,6,11,13,2023-06-11,Bangkok & Vicinity,Bangkok,13.78869,100.41313,Rural Road (ทางหลวงชนบท),Department of Rural Roads (DRR - กรมทางหลวงชนบท),Private Car,Speeding (ขับรถเร็วเกินกำหนด),Normal Period (ช่วงเวลาปกติ),Level 3: Critical Blackspot (Red Zone),Yes,1,0,0,1,5648020.88,40.0,60.0
THA-2026-102330,2022,10,26,4,2022-10-26,Bangkok & Vicinity,Nonthaburi,13.90312,100.5286,National Highway (ทางหลวงแผ่นดิน),Department of Highways (DOH - กรมทางหลวง),Private Car,Speeding (ขับรถเร็วเกินกำหนด),Normal Period (ช่วงเวลาปกติ),Level 3: Critical Blackspot (Red Zone),Yes,1,0,1,2,4459250.16,40.2,50.7
THA-2020-102331,2022,8,8,21,2022-08-08,Bangkok & Vicinity,Bangkok,13.76862,100.53684,Urban / City Road (ถนนในเมือง/ท้องถิ่น),Local Administration / BMA (อปท./กทม.),Motorcycle,Cutting off abruptly (ตัดหน้ากระชั้นชิด),Normal Period (ช่วงเวลาปกติ),Level 3: Critical Blackspot (Red Zone),No,2,2,0,4,10941465.16,19.4,37.2
THA-2021-102332,2020,3,23,15,2020-03-23,Northeast,Khon Kaen,16.41082,103.1662,Expressway (ทางพิเศษ),EXAT (การทางพิเศษแห่งประเทศไทย),Commercial Truck,Speeding (ขับรถเร็วเกินกำหนด),Normal Period (ช่วงเวลาปกติ),Level 2: Moderate Risk (Surveillance Zone),No,0,2,2,4,2068370.24,59.5,82.0
THA-2022-102333,2022,5,1,6,2022-05-01,Northeast,Ubon Ratchathani,15.28696,104.85676,National Highway (ทางหลวงแผ่นดิน),Department of Highways (DOH - กรมทางหลวง),Motorcycle,Cutting off abruptly (ตัดหน้ากระชั้นชิด),Normal Period (ช่วงเวลาปกติ),Level 1: Low Risk (Baseline Zone),No,0,0,1,1,54505.06,77.9,27.8
THA-2023-102334,2026,7,26,14,2026-07-26,Bangkok & Vicinity,Bangkok,13.82308,100.45489,National Highway (ทางหลวงแผ่นดิน),Department of Highways (DOH - กรมทางหลวง),Commercial Truck,Road defect / Slippery surface (ถนนชำรุด/ลื่น),Normal Period (ช่วงเวลาปกติ),Level 1: Low Risk (Baseline Zone),Yes,0,0,0,0,1189542.82,59.7,42.1
THA-2024-102335,2026,1,28,12,2026-01-28,North,Chiang Rai,19.86061,99.91263,Urban / City Road (ถนนในเมือง/ท้องถิ่น),Local Administration / BMA (อปท./กทม.),Motorcycle,Drunk driving (เมาแล้วขับ),Normal Period (ช่วงเวลาปกติ),Level 2: Moderate Risk (Surveillance Zone),Yes,0,1,2,3,892772.56,44.9,65.2
THA-2025-102336,2022,7,21,15,2022-07-21,North,Phitsanulok,16.90112,100.37316,Rural Road (ทางหลวงชนบท),Department of Rural Roads (DRR - กรมทางหลวงชนบท),Public Bus/Van,Speeding (ขับรถเร็วเกินกำหนด),Normal Period (ช่วงเวลาปกติ),Level 2: Moderate Risk (Surveillance Zone),Yes,0,1,1,2,1807420.53,57.5,55.0
THA-2026-102337,2024,12,26,11,2024-12-26,North,Chiang Mai,18.66003,98.97392,National Highway (ทางหลวงแผ่นดิน),Department of Highways (DOH - กรมทางหลวง),Private Car,Speeding (ขับรถเร็วเกินกำหนด),Normal Period (ช่วงเวลาปกติ),Level 3: Critical Blackspot (Red Zone),Yes,1,0,1,2,5464913.59,72.7,68.6
THA-2020-102338,2026,11,9,6,2026-11-09,Bangkok & Vicinity,Bangkok,13.78597,100.56663,Rural Road (ทางหลวงชนบท),Department of Rural Roads (DRR - กรมทางหลวงชนบท),Public Bus/Van,Drunk driving (เมาแล้วขับ),Normal Period (ช่วงเวลาปกติ),Level 1: Low Risk (Baseline Zone),Yes,0,0,0,0,398406.4,34.1,42.0
THA-2021-102339,2020,8,28,15,2020-08-28,North,Chiang Rai,19.95789,99.764,Urban / City Road (ถนนในเมือง/ท้องถิ่น),Local Administration / BMA (อปท./กทม.),Motorcycle,Road defect / Slippery surface (ถนนชำรุด/ลื่น),Normal Period (ช่วงเวลาปกติ),Level 2: Moderate Risk (Surveillance Zone),No,0,1,1,2,711457.53,34.0,57.2
THA-2022-102340,2025,8,27,22,2025-08-27,Central,Chonburi,13.40743,101.01361,Urban / City Road (ถนนในเมือง/ท้องถิ่น),Local Administration / BMA (อปท./กทม.),Motorcycle,Speeding (ขับรถเร็วเกินกำหนด),Normal Period (ช่วงเวลาปกติ),Level 1: Low Risk (Baseline Zone),No,0,0,1,1,68738.98,33.9,55.0
THA-2023-102341,2026,9,12,22,2026-09-12,Bangkok & Vicinity,Bangkok,13.78497,100.40312,Urban / City Road (ถนนในเมือง/ท้องถิ่น),Local Administration / BMA (อปท./กทม.),Private Car,Fatigue / Falling asleep (หลับใน),Normal Period (ช่วงเวลาปกติ),Level 1: Low Risk (Baseline Zone),Yes,0,0,0,0,165461.39,43.5,31.4
THA-2024-102342,2020,6,22,12,2020-06-22,Bangkok & Vicinity,Bangkok,13.6722,100.6649,National Highway (ทางหลวงแผ่นดิน),Department of Highways (DOH - กรมทางหลวง),Commercial Truck,Cutting off abruptly (ตัดหน้ากระชั้นชิด),Normal Period (ช่วงเวลาปกติ),Level 3: Critical Blackspot (Red Zone),Yes,1,1,0,2,5985722.58,35.9,10.0
THA-2025-102343,2021,12,8,22,2021-12-08,North,Chiang Mai,18.87705,98.97963,National Highway (ทางหลวงแผ่นดิน),Department of Highways (DOH - กรมทางหลวง),Public Bus/Van,Cutting off abruptly (ตัดหน้ากระชั้นชิด),Normal Period (ช่วงเวลาปกติ),Level 3: Critical Blackspot (Red Zone),No,1,0,0,1,4806202.65,48.5,50.5
THA-2026-102344,2026,6,26,2,2026-06-26,South,Surat Thani,9.13407,99.52155,Rural Road (ทางหลวงชนบท),Department of Rural Roads (DRR - กรมทางหลวงชนบท),Motorcycle,Running red light / Signal violation (ฝ่าฝืนสัญญาณไฟ),Normal Period (ช่วงเวลาปกติ),Level 1: Low Risk (Baseline Zone),Yes,0,0,1,1,66166.01,42.5,23.3
THA-2020-102345,2023,2,17,14,2023-02-17,Northeast,Ubon Ratchathani,15.24888,104.83679,National Highway (ทางหลวงแผ่นดิน),Department of Highways (DOH - กรมทางหลวง),Private Car,Drunk driving (เมาแล้วขับ),Normal Period (ช่วงเวลาปกติ),Level 2: Moderate Risk (Surveillance Zone),Yes,0,1,1,2,1203519.83,60.2,70.5
THA-2021-102346,2020,3,10,2,2020-03-10,Northeast,Ubon Ratchathani,15.17339,104.82627,Rural Road (ทางหลวงชนบท),Department of Rural Roads (DRR - กรมทางหลวงชนบท),Motorcycle,Fatigue / Falling asleep (หลับใน),Normal Period (ช่วงเวลาปกติ),Level 2: Moderate Risk (Surveillance Zone),Yes,0,2,1,3,965901.6,30.8,64.9
THA-2022-102347,2022,4,27,6,2022-04-27,North,Chiang Mai,18.63684,99.03217,National Highway (ทางหลวงแผ่นดิน),Department of Highways (DOH - กรมทางหลวง),Motorcycle,Speeding (ขับรถเร็วเกินกำหนด),Normal Period (ช่วงเวลาปกติ),Level 1: Low Risk (Baseline Zone),No,0,0,1,1,119685.69,63.9,70.8
THA-2023-102348,2023,4,7,17,2023-04-07,Northeast,Khon Kaen,16.54553,102.93794,National Highway (ทางหลวงแผ่นดิน),Department of Highways (DOH - กรมทางหลวง),Motorcycle,Cutting off abruptly (ตัดหน้ากระชั้นชิด),Normal Period (ช่วงเวลาปกติ),Level 1: Low Risk (Baseline Zone),Yes,0,0,1,1,134171.02,20.0,69.2
THA-2024-102349,2024,8,19,13,2024-08-19,Bangkok & Vicinity,Bangkok,13.69308,100.29528,National Highway (ทางหลวงแผ่นดิน),Department of Highways (DOH - กรมทางหลวง),Motorcycle,Drunk driving (เมาแล้วขับ),Normal Period (ช่วงเวลาปกติ),Level 2: Moderate Risk (Surveillance Zone),Yes,0,1,2,3,1218313.76,55.8,72.4
THA-2025-102350,2025,1,25,17,2025-01-25,Northeast,Khon Kaen,16.46273,102.94228,Rural Road (ทางหลวงชนบท),Department of Rural Roads (DRR - กรมทางหลวงชนบท),Public Bus/Van,Speeding (ขับรถเร็วเกินกำหนด),Normal Period (ช่วงเวลาปกติ),Level 1: Low Risk (Baseline Zone),Yes,0,0,1,1,1208955.99,50.2,62.1
THA-2026-102351,2026,10,6,18,2026-10-06,South,Phuket,7.73603,98.35868,Urban / City Road (ถนนในเมือง/ท้องถิ่น),Local Administration / BMA (อปท./กทม.),Motorcycle,Cutting off abruptly (ตัดหน้ากระชั้นชิด),Normal Period (ช่วงเวลาปกติ),Level 2: Moderate Risk (Surveillance Zone),No,0,1,1,2,1299647.31,10.0,10.0
THA-2020-102352,2022,4,21,13,2022-04-21,Northeast,Khon Kaen,16.46437,102.7479,Rural Road (ทางหลวงชนบท),Department of Rural Roads (DRR - กรมทางหลวงชนบท),Private Car,Speeding (ขับรถเร็วเกินกำหนด),Normal Period (ช่วงเวลาปกติ),Level 1: Low Risk (Baseline Zone),Yes,0,0,1,1,451455.09,53.5,68.0
THA-2021-102353,2023,11,24,19,2023-11-24,Central,Saraburi,14.37337,100.84387,National Highway (ทางหลวงแผ่นดิน),Department of Highways (DOH - กรมทางหลวง),Private Car,Speeding (ขับรถเร็วเกินกำหนด),Normal Period (ช่วงเวลาปกติ),Level 2: Moderate Risk (Surveillance Zone),Yes,0,1,1,2,1021790.67,61.1,51.0
THA-2022-102354,2023,12,24,5,2023-12-24,Central,Chonburi,13.30988,100.81495,National Highway (ทางหลวงแผ่นดิน),Department of Highways (DOH - กรมทางหลวง),Motorcycle,Speeding (ขับรถเร็วเกินกำหนด),Normal Period (ช่วงเวลาปกติ),Level 1: Low Risk (Baseline Zone),Yes,0,0,0,0,58918.53,54.3,71.6
THA-2023-102355,2023,11,28,7,2023-11-28,Bangkok & Vicinity,Bangkok,13.85274,100.64165,Urban / City Road (ถนนในเมือง/ท้องถิ่น),Local Administration / BMA (อปท./กทม.),Motorcycle,Drunk driving (เมาแล้วขับ),Normal Period (ช่วงเวลาปกติ),Level 1: Low Risk (Baseline Zone),Yes,0,0,0,0,76601.0,37.3,60.0
THA-2024-102356,2021,11,28,6,2021-11-28,South,Phuket,7.88306,98.45795,National Highway (ทางหลวงแผ่นดิน),Department of Highways (DOH - กรมทางหลวง),Private Car,Road defect / Slippery surface (ถนนชำรุด/ลื่น),Normal Period (ช่วงเวลาปกติ),Level 1: Low Risk (Baseline Zone),Yes,0,0,1,1,274873.99,70.6,27.2
THA-2025-102357,2026,4,19,19,2026-04-19,Bangkok & Vicinity,Bangkok,13.62317,100.48906,Rural Road (ทางหลวงชนบท),Department of Rural Roads (DRR - กรมทางหลวงชนบท),Motorcycle,Cutting off abruptly (ตัดหน้ากระชั้นชิด),Normal Period (ช่วงเวลาปกติ),Level 1: Low Risk (Baseline Zone),No,0,0,0,0,27410.21,64.5,58.6
THA-2026-102358,2025,1,18,17,2025-01-18,Northeast,Nakhon Ratchasima,14.9278,102.13484,Rural Road (ทางหลวงชนบท),Department of Rural Roads (DRR - กรมทางหลวงชนบท),Commercial Truck,Drunk driving (เมาแล้วขับ),Normal Period (ช่วงเวลาปกติ),Level 1: Low Risk (Baseline Zone),Yes,0,0,0,0,633149.23,21.3,70.3
THA-2020-102359,2023,3,15,17,2023-03-15,Bangkok & Vicinity,Bangkok,13.51348,100.47443,National Highway (ทางหลวงแผ่นดิน),Department of Highways (DOH - กรมทางหลวง),Public Bus/Van,Speeding (ขับรถเร็วเกินกำหนด),Normal Period (ช่วงเวลาปกติ),Level 2: Moderate Risk (Surveillance Zone),Yes,0,1,2,3,2003012.1,73.5,70.0
THA-2021-102360,2024,5,2,14,2024-05-02,Bangkok & Vicinity,Bangkok,13.81286,100.52324,Urban / City Road (ถนนในเมือง/ท้องถิ่น),Local Administration / BMA (อปท./กทม.),Motorcycle,Road defect / Slippery surface (ถนนชำรุด/ลื่น),Normal Period (ช่วงเวลาปกติ),Level 2: Moderate Risk (Surveillance Zone),No,0,2,1,3,1822922.06,48.2,32.7
THA-2022-102361,2021,6,14,19,2021-06-14,North,Chiang Rai,19.98096,99.78675,National Highway (ทางหลวงแผ่นดิน),Department of Highways (DOH - กรมทางหลวง),Motorcycle,Cutting off abruptly (ตัดหน้ากระชั้นชิด),Normal Period (ช่วงเวลาปกติ),Level 2: Moderate Risk (Surveillance Zone),Yes,0,1,3,4,1340493.46,62.3,30.4
THA-2023-102362,2023,9,21,21,2023-09-21,North,Chiang Mai,18.5342,99.0842,Rural Road (ทางหลวงชนบท),Department of Rural Roads (DRR - กรมทางหลวงชนบท),Motorcycle,Fatigue / Falling asleep (หลับใน),Normal Period (ช่วงเวลาปกติ),Level 1: Low Risk (Baseline Zone),No,0,0,1,1,80174.83,47.7,53.1
THA-2024-102363,2024,9,10,18,2024-09-10,Northeast,Nakhon Ratchasima,15.04822,102.23899,National Highway (ทางหลวงแผ่นดิน),Department of Highways (DOH - กรมทางหลวง),Private Car,Fatigue / Falling asleep (หลับใน),Normal Period (ช่วงเวลาปกติ),Level 1: Low Risk (Baseline Zone),Yes,0,0,0,0,252590.96,59.2,52.8
THA-2025-102364,2023,9,28,21,2023-09-28,Northeast,Nakhon Ratchasima,14.98658,102.13526,National Highway (ทางหลวงแผ่นดิน),Department of Highways (DOH - กรมทางหลวง),Motorcycle,Speeding (ขับรถเร็วเกินกำหนด),Normal Period (ช่วงเวลาปกติ),Level 3: Critical Blackspot (Red Zone),Yes,1,0,0,1,5680973.93,69.6,45.8
THA-2026-102365,2026,11,16,20,2026-11-16,Bangkok & Vicinity,Bangkok,13.96593,100.33521,Rural Road (ทางหลวงชนบท),Department of Rural Roads (DRR - กรมทางหลวงชนบท),Motorcycle,Cutting off abruptly (ตัดหน้ากระชั้นชิด),Normal Period (ช่วงเวลาปกติ),Level 2: Moderate Risk (Surveillance Zone),No,0,1,1,2,902029.65,37.7,58.1
THA-2020-102366,2024,1,7,20,2024-01-07,Bangkok & Vicinity,Bangkok,13.79632,100.6114,Rural Road (ทางหลวงชนบท),Department of Rural Roads (DRR - กรมทางหลวงชนบท),Motorcycle,Running red light / Signal violation (ฝ่าฝืนสัญญาณไฟ),Normal Period (ช่วงเวลาปกติ),Level 2: Moderate Risk (Surveillance Zone),No,0,1,2,3,873499.88,17.4,14.9
THA-2021-102367,2022,12,8,1,2022-12-08,Northeast,Nakhon Ratchasima,14.99903,102.10377,Rural Road (ทางหลวงชนบท),Department of Rural Roads (DRR - กรมทางหลวงชนบท),Public Bus/Van,Speeding (ขับรถเร็วเกินกำหนด),Normal Period (ช่วงเวลาปกติ),Level 3: Critical Blackspot (Red Zone),Yes,3,2,0,5,18869830.51,42.4,49.6
THA-2022-102368,2025,9,10,7,2025-09-10,North,Chiang Mai,18.65478,99.11735,Urban / City Road (ถนนในเมือง/ท้องถิ่น),Local Administration / BMA (อปท./กทม.),Motorcycle,Drunk driving (เมาแล้วขับ),Normal Period (ช่วงเวลาปกติ),Level 2: Moderate Risk (Surveillance Zone),No,0,2,1,3,1963520.17,19.6,60.3
THA-2023-102369,2021,8,15,20,2021-08-15,Central,Chonburi,13.4573,101.10013,Urban / City Road (ถนนในเมือง/ท้องถิ่น),Local Administration / BMA (อปท./กทม.),Motorcycle,Running red light / Signal violation (ฝ่าฝืนสัญญาณไฟ),Normal Period (ช่วงเวลาปกติ),Level 2: Moderate Risk (Surveillance Zone),Yes,0,1,2,3,1060536.26,56.6,24.8
THA-2024-102370,2022,2,8,10,2022-02-08,Northeast,Ubon Ratchathani,15.24286,104.81843,National Highway (ทางหลวงแผ่นดิน),Department of Highways (DOH - กรมทางหลวง),Public Bus/Van,Speeding (ขับรถเร็วเกินกำหนด),Normal Period (ช่วงเวลาปกติ),Level 3: Critical Blackspot (Red Zone),Yes,1,2,1,4,6536495.98,73.6,78.9
THA-2025-102371,2022,11,13,17,2022-11-13,Central,Saraburi,14.5283,101.06374,Rural Road (ทางหลวงชนบท),Department of Rural Roads (DRR - กรมทางหลวงชนบท),Private Car,Fatigue / Falling asleep (หลับใน),Normal Period (ช่วงเวลาปกติ),Level 3: Critical Blackspot (Red Zone),Yes,1,2,0,3,6542120.65,58.4,20.1
THA-2026-102372,2023,1,12,22,2023-01-12,Northeast,Ubon Ratchathani,15.22137,104.98067,Rural Road (ทางหลวงชนบท),Department of Rural Roads (DRR - กรมทางหลวงชนบท),Private Car,Road defect / Slippery surface (ถนนชำรุด/ลื่น),Normal Period (ช่วงเวลาปกติ),Level 2: Moderate Risk (Surveillance Zone),Yes,0,1,3,4,850565.1,16.6,27.1
THA-2020-102373,2025,1,8,12,2025-01-08,North,Chiang Rai,19.89726,99.76345,National Highway (ทางหลวงแผ่นดิน),Department of Highways (DOH - กรมทางหลวง),Private Car,Drunk driving (เมาแล้วขับ),Normal Period (ช่วงเวลาปกติ),Level 1: Low Risk (Baseline Zone),Yes,0,0,1,1,490097.15,60.2,69.9
THA-2021-102374,2023,12,15,8,2023-12-15,Northeast,Ubon Ratchathani,15.05785,104.89897,Rural Road (ทางหลวงชนบท),Department of Rural Roads (DRR - กรมทางหลวงชนบท),Public Bus/Van,Speeding (ขับรถเร็วเกินกำหนด),Normal Period (ช่วงเวลาปกติ),Level 1: Low Risk (Baseline Zone),Yes,0,0,1,1,471402.4,47.1,85.3
THA-2022-102375,2025,6,26,8,2025-06-26,Bangkok & Vicinity,Nonthaburi,13.93123,100.40985,Expressway (ทางพิเศษ),EXAT (การทางพิเศษแห่งประเทศไทย),Private Car,Speeding (ขับรถเร็วเกินกำหนด),Normal Period (ช่วงเวลาปกติ),Level 1: Low Risk (Baseline Zone),Yes,0,0,1,1,465174.79,49.8,50.5
THA-2023-102376,2024,9,12,16,2024-09-12,North,Chiang Mai,18.92122,98.86098,National Highway (ทางหลวงแผ่นดิน),Department of Highways (DOH - กรมทางหลวง),Commercial Truck,Speeding (ขับรถเร็วเกินกำหนด),Normal Period (ช่วงเวลาปกติ),Level 1: Low Risk (Baseline Zone),Yes,0,0,1,1,963452.82,47.0,53.9
THA-2024-102377,2022,7,11,6,2022-07-11,Central,Chonburi,13.42486,101.05287,Urban / City Road (ถนนในเมือง/ท้องถิ่น),Local Administration / BMA (อปท./กทม.),Private Car,Fatigue / Falling asleep (หลับใน),Normal Period (ช่วงเวลาปกติ),Level 1: Low Risk (Baseline Zone),No,0,0,1,1,367481.43,83.0,65.9
THA-2025-102378,2025,5,19,8,2025-05-19,North,Phitsanulok,16.91768,100.08853,National Highway (ทางหลวงแผ่นดิน),Department of Highways (DOH - กรมทางหลวง),Private Car,Fatigue / Falling asleep (หลับใน),Normal Period (ช่วงเวลาปกติ),Level 2: Moderate Risk (Surveillance Zone),No,0,1,1,2,1419619.0,36.5,41.0
THA-2026-102379,2021,11,14,21,2021-11-14,Central,Chonburi,13.45712,100.97166,National Highway (ทางหลวงแผ่นดิน),Department of Highways (DOH - กรมทางหลวง),Motorcycle,Drunk driving (เมาแล้วขับ),Normal Period (ช่วงเวลาปกติ),Level 2: Moderate Risk (Surveillance Zone),Yes,0,1,1,2,871343.85,48.1,54.1
THA-2020-102380,2021,2,27,0,2021-02-27,Central,Ayutthaya,14.32257,100.64265,National Highway (ทางหลวงแผ่นดิน),Department of Highways (DOH - กรมทางหลวง),Motorcycle,Speeding (ขับรถเร็วเกินกำหนด),Normal Period (ช่วงเวลาปกติ),Level 3: Critical Blackspot (Red Zone),No,1,1,0,2,4453255.19,44.2,45.5
THA-2021-102381,2023,1,18,1,2023-01-18,Central,Saraburi,14.61536,100.73182,Rural Road (ทางหลวงชนบท),Department of Rural Roads (DRR - กรมทางหลวงชนบท),Private Car,Speeding (ขับรถเร็วเกินกำหนด),Normal Period (ช่วงเวลาปกติ),Level 1: Low Risk (Baseline Zone),Yes,0,0,0,0,190452.49,55.7,55.7
THA-2022-102382,2022,2,13,3,2022-02-13,South,Phuket,7.76432,98.50023,National Highway (ทางหลวงแผ่นดิน),Department of Highways (DOH - กรมทางหลวง),Motorcycle,Drunk driving (เมาแล้วขับ),Normal Period (ช่วงเวลาปกติ),Level 3: Critical Blackspot (Red Zone),No,2,1,1,4,7904694.91,54.9,42.9
THA-2023-102383,2020,1,4,13,2020-01-04,North,Phitsanulok,16.86385,100.28226,Urban / City Road (ถนนในเมือง/ท้องถิ่น),Local Administration / BMA (อปท./กทม.),Private Car,Drunk driving (เมาแล้วขับ),New Year Festival (เทศกาลปีใหม่),Level 1: Low Risk (Baseline Zone),Yes,0,0,0,0,197889.6,43.1,85.1
THA-2024-102384,2024,3,17,3,2024-03-17,North,Chiang Mai,18.69959,99.0248,Urban / City Road (ถนนในเมือง/ท้องถิ่น),Local Administration / BMA (อปท./กทม.),Motorcycle,Road defect / Slippery surface (ถนนชำรุด/ลื่น),Normal Period (ช่วงเวลาปกติ),Level 2: Moderate Risk (Surveillance Zone),Yes,0,1,1,2,1137889.18,19.8,61.1
THA-2025-102385,2023,6,19,1,2023-06-19,Northeast,Khon Kaen,16.5419,103.03221,Rural Road (ทางหลวงชนบท),Department of Rural Roads (DRR - กรมทางหลวงชนบท),Commercial Truck,Drunk driving (เมาแล้วขับ),Normal Period (ช่วงเวลาปกติ),Level 1: Low Risk (Baseline Zone),Yes,0,0,0,0,1192174.94,50.8,64.8
THA-2026-102386,2023,8,27,7,2023-08-27,North,Chiang Mai,18.75642,99.06424,National Highway (ทางหลวงแผ่นดิน),Department of Highways (DOH - กรมทางหลวง),Motorcycle,Fatigue / Falling asleep (หลับใน),Normal Period (ช่วงเวลาปกติ),Level 2: Moderate Risk (Surveillance Zone),Yes,0,1,3,4,553532.02,98.0,26.9
THA-2020-102387,2026,3,9,17,2026-03-09,Northeast,Khon Kaen,16.59914,102.69322,Expressway (ทางพิเศษ),EXAT (การทางพิเศษแห่งประเทศไทย),Commercial Truck,Drunk driving (เมาแล้วขับ),Normal Period (ช่วงเวลาปกติ),Level 1: Low Risk (Baseline Zone),Yes,0,0,1,1,531551.11,33.3,78.5
THA-2021-102388,2024,10,23,18,2024-10-23,Central,Chonburi,13.52302,101.00276,Urban / City Road (ถนนในเมือง/ท้องถิ่น),Local Administration / BMA (อปท./กทม.),Private Car,Drunk driving (เมาแล้วขับ),Normal Period (ช่วงเวลาปกติ),Level 1: Low Risk (Baseline Zone),Yes,0,0,0,0,299036.5,12.9,45.8
THA-2022-102389,2025,9,7,13,2025-09-07,Northeast,Ubon Ratchathani,15.25154,104.79854,Rural Road (ทางหลวงชนบท),Department of Rural Roads (DRR - กรมทางหลวงชนบท),Motorcycle,Cutting off abruptly (ตัดหน้ากระชั้นชิด),Normal Period (ช่วงเวลาปกติ),Level 3: Critical Blackspot (Red Zone),No,1,2,1,4,5901720.29,40.7,52.3
THA-2023-102390,2021,10,1,19,2021-10-01,North,Chiang Mai,18.75555,98.91825,Rural Road (ทางหลวงชนบท),Department of Rural Roads (DRR - กรมทางหลวงชนบท),Motorcycle,Road defect / Slippery surface (ถนนชำรุด/ลื่น),Normal Period (ช่วงเวลาปกติ),Level 1: Low Risk (Baseline Zone),Yes,0,0,1,1,128634.35,56.0,10.0
THA-2024-102391,2024,5,7,9,2024-05-07,Bangkok & Vicinity,Bangkok,13.67053,100.54227,Rural Road (ทางหลวงชนบท),Department of Rural Roads (DRR - กรมทางหลวงชนบท),Motorcycle,Drunk driving (เมาแล้วขับ),Normal Period (ช่วงเวลาปกติ),Level 2: Moderate Risk (Surveillance Zone),No,0,2,1,3,1226850.25,39.3,38.1
THA-2025-102392,2025,7,26,16,2025-07-26,North,Phitsanulok,16.92124,100.1716,Rural Road (ทางหลวงชนบท),Department of Rural Roads (DRR - กรมทางหลวงชนบท),Motorcycle,Cutting off abruptly (ตัดหน้ากระชั้นชิด),Normal Period (ช่วงเวลาปกติ),Level 2: Moderate Risk (Surveillance Zone),No,0,2,1,3,2285669.81,54.4,24.0
THA-2026-102393,2024,8,7,7,2024-08-07,Bangkok & Vicinity,Bangkok,13.69373,100.52487,National Highway (ทางหลวงแผ่นดิน),Department of Highways (DOH - กรมทางหลวง),Motorcycle,Speeding (ขับรถเร็วเกินกำหนด),Normal Period (ช่วงเวลาปกติ),Level 2: Moderate Risk (Surveillance Zone),Yes,0,1,1,2,1153369.95,66.3,51.3
THA-2020-102394,2024,3,20,13,2024-03-20,South,Phuket,7.78009,98.41427,National Highway (ทางหลวงแผ่นดิน),Department of Highways (DOH - กรมทางหลวง),Motorcycle,Speeding (ขับรถเร็วเกินกำหนด),Normal Period (ช่วงเวลาปกติ),Level 2: Moderate Risk (Surveillance Zone),Yes,0,1,2,3,818764.25,51.2,43.2
THA-2021-102395,2022,2,7,20,2022-02-07,North,Chiang Mai,18.76403,98.83788,National Highway (ทางหลวงแผ่นดิน),Department of Highways (DOH - กรมทางหลวง),Public Bus/Van,Cutting off abruptly (ตัดหน้ากระชั้นชิด),Normal Period (ช่วงเวลาปกติ),Level 1: Low Risk (Baseline Zone),Yes,0,0,1,1,642862.53,57.5,48.8
THA-2022-102396,2020,2,8,22,2020-02-08,Bangkok & Vicinity,Bangkok,13.79875,100.45131,National Highway (ทางหลวงแผ่นดิน),Department of Highways (DOH - กรมทางหลวง),Motorcycle,Speeding (ขับรถเร็วเกินกำหนด),Normal Period (ช่วงเวลาปกติ),Level 3: Critical Blackspot (Red Zone),No,1,1,0,2,5529503.97,53.9,44.5
THA-2023-102397,2023,5,16,7,2023-05-16,Bangkok & Vicinity,Bangkok,13.84855,100.48421,Rural Road (ทางหลวงชนบท),Department of Rural Roads (DRR - กรมทางหลวงชนบท),Private Car,Speeding (ขับรถเร็วเกินกำหนด),Normal Period (ช่วงเวลาปกติ),Level 2: Moderate Risk (Surveillance Zone),Yes,0,1,2,3,1426565.25,47.0,48.9
THA-2024-102398,2022,1,3,4,2022-01-03,Northeast,Khon Kaen,16.36818,102.82061,Expressway (ทางพิเศษ),EXAT (การทางพิเศษแห่งประเทศไทย),Motorcycle,Cutting off abruptly (ตัดหน้ากระชั้นชิด),New Year Festival (เทศกาลปีใหม่),Level 2: Moderate Risk (Surveillance Zone),Yes,0,1,2,3,1285165.77,41.2,46.8
THA-2025-102399,2025,2,13,15,2025-02-13,Northeast,Khon Kaen,16.54398,102.98936,Expressway (ทางพิเศษ),EXAT (การทางพิเศษแห่งประเทศไทย),Private Car,Speeding (ขับรถเร็วเกินกำหนด),Normal Period (ช่วงเวลาปกติ),Level 2: Moderate Risk (Surveillance Zone),Yes,0,1,2,3,852860.22,28.9,71.6
THA-2026-102400,2021,9,10,7,2021-09-10,North,Chiang Mai,18.84168,98.93229,Rural Road (ทางหลวงชนบท),Department of Rural Roads (DRR - กรมทางหลวงชนบท),Motorcycle,Fatigue / Falling asleep (หลับใน),Normal Period (ช่วงเวลาปกติ),Level 2: Moderate Risk (Surveillance Zone),Yes,0,2,3,5,2589969.91,37.1,30.0
THA-2020-102401,2026,7,18,9,2026-07-18,Bangkok & Vicinity,Bangkok,13.75923,100.49294,Rural Road (ทางหลวงชนบท),Department of Rural Roads (DRR - กรมทางหลวงชนบท),Private Car,Cutting off abruptly (ตัดหน้ากระชั้นชิด),Normal Period (ช่วงเวลาปกติ),Level 2: Moderate Risk (Surveillance Zone),Yes,0,2,2,4,2787780.43,43.2,16.9
THA-2021-102402,2026,6,7,7,2026-06-07,North,Chiang Rai,19.89698,99.8177,National Highway (ทางหลวงแผ่นดิน),Department of Highways (DOH - กรมทางหลวง),Private Car,Cutting off abruptly (ตัดหน้ากระชั้นชิด),Normal Period (ช่วงเวลาปกติ),Level 2: Moderate Risk (Surveillance Zone),Yes,0,1,3,4,1271678.87,54.0,33.6
THA-2022-102403,2021,9,21,8,2021-09-21,North,Chiang Mai,18.70141,99.07311,Rural Road (ทางหลวงชนบท),Department of Rural Roads (DRR - กรมทางหลวงชนบท),Private Car,Speeding (ขับรถเร็วเกินกำหนด),Normal Period (ช่วงเวลาปกติ),Level 2: Moderate Risk (Surveillance Zone),Yes,0,2,1,3,2670692.19,44.9,29.4
THA-2023-102404,2022,7,21,17,2022-07-21,Northeast,Ubon Ratchathani,15.32227,104.84938,National Highway (ทางหลวงแผ่นดิน),Department of Highways (DOH - กรมทางหลวง),Motorcycle,Speeding (ขับรถเร็วเกินกำหนด),Normal Period (ช่วงเวลาปกติ),Level 1: Low Risk (Baseline Zone),Yes,0,0,1,1,106075.43,56.5,81.7
THA-2024-102405,2026,11,5,2,2026-11-05,Northeast,Khon Kaen,16.54549,102.87679,National Highway (ทางหลวงแผ่นดิน),Department of Highways (DOH - กรมทางหลวง),Private Car,Cutting off abruptly (ตัดหน้ากระชั้นชิด),Normal Period (ช่วงเวลาปกติ),Level 1: Low Risk (Baseline Zone),Yes,0,0,1,1,490046.99,70.7,28.6
THA-2025-102406,2026,5,23,16,2026-05-23,North,Chiang Mai,18.68782,98.9534,Rural Road (ทางหลวงชนบท),Department of Rural Roads (DRR - กรมทางหลวงชนบท),Motorcycle,Fatigue / Falling asleep (หลับใน),Normal Period (ช่วงเวลาปกติ),Level 1: Low Risk (Baseline Zone),Yes,0,0,1,1,131475.22,36.7,22.2
THA-2026-102407,2023,9,25,19,2023-09-25,Bangkok & Vicinity,Bangkok,13.88953,100.46934,National Highway (ทางหลวงแผ่นดิน),Department of Highways (DOH - กรมทางหลวง),Motorcycle,Fatigue / Falling asleep (หลับใน),Normal Period (ช่วงเวลาปกติ),Level 1: Low Risk (Baseline Zone),No,0,0,1,1,152318.21,74.0,37.6
THA-2020-102408,2022,6,27,14,2022-06-27,South,Songkhla,7.1132,100.67932,National Highway (ทางหลวงแผ่นดิน),Department of Highways (DOH - กรมทางหลวง),Motorcycle,Speeding (ขับรถเร็วเกินกำหนด),Normal Period (ช่วงเวลาปกติ),Level 3: Critical Blackspot (Red Zone),No,1,0,0,1,5002456.7,38.4,65.7
THA-2021-102409,2023,6,24,20,2023-06-24,North,Phitsanulok,16.79588,100.31637,Urban / City Road (ถนนในเมือง/ท้องถิ่น),Local Administration / BMA (อปท./กทม.),Motorcycle,Drunk driving (เมาแล้วขับ),Normal Period (ช่วงเวลาปกติ),Level 1: Low Risk (Baseline Zone),Yes,0,0,0,0,82580.26,38.3,26.7
THA-2022-102410,2024,11,22,16,2024-11-22,Northeast,Ubon Ratchathani,15.24155,104.7756,National Highway (ทางหลวงแผ่นดิน),Department of Highways (DOH - กรมทางหลวง),Motorcycle,Speeding (ขับรถเร็วเกินกำหนด),Normal Period (ช่วงเวลาปกติ),Level 3: Critical Blackspot (Red Zone),No,2,0,0,2,10715168.16,41.1,48.9
THA-2023-102411,2022,4,7,7,2022-04-07,Bangkok & Vicinity,Bangkok,13.69392,100.35008,National Highway (ทางหลวงแผ่นดิน),Department of Highways (DOH - กรมทางหลวง),Private Car,Running red light / Signal violation (ฝ่าฝืนสัญญาณไฟ),Normal Period (ช่วงเวลาปกติ),Level 2: Moderate Risk (Surveillance Zone),Yes,0,2,1,3,2348754.47,52.2,38.2
THA-2024-102412,2025,12,25,1,2025-12-25,Northeast,Nakhon Ratchasima,14.88043,102.15435,National Highway (ทางหลวงแผ่นดิน),Department of Highways (DOH - กรมทางหลวง),Motorcycle,Running red light / Signal violation (ฝ่าฝืนสัญญาณไฟ),Normal Period (ช่วงเวลาปกติ),Level 1: Low Risk (Baseline Zone),Yes,0,0,0,0,50635.21,76.4,23.1
THA-2025-102413,2020,1,27,16,2020-01-27,Bangkok & Vicinity,Bangkok,13.86482,100.44686,National Highway (ทางหลวงแผ่นดิน),Department of Highways (DOH - กรมทางหลวง),Motorcycle,Cutting off abruptly (ตัดหน้ากระชั้นชิด),Normal Period (ช่วงเวลาปกติ),Level 1: Low Risk (Baseline Zone),Yes,0,0,1,1,145005.25,62.1,46.9
THA-2026-102414,2020,5,22,17,2020-05-22,Northeast,Nakhon Ratchasima,14.85615,102.20021,National Highway (ทางหลวงแผ่นดิน),Department of Highways (DOH - กรมทางหลวง),Motorcycle,Drunk driving (เมาแล้วขับ),Normal Period (ช่วงเวลาปกติ),Level 2: Moderate Risk (Surveillance Zone),No,0,1,1,2,1052030.34,38.3,81.3
THA-2020-102415,2022,11,17,4,2022-11-17,South,Surat Thani,9.24327,99.38657,Urban / City Road (ถนนในเมือง/ท้องถิ่น),Local Administration / BMA (อปท./กทม.),Private Car,Fatigue / Falling asleep (หลับใน),Normal Period (ช่วงเวลาปกติ),Level 2: Moderate Risk (Surveillance Zone),Yes,0,1,1,2,847029.15,31.6,46.0
THA-2021-102416,2022,9,4,8,2022-09-04,North,Chiang Rai,19.77992,99.88696,National Highway (ทางหลวงแผ่นดิน),Department of Highways (DOH - กรมทางหลวง),Private Car,Drunk driving (เมาแล้วขับ),Normal Period (ช่วงเวลาปกติ),Level 3: Critical Blackspot (Red Zone),No,1,0,0,1,6400424.51,66.4,61.1
THA-2022-102417,2022,8,24,8,2022-08-24,Bangkok & Vicinity,Bangkok,13.80594,100.58285,Urban / City Road (ถนนในเมือง/ท้องถิ่น),Local Administration / BMA (อปท./กทม.),Motorcycle,Drunk driving (เมาแล้วขับ),Normal Period (ช่วงเวลาปกติ),Level 2: Moderate Risk (Surveillance Zone),Yes,0,1,3,4,1434929.11,10.0,76.2
THA-2023-102418,2023,8,23,1,2023-08-23,Bangkok & Vicinity,Bangkok,13.76989,100.43428,National Highway (ทางหลวงแผ่นดิน),Department of Highways (DOH - กรมทางหลวง),Private Car,Running red light / Signal violation (ฝ่าฝืนสัญญาณไฟ),Normal Period (ช่วงเวลาปกติ),Level 1: Low Risk (Baseline Zone),Yes,0,0,1,1,414301.0,41.1,33.8
THA-2024-102419,2022,5,16,1,2022-05-16,North,Chiang Rai,19.87409,99.94653,Rural Road (ทางหลวงชนบท),Department of Rural Roads (DRR - กรมทางหลวงชนบท),Motorcycle,Cutting off abruptly (ตัดหน้ากระชั้นชิด),Normal Period (ช่วงเวลาปกติ),Level 1: Low Risk (Baseline Zone),No,0,0,1,1,140378.83,31.4,10.0
THA-2025-102420,2021,12,19,18,2021-12-19,Bangkok & Vicinity,Bangkok,13.79046,100.38407,Rural Road (ทางหลวงชนบท),Department of Rural Roads (DRR - กรมทางหลวงชนบท),Motorcycle,Drunk driving (เมาแล้วขับ),Normal Period (ช่วงเวลาปกติ),Level 1: Low Risk (Baseline Zone),Yes,0,0,1,1,147457.84,41.9,49.0
THA-2026-102421,2022,9,10,22,2022-09-10,Bangkok & Vicinity,Bangkok,13.90988,100.6058,Rural Road (ทางหลวงชนบท),Department of Rural Roads (DRR - กรมทางหลวงชนบท),Motorcycle,Fatigue / Falling asleep (หลับใน),Normal Period (ช่วงเวลาปกติ),Level 2: Moderate Risk (Surveillance Zone),Yes,0,1,2,3,1349608.51,66.9,23.5
THA-2020-102422,2026,3,3,2,2026-03-03,Central,Chonburi,13.51072,101.08679,Rural Road (ทางหลวงชนบท),Department of Rural Roads (DRR - กรมทางหลวงชนบท),Private Car,Drunk driving (เมาแล้วขับ),Normal Period (ช่วงเวลาปกติ),Level 3: Critical Blackspot (Red Zone),Yes,1,0,0,1,5578744.27,33.5,76.2
THA-2021-102423,2023,3,27,16,2023-03-27,North,Phitsanulok,16.73754,100.2956,Expressway (ทางพิเศษ),EXAT (การทางพิเศษแห่งประเทศไทย),Private Car,Drunk driving (เมาแล้วขับ),Normal Period (ช่วงเวลาปกติ),Level 3: Critical Blackspot (Red Zone),Yes,1,1,0,2,6441050.21,22.7,57.1
THA-2022-102424,2023,1,3,13,2023-01-03,North,Chiang Mai,18.84261,98.86431,National Highway (ทางหลวงแผ่นดิน),Department of Highways (DOH - กรมทางหลวง),Motorcycle,Speeding (ขับรถเร็วเกินกำหนด),New Year Festival (เทศกาลปีใหม่),Level 3: Critical Blackspot (Red Zone),Yes,1,0,0,1,5140355.01,48.2,53.5
THA-2023-102425,2024,9,28,13,2024-09-28,South,Phuket,7.77489,98.45921,Rural Road (ทางหลวงชนบท),Department of Rural Roads (DRR - กรมทางหลวงชนบท),Motorcycle,Speeding (ขับรถเร็วเกินกำหนด),Normal Period (ช่วงเวลาปกติ),Level 3: Critical Blackspot (Red Zone),No,1,2,1,4,7249036.07,35.2,93.1
THA-2024-102426,2026,6,17,13,2026-06-17,Bangkok & Vicinity,Bangkok,13.83034,100.71494,Urban / City Road (ถนนในเมือง/ท้องถิ่น),Local Administration / BMA (อปท./กทม.),Motorcycle,Speeding (ขับรถเร็วเกินกำหนด),Normal Period (ช่วงเวลาปกติ),Level 3: Critical Blackspot (Red Zone),No,2,0,0,2,10212090.8,34.0,94.0
THA-2025-102427,2021,2,10,5,2021-02-10,South,Surat Thani,9.11477,99.17003,National Highway (ทางหลวงแผ่นดิน),Department of Highways (DOH - กรมทางหลวง),Private Car,Cutting off abruptly (ตัดหน้ากระชั้นชิด),Normal Period (ช่วงเวลาปกติ),Level 1: Low Risk (Baseline Zone),No,0,0,1,1,526552.81,75.1,56.9
THA-2026-102428,2024,8,17,2,2024-08-17,North,Chiang Mai,18.7747,99.06121,National Highway (ทางหลวงแผ่นดิน),Department of Highways (DOH - กรมทางหลวง),Commercial Truck,Cutting off abruptly (ตัดหน้ากระชั้นชิด),Normal Period (ช่วงเวลาปกติ),Level 2: Moderate Risk (Surveillance Zone),Yes,0,1,1,2,1928208.27,73.7,10.0
THA-2020-102429,2024,12,22,0,2024-12-22,South,Phuket,7.84763,98.40146,National Highway (ทางหลวงแผ่นดิน),Department of Highways (DOH - กรมทางหลวง),Motorcycle,Running red light / Signal violation (ฝ่าฝืนสัญญาณไฟ),Normal Period (ช่วงเวลาปกติ),Level 1: Low Risk (Baseline Zone),No,0,0,1,1,91301.9,57.4,25.1
THA-2021-102430,2024,9,17,15,2024-09-17,Northeast,Khon Kaen,16.37441,102.93098,Rural Road (ทางหลวงชนบท),Department of Rural Roads (DRR - กรมทางหลวงชนบท),Motorcycle,Drunk driving (เมาแล้วขับ),Normal Period (ช่วงเวลาปกติ),Level 2: Moderate Risk (Surveillance Zone),Yes,0,1,1,2,841035.5,44.6,77.1
THA-2022-102431,2020,9,21,3,2020-09-21,Central,Ayutthaya,14.42022,100.49459,National Highway (ทางหลวงแผ่นดิน),Department of Highways (DOH - กรมทางหลวง),Private Car,Fatigue / Falling asleep (หลับใน),Normal Period (ช่วงเวลาปกติ),Level 1: Low Risk (Baseline Zone),Yes,0,0,1,1,222155.85,53.2,41.0
THA-2023-102432,2024,2,4,0,2024-02-04,South,Songkhla,7.12863,100.55315,National Highway (ทางหลวงแผ่นดิน),Department of Highways (DOH - กรมทางหลวง),Commercial Truck,Speeding (ขับรถเร็วเกินกำหนด),Normal Period (ช่วงเวลาปกติ),Level 3: Critical Blackspot (Red Zone),Yes,1,1,1,3,7370043.84,22.2,88.2
THA-2024-102433,2020,2,21,16,2020-02-21,North,Chiang Mai,18.62093,98.91672,National Highway (ทางหลวงแผ่นดิน),Department of Highways (DOH - กรมทางหลวง),Commercial Truck,Fatigue / Falling asleep (หลับใน),Normal Period (ช่วงเวลาปกติ),Level 2: Moderate Risk (Surveillance Zone),No,0,1,3,4,2218099.89,28.4,26.3
THA-2025-102434,2024,7,23,17,2024-07-23,South,Surat Thani,8.97864,99.40552,Rural Road (ทางหลวงชนบท),Department of Rural Roads (DRR - กรมทางหลวงชนบท),Private Car,Drunk driving (เมาแล้วขับ),Normal Period (ช่วงเวลาปกติ),Level 3: Critical Blackspot (Red Zone),No,1,0,0,1,5647832.51,43.0,58.9
THA-2026-102435,2025,11,6,7,2025-11-06,North,Chiang Rai,20.00166,99.81371,National Highway (ทางหลวงแผ่นดิน),Department of Highways (DOH - กรมทางหลวง),Commercial Truck,Drunk driving (เมาแล้วขับ),Normal Period (ช่วงเวลาปกติ),Level 1: Low Risk (Baseline Zone),Yes,0,0,1,1,868187.82,50.2,59.3
THA-2020-102436,2021,4,12,1,2021-04-12,North,Chiang Rai,19.92892,99.93699,National Highway (ทางหลวงแผ่นดิน),Department of Highways (DOH - กรมทางหลวง),Motorcycle,Speeding (ขับรถเร็วเกินกำหนด),Songkran Festival (เทศกาลสงกรานต์),Level 3: Critical Blackspot (Red Zone),Yes,1,2,0,3,7155917.27,77.8,57.6
THA-2021-102437,2025,1,25,17,2025-01-25,North,Chiang Mai,18.85884,99.16572,Rural Road (ทางหลวงชนบท),Department of Rural Roads (DRR - กรมทางหลวงชนบท),Motorcycle,Cutting off abruptly (ตัดหน้ากระชั้นชิด),Normal Period (ช่วงเวลาปกติ),Level 2: Moderate Risk (Surveillance Zone),Yes,0,1,2,3,1341013.25,48.4,53.8
THA-2022-102438,2020,8,22,15,2020-08-22,Northeast,Nakhon Ratchasima,15.00325,102.22854,Expressway (ทางพิเศษ),EXAT (การทางพิเศษแห่งประเทศไทย),Motorcycle,Drunk driving (เมาแล้วขับ),Normal Period (ช่วงเวลาปกติ),Level 1: Low Risk (Baseline Zone),No,0,0,1,1,105444.8,49.6,88.5
THA-2023-102439,2025,2,25,9,2025-02-25,Bangkok & Vicinity,Bangkok,13.76486,100.49105,Rural Road (ทางหลวงชนบท),Department of Rural Roads (DRR - กรมทางหลวงชนบท),Private Car,Cutting off abruptly (ตัดหน้ากระชั้นชิด),Normal Period (ช่วงเวลาปกติ),Level 1: Low Risk (Baseline Zone),Yes,0,0,1,1,330977.02,36.6,10.0
THA-2024-102440,2023,3,20,7,2023-03-20,Northeast,Nakhon Ratchasima,15.04098,102.14749,Urban / City Road (ถนนในเมือง/ท้องถิ่น),Local Administration / BMA (อปท./กทม.),Motorcycle,Road defect / Slippery surface (ถนนชำรุด/ลื่น),Normal Period (ช่วงเวลาปกติ),Level 1: Low Risk (Baseline Zone),Yes,0,0,1,1,58071.89,37.0,29.4
THA-2025-102441,2021,5,17,11,2021-05-17,Northeast,Nakhon Ratchasima,14.92519,102.02364,National Highway (ทางหลวงแผ่นดิน),Department of Highways (DOH - กรมทางหลวง),Motorcycle,Road defect / Slippery surface (ถนนชำรุด/ลื่น),Normal Period (ช่วงเวลาปกติ),Level 2: Moderate Risk (Surveillance Zone),Yes,0,1,2,3,1356964.72,72.1,57.7
THA-2026-102442,2021,3,17,21,2021-03-17,Central,Chonburi,13.36783,100.81459,National Highway (ทางหลวงแผ่นดิน),Department of Highways (DOH - กรมทางหลวง),Motorcycle,Running red light / Signal violation (ฝ่าฝืนสัญญาณไฟ),Normal Period (ช่วงเวลาปกติ),Level 1: Low Risk (Baseline Zone),Yes,0,0,1,1,118891.22,50.8,16.8
THA-2020-102443,2026,7,10,15,2026-07-10,Central,Ayutthaya,14.32552,100.47999,National Highway (ทางหลวงแผ่นดิน),Department of Highways (DOH - กรมทางหลวง),Motorcycle,Drunk driving (เมาแล้วขับ),Normal Period (ช่วงเวลาปกติ),Level 1: Low Risk (Baseline Zone),Yes,0,0,1,1,145127.59,60.0,49.0
THA-2021-102444,2020,7,7,11,2020-07-07,North,Phitsanulok,16.76923,100.19581,Urban / City Road (ถนนในเมือง/ท้องถิ่น),Local Administration / BMA (อปท./กทม.),Commercial Truck,Running red light / Signal violation (ฝ่าฝืนสัญญาณไฟ),Normal Period (ช่วงเวลาปกติ),Level 2: Moderate Risk (Surveillance Zone),No,0,2,1,3,2075998.95,54.2,59.5
THA-2022-102445,2021,2,16,10,2021-02-16,North,Chiang Mai,18.85741,99.0255,National Highway (ทางหลวงแผ่นดิน),Department of Highways (DOH - กรมทางหลวง),Motorcycle,Fatigue / Falling asleep (หลับใน),Normal Period (ช่วงเวลาปกติ),Level 1: Low Risk (Baseline Zone),No,0,0,1,1,73836.2,37.2,65.3
THA-2023-102446,2022,7,13,19,2022-07-13,Bangkok & Vicinity,Nonthaburi,13.86687,100.4789,Urban / City Road (ถนนในเมือง/ท้องถิ่น),Local Administration / BMA (อปท./กทม.),Motorcycle,Speeding (ขับรถเร็วเกินกำหนด),Normal Period (ช่วงเวลาปกติ),Level 1: Low Risk (Baseline Zone),No,0,0,1,1,111102.17,45.4,75.5
THA-2024-102447,2024,11,3,18,2024-11-03,Bangkok & Vicinity,Bangkok,13.84942,100.58286,Expressway (ทางพิเศษ),EXAT (การทางพิเศษแห่งประเทศไทย),Private Car,Cutting off abruptly (ตัดหน้ากระชั้นชิด),Normal Period (ช่วงเวลาปกติ),Level 2: Moderate Risk (Surveillance Zone),No,0,1,1,2,1088386.79,29.7,41.8
THA-2025-102448,2023,6,2,0,2023-06-02,Bangkok & Vicinity,Bangkok,13.7463,100.62373,National Highway (ทางหลวงแผ่นดิน),Department of Highways (DOH - กรมทางหลวง),Motorcycle,Speeding (ขับรถเร็วเกินกำหนด),Normal Period (ช่วงเวลาปกติ),Level 1: Low Risk (Baseline Zone),Yes,0,0,1,1,96614.54,56.6,64.5
THA-2026-102449,2021,10,16,2,2021-10-16,North,Chiang Mai,18.77124,99.00372,National Highway (ทางหลวงแผ่นดิน),Department of Highways (DOH - กรมทางหลวง),Private Car,Speeding (ขับรถเร็วเกินกำหนด),Normal Period (ช่วงเวลาปกติ),Level 1: Low Risk (Baseline Zone),Yes,0,0,0,0,411198.0,46.5,79.7
THA-2020-102450,2022,9,6,11,2022-09-06,Bangkok & Vicinity,Nonthaburi,13.81042,100.47801,National Highway (ทางหลวงแผ่นดิน),Department of Highways (DOH - กรมทางหลวง),Commercial Truck,Speeding (ขับรถเร็วเกินกำหนด),Normal Period (ช่วงเวลาปกติ),Level 2: Moderate Risk (Surveillance Zone),Yes,0,1,1,2,1530887.85,64.1,73.2
THA-2021-102451,2021,9,6,8,2021-09-06,South,Surat Thani,9.08177,99.38338,National Highway (ทางหลวงแผ่นดิน),Department of Highways (DOH - กรมทางหลวง),Public Bus/Van,Speeding (ขับรถเร็วเกินกำหนด),Normal Period (ช่วงเวลาปกติ),Level 1: Low Risk (Baseline Zone),Yes,0,0,1,1,948059.25,43.7,96.9
THA-2022-102452,2021,2,13,20,2021-02-13,Northeast,Nakhon Ratchasima,15.01376,102.00305,National Highway (ทางหลวงแผ่นดิน),Department of Highways (DOH - กรมทางหลวง),Commercial Truck,Drunk driving (เมาแล้วขับ),Normal Period (ช่วงเวลาปกติ),Level 2: Moderate Risk (Surveillance Zone),No,0,1,1,2,1294502.82,50.1,57.1
THA-2023-102453,2023,7,7,21,2023-07-07,North,Chiang Mai,18.83928,99.14667,Urban / City Road (ถนนในเมือง/ท้องถิ่น),Local Administration / BMA (อปท./กทม.),Motorcycle,Cutting off abruptly (ตัดหน้ากระชั้นชิด),Normal Period (ช่วงเวลาปกติ),Level 2: Moderate Risk (Surveillance Zone),No,0,1,2,3,1309602.4,28.5,64.9
THA-2024-102454,2024,5,5,4,2024-05-05,Northeast,Khon Kaen,16.37279,102.75905,National Highway (ทางหลวงแผ่นดิน),Department of Highways (DOH - กรมทางหลวง),Private Car,Speeding (ขับรถเร็วเกินกำหนด),Normal Period (ช่วงเวลาปกติ),Level 1: Low Risk (Baseline Zone),Yes,0,0,1,1,197008.0,54.4,67.7
THA-2025-102455,2021,6,24,0,2021-06-24,Bangkok & Vicinity,Bangkok,13.75703,100.62584,National Highway (ทางหลวงแผ่นดิน),Department of Highways (DOH - กรมทางหลวง),Motorcycle,Fatigue / Falling asleep (หลับใน),Normal Period (ช่วงเวลาปกติ),Level 1: Low Risk (Baseline Zone),No,0,0,0,0,41343.08,55.7,43.7
THA-2026-102456,2022,1,7,9,2022-01-07,North,Phitsanulok,16.78165,100.43167,National Highway (ทางหลวงแผ่นดิน),Department of Highways (DOH - กรมทางหลวง),Motorcycle,Fatigue / Falling asleep (หลับใน),Normal Period (ช่วงเวลาปกติ),Level 1: Low Risk (Baseline Zone),Yes,0,0,1,1,154323.83,63.9,43.1
THA-2020-102457,2022,7,2,16,2022-07-02,Northeast,Khon Kaen,16.33706,102.84052,Expressway (ทางพิเศษ),EXAT (การทางพิเศษแห่งประเทศไทย),Motorcycle,Running red light / Signal violation (ฝ่าฝืนสัญญาณไฟ),Normal Period (ช่วงเวลาปกติ),Level 3: Critical Blackspot (Red Zone),No,1,0,0,1,3862507.59,39.0,38.9
THA-2021-102458,2026,6,17,3,2026-06-17,Northeast,Nakhon Ratchasima,14.82679,102.01355,Rural Road (ทางหลวงชนบท),Department of Rural Roads (DRR - กรมทางหลวงชนบท),Motorcycle,Drunk driving (เมาแล้วขับ),Normal Period (ช่วงเวลาปกติ),Level 3: Critical Blackspot (Red Zone),No,1,2,1,4,7993432.01,45.0,67.8
THA-2022-102459,2026,4,13,14,2026-04-13,North,Chiang Rai,19.89129,99.86492,Urban / City Road (ถนนในเมือง/ท้องถิ่น),Local Administration / BMA (อปท./กทม.),Commercial Truck,Cutting off abruptly (ตัดหน้ากระชั้นชิด),Songkran Festival (เทศกาลสงกรานต์),Level 2: Moderate Risk (Surveillance Zone),Yes,0,1,2,3,1391488.04,49.4,54.8
THA-2023-102460,2025,1,25,18,2025-01-25,South,Songkhla,7.28727,100.55136,Expressway (ทางพิเศษ),EXAT (การทางพิเศษแห่งประเทศไทย),Motorcycle,Speeding (ขับรถเร็วเกินกำหนด),Normal Period (ช่วงเวลาปกติ),Level 3: Critical Blackspot (Red Zone),Yes,1,0,0,1,5003775.99,43.3,64.7
THA-2024-102461,2021,9,21,7,2021-09-21,South,Phuket,7.91826,98.27178,Rural Road (ทางหลวงชนบท),Department of Rural Roads (DRR - กรมทางหลวงชนบท),Private Car,Speeding (ขับรถเร็วเกินกำหนด),Normal Period (ช่วงเวลาปกติ),Level 1: Low Risk (Baseline Zone),Yes,0,0,1,1,375257.07,77.0,73.9
THA-2025-102462,2020,4,28,22,2020-04-28,Northeast,Khon Kaen,16.52309,102.94153,National Highway (ทางหลวงแผ่นดิน),Department of Highways (DOH - กรมทางหลวง),Motorcycle,Speeding (ขับรถเร็วเกินกำหนด),Normal Period (ช่วงเวลาปกติ),Level 2: Moderate Risk (Surveillance Zone),No,0,2,2,4,1920990.2,59.3,56.4
THA-2026-102463,2022,2,27,14,2022-02-27,Northeast,Nakhon Ratchasima,15.07328,102.19105,National Highway (ทางหลวงแผ่นดิน),Department of Highways (DOH - กรมทางหลวง),Motorcycle,Cutting off abruptly (ตัดหน้ากระชั้นชิด),Normal Period (ช่วงเวลาปกติ),Level 2: Moderate Risk (Surveillance Zone),Yes,0,1,1,2,903302.22,21.8,34.2
THA-2020-102464,2022,8,21,6,2022-08-21,Northeast,Khon Kaen,16.42398,102.8485,National Highway (ทางหลวงแผ่นดิน),Department of Highways (DOH - กรมทางหลวง),Public Bus/Van,Running red light / Signal violation (ฝ่าฝืนสัญญาณไฟ),Normal Period (ช่วงเวลาปกติ),Level 1: Low Risk (Baseline Zone),No,0,0,1,1,1064340.99,53.8,46.8
THA-2021-102465,2023,2,28,14,2023-02-28,Bangkok & Vicinity,Bangkok,13.74757,100.4977,Rural Road (ทางหลวงชนบท),Department of Rural Roads (DRR - กรมทางหลวงชนบท),Motorcycle,Speeding (ขับรถเร็วเกินกำหนด),Normal Period (ช่วงเวลาปกติ),Level 2: Moderate Risk (Surveillance Zone),No,0,1,1,2,1148191.58,60.6,67.0
THA-2022-102466,2025,5,16,7,2025-05-16,North,Chiang Rai,19.84357,99.86595,National Highway (ทางหลวงแผ่นดิน),Department of Highways (DOH - กรมทางหลวง),Private Car,Speeding (ขับรถเร็วเกินกำหนด),Normal Period (ช่วงเวลาปกติ),Level 1: Low Risk (Baseline Zone),Yes,0,0,0,0,288803.16,40.9,47.6
THA-2023-102467,2025,11,26,22,2025-11-26,Bangkok & Vicinity,Bangkok,13.7939,100.59048,National Highway (ทางหลวงแผ่นดิน),Department of Highways (DOH - กรมทางหลวง),Motorcycle,Speeding (ขับรถเร็วเกินกำหนด),Normal Period (ช่วงเวลาปกติ),Level 3: Critical Blackspot (Red Zone),No,1,0,0,1,4234552.7,74.0,65.5
THA-2024-102468,2025,6,20,9,2025-06-20,Northeast,Nakhon Ratchasima,15.01519,102.1771,Rural Road (ทางหลวงชนบท),Department of Rural Roads (DRR - กรมทางหลวงชนบท),Motorcycle,Drunk driving (เมาแล้วขับ),Normal Period (ช่วงเวลาปกติ),Level 1: Low Risk (Baseline Zone),Yes,0,0,0,0,52260.86,21.9,80.5
THA-2025-102469,2022,11,2,17,2022-11-02,Northeast,Nakhon Ratchasima,14.91292,102.22591,Rural Road (ทางหลวงชนบท),Department of Rural Roads (DRR - กรมทางหลวงชนบท),Motorcycle,Speeding (ขับรถเร็วเกินกำหนด),Normal Period (ช่วงเวลาปกติ),Level 1: Low Risk (Baseline Zone),Yes,0,0,1,1,132991.71,55.7,62.4
THA-2026-102470,2024,8,5,3,2024-08-05,Bangkok & Vicinity,Nonthaburi,13.84039,100.32901,Rural Road (ทางหลวงชนบท),Department of Rural Roads (DRR - กรมทางหลวงชนบท),Commercial Truck,Cutting off abruptly (ตัดหน้ากระชั้นชิด),Normal Period (ช่วงเวลาปกติ),Level 2: Moderate Risk (Surveillance Zone),No,0,1,1,2,2033785.1,30.9,19.4
THA-2020-102471,2022,11,18,14,2022-11-18,South,Surat Thani,9.10315,99.3734,National Highway (ทางหลวงแผ่นดิน),Department of Highways (DOH - กรมทางหลวง),Motorcycle,Speeding (ขับรถเร็วเกินกำหนด),Normal Period (ช่วงเวลาปกติ),Level 1: Low Risk (Baseline Zone),No,0,0,1,1,125714.32,69.2,77.2
THA-2021-102472,2020,1,28,10,2020-01-28,South,Phuket,7.8878,98.21752,Urban / City Road (ถนนในเมือง/ท้องถิ่น),Local Administration / BMA (อปท./กทม.),Motorcycle,Cutting off abruptly (ตัดหน้ากระชั้นชิด),Normal Period (ช่วงเวลาปกติ),Level 3: Critical Blackspot (Red Zone),No,1,1,0,2,5382237.28,22.3,46.7
THA-2022-102473,2024,1,7,21,2024-01-07,Central,Chonburi,13.38046,100.99611,Rural Road (ทางหลวงชนบท),Department of Rural Roads (DRR - กรมทางหลวงชนบท),Motorcycle,Speeding (ขับรถเร็วเกินกำหนด),Normal Period (ช่วงเวลาปกติ),Level 1: Low Risk (Baseline Zone),Yes,0,0,0,0,25663.33,46.3,77.9
THA-2023-102474,2020,12,11,2,2020-12-11,Northeast,Nakhon Ratchasima,14.89247,102.14861,National Highway (ทางหลวงแผ่นดิน),Department of Highways (DOH - กรมทางหลวง),Private Car,Cutting off abruptly (ตัดหน้ากระชั้นชิด),Normal Period (ช่วงเวลาปกติ),Level 1: Low Risk (Baseline Zone),Yes,0,0,1,1,244621.14,47.5,38.2
THA-2024-102475,2023,4,25,14,2023-04-25,Central,Saraburi,14.51686,100.7352,Urban / City Road (ถนนในเมือง/ท้องถิ่น),Local Administration / BMA (อปท./กทม.),Private Car,Speeding (ขับรถเร็วเกินกำหนด),Normal Period (ช่วงเวลาปกติ),Level 2: Moderate Risk (Surveillance Zone),Yes,0,1,2,3,1385884.96,64.6,55.7
THA-2025-102476,2022,5,25,2,2022-05-25,Bangkok & Vicinity,Bangkok,13.81886,100.51753,Expressway (ทางพิเศษ),EXAT (การทางพิเศษแห่งประเทศไทย),Private Car,Fatigue / Falling asleep (หลับใน),Normal Period (ช่วงเวลาปกติ),Level 1: Low Risk (Baseline Zone),Yes,0,0,1,1,207819.6,27.6,27.0
THA-2026-102477,2024,9,11,14,2024-09-11,Central,Chonburi,13.49732,100.90685,National Highway (ทางหลวงแผ่นดิน),Department of Highways (DOH - กรมทางหลวง),Motorcycle,Cutting off abruptly (ตัดหน้ากระชั้นชิด),Normal Period (ช่วงเวลาปกติ),Level 2: Moderate Risk (Surveillance Zone),Yes,0,2,1,3,2325502.43,44.5,23.4
THA-2020-102478,2025,11,22,5,2025-11-22,Bangkok & Vicinity,Bangkok,13.73533,100.59774,National Highway (ทางหลวงแผ่นดิน),Department of Highways (DOH - กรมทางหลวง),Commercial Truck,Drunk driving (เมาแล้วขับ),Normal Period (ช่วงเวลาปกติ),Level 3: Critical Blackspot (Red Zone),Yes,1,0,1,2,6458676.29,42.6,47.7
THA-2021-102479,2022,7,17,0,2022-07-17,Central,Chonburi,13.27869,101.07747,Rural Road (ทางหลวงชนบท),Department of Rural Roads (DRR - กรมทางหลวงชนบท),Private Car,Cutting off abruptly (ตัดหน้ากระชั้นชิด),Normal Period (ช่วงเวลาปกติ),Level 2: Moderate Risk (Surveillance Zone),Yes,0,1,1,2,926393.23,26.4,31.1
THA-2022-102480,2025,7,16,13,2025-07-16,Bangkok & Vicinity,Nonthaburi,13.95721,100.54164,National Highway (ทางหลวงแผ่นดิน),Department of Highways (DOH - กรมทางหลวง),Commercial Truck,Cutting off abruptly (ตัดหน้ากระชั้นชิด),Normal Period (ช่วงเวลาปกติ),Level 1: Low Risk (Baseline Zone),Yes,0,0,1,1,550501.22,56.0,46.1
THA-2023-102481,2022,8,13,15,2022-08-13,Central,Saraburi,14.51404,100.85254,Urban / City Road (ถนนในเมือง/ท้องถิ่น),Local Administration / BMA (อปท./กทม.),Commercial Truck,Speeding (ขับรถเร็วเกินกำหนด),Normal Period (ช่วงเวลาปกติ),Level 2: Moderate Risk (Surveillance Zone),No,0,1,1,2,1729356.67,31.2,65.5
THA-2024-102482,2023,5,22,0,2023-05-22,South,Surat Thani,9.0733,99.34947,National Highway (ทางหลวงแผ่นดิน),Department of Highways (DOH - กรมทางหลวง),Private Car,Cutting off abruptly (ตัดหน้ากระชั้นชิด),Normal Period (ช่วงเวลาปกติ),Level 1: Low Risk (Baseline Zone),No,0,0,0,0,189221.05,57.2,36.9
THA-2025-102483,2025,5,5,20,2025-05-05,Bangkok & Vicinity,Bangkok,13.49733,100.45166,Urban / City Road (ถนนในเมือง/ท้องถิ่น),Local Administration / BMA (อปท./กทม.),Motorcycle,Cutting off abruptly (ตัดหน้ากระชั้นชิด),Normal Period (ช่วงเวลาปกติ),Level 2: Moderate Risk (Surveillance Zone),No,0,1,1,2,692053.88,52.5,20.9
THA-2026-102484,2024,1,20,16,2024-01-20,North,Phitsanulok,16.75855,100.17698,Rural Road (ทางหลวงชนบท),Department of Rural Roads (DRR - กรมทางหลวงชนบท),Commercial Truck,Cutting off abruptly (ตัดหน้ากระชั้นชิด),Normal Period (ช่วงเวลาปกติ),Level 2: Moderate Risk (Surveillance Zone),Yes,0,1,2,3,1846814.9,36.1,40.8
THA-2020-102485,2026,9,16,7,2026-09-16,South,Songkhla,7.19231,100.48202,Rural Road (ทางหลวงชนบท),Department of Rural Roads (DRR - กรมทางหลวงชนบท),Public Bus/Van,Drunk driving (เมาแล้วขับ),Normal Period (ช่วงเวลาปกติ),Level 1: Low Risk (Baseline Zone),Yes,0,0,1,1,578768.62,16.5,63.1
THA-2021-102486,2021,6,28,17,2021-06-28,Northeast,Nakhon Ratchasima,15.08816,102.18002,National Highway (ทางหลวงแผ่นดิน),Department of Highways (DOH - กรมทางหลวง),Motorcycle,Fatigue / Falling asleep (หลับใน),Normal Period (ช่วงเวลาปกติ),Level 2: Moderate Risk (Surveillance Zone),No,0,2,1,3,2316254.06,61.2,29.3
THA-2022-102487,2024,9,22,15,2024-09-22,Central,Saraburi,14.65126,100.86335,National Highway (ทางหลวงแผ่นดิน),Department of Highways (DOH - กรมทางหลวง),Motorcycle,Drunk driving (เมาแล้วขับ),Normal Period (ช่วงเวลาปกติ),Level 1: Low Risk (Baseline Zone),No,0,0,1,1,126815.59,52.8,58.1
THA-2023-102488,2024,3,22,5,2024-03-22,Northeast,Khon Kaen,16.4509,102.89769,National Highway (ทางหลวงแผ่นดิน),Department of Highways (DOH - กรมทางหลวง),Public Bus/Van,Speeding (ขับรถเร็วเกินกำหนด),Normal Period (ช่วงเวลาปกติ),Level 1: Low Risk (Baseline Zone),Yes,0,0,1,1,420225.32,64.9,44.4
THA-2024-102489,2026,5,16,9,2026-05-16,North,Chiang Mai,18.77653,98.93431,National Highway (ทางหลวงแผ่นดิน),Department of Highways (DOH - กรมทางหลวง),Motorcycle,Drunk driving (เมาแล้วขับ),Normal Period (ช่วงเวลาปกติ),Level 3: Critical Blackspot (Red Zone),No,3,2,1,6,13517868.57,47.2,66.4
THA-2025-102490,2021,2,16,9,2021-02-16,North,Chiang Mai,18.79907,98.96685,National Highway (ทางหลวงแผ่นดิน),Department of Highways (DOH - กรมทางหลวง),Commercial Truck,Speeding (ขับรถเร็วเกินกำหนด),Normal Period (ช่วงเวลาปกติ),Level 2: Moderate Risk (Surveillance Zone),Yes,0,1,1,2,1290907.93,51.7,72.4
THA-2026-102491,2025,10,14,4,2025-10-14,Bangkok & Vicinity,Bangkok,13.65994,100.28757,Urban / City Road (ถนนในเมือง/ท้องถิ่น),Local Administration / BMA (อปท./กทม.),Motorcycle,Drunk driving (เมาแล้วขับ),Normal Period (ช่วงเวลาปกติ),Level 1: Low Risk (Baseline Zone),No,0,0,0,0,74325.45,16.7,31.1
THA-2020-102492,2024,5,6,11,2024-05-06,Central,Chonburi,13.27798,100.77233,National Highway (ทางหลวงแผ่นดิน),Department of Highways (DOH - กรมทางหลวง),Motorcycle,Cutting off abruptly (ตัดหน้ากระชั้นชิด),Normal Period (ช่วงเวลาปกติ),Level 2: Moderate Risk (Surveillance Zone),Yes,0,1,2,3,1034997.55,49.9,19.6
THA-2021-102493,2022,8,2,19,2022-08-02,North,Chiang Rai,19.8322,99.96832,Urban / City Road (ถนนในเมือง/ท้องถิ่น),Local Administration / BMA (อปท./กทม.),Motorcycle,Speeding (ขับรถเร็วเกินกำหนด),Normal Period (ช่วงเวลาปกติ),Level 1: Low Risk (Baseline Zone),No,0,0,1,1,142080.27,30.0,61.2
THA-2022-102494,2023,11,14,16,2023-11-14,Northeast,Nakhon Ratchasima,14.81353,102.1382,National Highway (ทางหลวงแผ่นดิน),Department of Highways (DOH - กรมทางหลวง),Motorcycle,Fatigue / Falling asleep (หลับใน),Normal Period (ช่วงเวลาปกติ),Level 1: Low Risk (Baseline Zone),Yes,0,0,1,1,151377.91,51.9,56.7
THA-2023-102495,2022,2,16,13,2022-02-16,Northeast,Nakhon Ratchasima,15.08994,101.95626,Urban / City Road (ถนนในเมือง/ท้องถิ่น),Local Administration / BMA (อปท./กทม.),Motorcycle,Drunk driving (เมาแล้วขับ),Normal Period (ช่วงเวลาปกติ),Level 1: Low Risk (Baseline Zone),Yes,0,0,0,0,61933.92,41.2,49.1
THA-2024-102496,2024,8,23,13,2024-08-23,Northeast,Nakhon Ratchasima,15.14139,102.09092,Expressway (ทางพิเศษ),EXAT (การทางพิเศษแห่งประเทศไทย),Motorcycle,Speeding (ขับรถเร็วเกินกำหนด),Normal Period (ช่วงเวลาปกติ),Level 1: Low Risk (Baseline Zone),Yes,0,0,1,1,127388.19,26.5,73.2
THA-2025-102497,2026,4,20,2,2026-04-20,Central,Saraburi,14.65113,100.93518,National Highway (ทางหลวงแผ่นดิน),Department of Highways (DOH - กรมทางหลวง),Private Car,Speeding (ขับรถเร็วเกินกำหนด),Normal Period (ช่วงเวลาปกติ),Level 1: Low Risk (Baseline Zone),Yes,0,0,0,0,312627.66,54.8,81.0
THA-2026-102498,2024,10,13,11,2024-10-13,South,Songkhla,7.13414,100.35263,Urban / City Road (ถนนในเมือง/ท้องถิ่น),Local Administration / BMA (อปท./กทม.),Public Bus/Van,Cutting off abruptly (ตัดหน้ากระชั้นชิด),Normal Period (ช่วงเวลาปกติ),Level 1: Low Risk (Baseline Zone),Yes,0,0,1,1,1289787.32,33.3,60.8
THA-2020-102499,2024,10,15,19,2024-10-15,North,Chiang Rai,19.81017,99.90178,Rural Road (ทางหลวงชนบท),Department of Rural Roads (DRR - กรมทางหลวงชนบท),Motorcycle,Road defect / Slippery surface (ถนนชำรุด/ลื่น),Normal Period (ช่วงเวลาปกติ),Level 1: Low Risk (Baseline Zone),Yes,0,0,1,1,154150.64,36.8,15.2
THA-2021-102500,2023,1,12,17,2023-01-12,Central,Ayutthaya,14.49156,100.44198,Urban / City Road (ถนนในเมือง/ท้องถิ่น),Local Administration / BMA (อปท./กทม.),Motorcycle,Cutting off abruptly (ตัดหน้ากระชั้นชิด),Normal Period (ช่วงเวลาปกติ),Level 1: Low Risk (Baseline Zone),No,0,0,1,1,96649.15,58.8,49.4
THA-2022-102501,2020,5,9,11,2020-05-09,Central,Chonburi,13.35573,100.94456,Rural Road (ทางหลวงชนบท),Department of Rural Roads (DRR - กรมทางหลวงชนบท),Motorcycle,Running red light / Signal violation (ฝ่าฝืนสัญญาณไฟ),Normal Period (ช่วงเวลาปกติ),Level 1: Low Risk (Baseline Zone),No,0,0,0,0,70424.34,10.0,40.4
THA-2023-102502,2021,1,26,1,2021-01-26,Northeast,Nakhon Ratchasima,15.0175,102.10575,National Highway (ทางหลวงแผ่นดิน),Department of Highways (DOH - กรมทางหลวง),Motorcycle,Speeding (ขับรถเร็วเกินกำหนด),Normal Period (ช่วงเวลาปกติ),Level 3: Critical Blackspot (Red Zone),No,1,1,1,3,5184087.1,44.9,75.1
THA-2024-102503,2023,7,18,1,2023-07-18,South,Surat Thani,9.10475,99.37902,National Highway (ทางหลวงแผ่นดิน),Department of Highways (DOH - กรมทางหลวง),Motorcycle,Cutting off abruptly (ตัดหน้ากระชั้นชิด),Normal Period (ช่วงเวลาปกติ),Level 1: Low Risk (Baseline Zone),No,0,0,1,1,121490.61,60.2,31.8
THA-2025-102504,2022,8,21,16,2022-08-21,Bangkok & Vicinity,Bangkok,13.69406,100.50281,National Highway (ทางหลวงแผ่นดิน),Department of Highways (DOH - กรมทางหลวง),Motorcycle,Fatigue / Falling asleep (หลับใน),Normal Period (ช่วงเวลาปกติ),Level 3: Critical Blackspot (Red Zone),No,1,2,1,4,5236319.8,59.1,31.5
THA-2026-102505,2021,3,14,9,2021-03-14,Bangkok & Vicinity,Bangkok,13.82561,100.43643,Rural Road (ทางหลวงชนบท),Department of Rural Roads (DRR - กรมทางหลวงชนบท),Motorcycle,Cutting off abruptly (ตัดหน้ากระชั้นชิด),Normal Period (ช่วงเวลาปกติ),Level 2: Moderate Risk (Surveillance Zone),Yes,0,2,1,3,1171593.91,46.1,54.5
THA-2020-102506,2023,3,20,17,2023-03-20,Central,Saraburi,14.49659,100.86058,Expressway (ทางพิเศษ),EXAT (การทางพิเศษแห่งประเทศไทย),Motorcycle,Speeding (ขับรถเร็วเกินกำหนด),Normal Period (ช่วงเวลาปกติ),Level 3: Critical Blackspot (Red Zone),No,1,2,1,4,6651571.98,48.0,53.3
THA-2021-102507,2022,7,25,21,2022-07-25,North,Phitsanulok,16.8618,100.29736,Urban / City Road (ถนนในเมือง/ท้องถิ่น),Local Administration / BMA (อปท./กทม.),Motorcycle,Cutting off abruptly (ตัดหน้ากระชั้นชิด),Normal Period (ช่วงเวลาปกติ),Level 2: Moderate Risk (Surveillance Zone),No,0,1,1,2,1017160.55,41.8,38.7
THA-2022-102508,2022,4,4,18,2022-04-04,Central,Saraburi,14.48227,100.94148,National Highway (ทางหลวงแผ่นดิน),Department of Highways (DOH - กรมทางหลวง),Private Car,Drunk driving (เมาแล้วขับ),Normal Period (ช่วงเวลาปกติ),Level 3: Critical Blackspot (Red Zone),Yes,1,0,0,1,6125220.23,45.9,50.2
THA-2023-102509,2023,3,8,20,2023-03-08,South,Phuket,7.62731,98.46747,Urban / City Road (ถนนในเมือง/ท้องถิ่น),Local Administration / BMA (อปท./กทม.),Motorcycle,Drunk driving (เมาแล้วขับ),Normal Period (ช่วงเวลาปกติ),Level 2: Moderate Risk (Surveillance Zone),Yes,0,2,2,4,2042574.57,26.3,58.5
THA-2024-102510,2021,8,8,0,2021-08-08,Bangkok & Vicinity,Bangkok,13.83691,100.45623,Urban / City Road (ถนนในเมือง/ท้องถิ่น),Local Administration / BMA (อปท./กทม.),Commercial Truck,Fatigue / Falling asleep (หลับใน),Normal Period (ช่วงเวลาปกติ),Level 3: Critical Blackspot (Red Zone),No,1,1,1,3,6597310.8,26.1,29.0
THA-2025-102511,2026,3,22,23,2026-03-22,South,Phuket,7.81692,98.38712,National Highway (ทางหลวงแผ่นดิน),Department of Highways (DOH - กรมทางหลวง),Public Bus/Van,Fatigue / Falling asleep (หลับใน),Normal Period (ช่วงเวลาปกติ),Level 1: Low Risk (Baseline Zone),Yes,0,0,0,0,479416.29,58.1,51.3
THA-2026-102512,2025,7,22,3,2025-07-22,North,Phitsanulok,16.73919,100.19798,National Highway (ทางหลวงแผ่นดิน),Department of Highways (DOH - กรมทางหลวง),Public Bus/Van,Drunk driving (เมาแล้วขับ),Normal Period (ช่วงเวลาปกติ),Level 1: Low Risk (Baseline Zone),Yes,0,0,0,0,482400.9,39.7,72.6
THA-2020-102513,2024,2,16,3,2024-02-16,Northeast,Nakhon Ratchasima,15.00761,102.17062,National Highway (ทางหลวงแผ่นดิน),Department of Highways (DOH - กรมทางหลวง),Public Bus/Van,Speeding (ขับรถเร็วเกินกำหนด),Normal Period (ช่วงเวลาปกติ),Level 1: Low Risk (Baseline Zone),Yes,0,0,0,0,1349099.06,40.3,54.2
THA-2021-102514,2020,11,27,1,2020-11-27,Northeast,Khon Kaen,16.46081,103.08337,Urban / City Road (ถนนในเมือง/ท้องถิ่น),Local Administration / BMA (อปท./กทม.),Motorcycle,Cutting off abruptly (ตัดหน้ากระชั้นชิด),Normal Period (ช่วงเวลาปกติ),Level 3: Critical Blackspot (Red Zone),No,2,0,0,2,10189412.11,45.3,27.3
THA-2022-102515,2025,11,24,18,2025-11-24,South,Phuket,7.99277,98.45848,Urban / City Road (ถนนในเมือง/ท้องถิ่น),Local Administration / BMA (อปท./กทม.),Motorcycle,Fatigue / Falling asleep (หลับใน),Normal Period (ช่วงเวลาปกติ),Level 3: Critical Blackspot (Red Zone),Yes,1,1,0,2,4561781.64,72.5,10.0
THA-2023-102516,2025,1,28,20,2025-01-28,Bangkok & Vicinity,Bangkok,13.81923,100.50961,National Highway (ทางหลวงแผ่นดิน),Department of Highways (DOH - กรมทางหลวง),Motorcycle,Running red light / Signal violation (ฝ่าฝืนสัญญาณไฟ),Normal Period (ช่วงเวลาปกติ),Level 1: Low Risk (Baseline Zone),Yes,0,0,0,0,74702.57,58.2,35.4
THA-2024-102517,2025,12,28,11,2025-12-28,Northeast,Nakhon Ratchasima,15.02532,102.11558,National Highway (ทางหลวงแผ่นดิน),Department of Highways (DOH - กรมทางหลวง),Commercial Truck,Speeding (ขับรถเร็วเกินกำหนด),New Year Festival (เทศกาลปีใหม่),Level 3: Critical Blackspot (Red Zone),Yes,1,0,0,1,5433544.95,43.7,52.6
THA-2025-102518,2020,6,10,9,2020-06-10,Northeast,Ubon Ratchathani,15.33938,104.82218,Urban / City Road (ถนนในเมือง/ท้องถิ่น),Local Administration / BMA (อปท./กทม.),Commercial Truck,Cutting off abruptly (ตัดหน้ากระชั้นชิด),Normal Period (ช่วงเวลาปกติ),Level 2: Moderate Risk (Surveillance Zone),Yes,0,2,3,5,1488747.68,51.6,28.4
THA-2026-102519,2024,8,25,12,2024-08-25,Central,Chonburi,13.33117,101.09073,Expressway (ทางพิเศษ),EXAT (การทางพิเศษแห่งประเทศไทย),Commercial Truck,Speeding (ขับรถเร็วเกินกำหนด),Normal Period (ช่วงเวลาปกติ),Level 1: Low Risk (Baseline Zone),No,0,0,1,1,1089474.33,64.9,68.2
THA-2020-102520,2025,1,21,21,2025-01-21,Northeast,Ubon Ratchathani,15.2034,104.76226,Urban / City Road (ถนนในเมือง/ท้องถิ่น),Local Administration / BMA (อปท./กทม.),Motorcycle,Speeding (ขับรถเร็วเกินกำหนด),Normal Period (ช่วงเวลาปกติ),Level 3: Critical Blackspot (Red Zone),Yes,1,0,1,2,5696306.47,41.7,65.5
THA-2021-102521,2024,10,27,22,2024-10-27,Bangkok & Vicinity,Bangkok,13.68897,100.56918,Rural Road (ทางหลวงชนบท),Department of Rural Roads (DRR - กรมทางหลวงชนบท),Private Car,Cutting off abruptly (ตัดหน้ากระชั้นชิด),Normal Period (ช่วงเวลาปกติ),Level 2: Moderate Risk (Surveillance Zone),Yes,0,2,2,4,2429136.49,46.1,59.3
THA-2022-102522,2024,12,17,19,2024-12-17,North,Chiang Mai,19.02877,98.90541,National Highway (ทางหลวงแผ่นดิน),Department of Highways (DOH - กรมทางหลวง),Motorcycle,Drunk driving (เมาแล้วขับ),Normal Period (ช่วงเวลาปกติ),Level 3: Critical Blackspot (Red Zone),Yes,1,0,0,1,4331530.42,48.1,56.8
THA-2023-102523,2023,9,1,22,2023-09-01,North,Chiang Mai,18.84636,98.99914,Rural Road (ทางหลวงชนบท),Department of Rural Roads (DRR - กรมทางหลวงชนบท),Motorcycle,Speeding (ขับรถเร็วเกินกำหนด),Normal Period (ช่วงเวลาปกติ),Level 3: Critical Blackspot (Red Zone),No,3,1,1,5,17380317.84,13.9,67.9
THA-2024-102524,2023,3,18,14,2023-03-18,Central,Ayutthaya,14.45474,100.62567,National Highway (ทางหลวงแผ่นดิน),Department of Highways (DOH - กรมทางหลวง),Private Car,Fatigue / Falling asleep (หลับใน),Normal Period (ช่วงเวลาปกติ),Level 1: Low Risk (Baseline Zone),Yes,0,0,1,1,347051.93,62.1,34.5
THA-2025-102525,2020,3,10,2,2020-03-10,Bangkok & Vicinity,Nonthaburi,13.96922,100.53969,Urban / City Road (ถนนในเมือง/ท้องถิ่น),Local Administration / BMA (อปท./กทม.),Motorcycle,Fatigue / Falling asleep (หลับใน),Normal Period (ช่วงเวลาปกติ),Level 3: Critical Blackspot (Red Zone),Yes,1,2,0,3,6294065.66,29.8,30.0
THA-2026-102526,2024,4,26,22,2024-04-26,Bangkok & Vicinity,Bangkok,13.68117,100.4406,National Highway (ทางหลวงแผ่นดิน),Department of Highways (DOH - กรมทางหลวง),Public Bus/Van,Running red light / Signal violation (ฝ่าฝืนสัญญาณไฟ),Normal Period (ช่วงเวลาปกติ),Level 1: Low Risk (Baseline Zone),Yes,0,0,1,1,713625.81,44.1,51.0
THA-2020-102527,2020,11,21,19,2020-11-21,South,Surat Thani,9.15728,99.36354,Urban / City Road (ถนนในเมือง/ท้องถิ่น),Local Administration / BMA (อปท./กทม.),Motorcycle,Speeding (ขับรถเร็วเกินกำหนด),Normal Period (ช่วงเวลาปกติ),Level 1: Low Risk (Baseline Zone),Yes,0,0,1,1,144528.19,43.7,60.4
THA-2021-102528,2023,1,4,12,2023-01-04,Bangkok & Vicinity,Bangkok,13.72172,100.68316,National Highway (ทางหลวงแผ่นดิน),Department of Highways (DOH - กรมทางหลวง),Commercial Truck,Cutting off abruptly (ตัดหน้ากระชั้นชิด),New Year Festival (เทศกาลปีใหม่),Level 1: Low Risk (Baseline Zone),Yes,0,0,0,0,1071139.54,52.6,34.3
THA-2022-102529,2022,9,1,7,2022-09-01,South,Songkhla,7.26031,100.42675,Urban / City Road (ถนนในเมือง/ท้องถิ่น),Local Administration / BMA (อปท./กทม.),Motorcycle,Cutting off abruptly (ตัดหน้ากระชั้นชิด),Normal Period (ช่วงเวลาปกติ),Level 3: Critical Blackspot (Red Zone),No,1,1,0,2,4254973.03,33.1,10.0
THA-2023-102530,2023,11,4,6,2023-11-04,Northeast,Ubon Ratchathani,15.23374,104.75463,National Highway (ทางหลวงแผ่นดิน),Department of Highways (DOH - กรมทางหลวง),Commercial Truck,Speeding (ขับรถเร็วเกินกำหนด),Normal Period (ช่วงเวลาปกติ),Level 1: Low Risk (Baseline Zone),No,0,0,0,0,959734.53,77.0,56.9
THA-2024-102531,2021,3,4,23,2021-03-04,Central,Ayutthaya,14.52477,100.36866,National Highway (ทางหลวงแผ่นดิน),Department of Highways (DOH - กรมทางหลวง),Commercial Truck,Cutting off abruptly (ตัดหน้ากระชั้นชิด),Normal Period (ช่วงเวลาปกติ),Level 2: Moderate Risk (Surveillance Zone),Yes,0,1,1,2,1508821.39,43.2,38.1
THA-2025-102532,2024,10,26,7,2024-10-26,North,Chiang Mai,18.82599,98.9964,Rural Road (ทางหลวงชนบท),Department of Rural Roads (DRR - กรมทางหลวงชนบท),Commercial Truck,Fatigue / Falling asleep (หลับใน),Normal Period (ช่วงเวลาปกติ),Level 2: Moderate Risk (Surveillance Zone),Yes,0,1,1,2,2318275.81,44.8,43.8
THA-2026-102533,2025,4,4,17,2025-04-04,Bangkok & Vicinity,Bangkok,13.82955,100.53085,National Highway (ทางหลวงแผ่นดิน),Department of Highways (DOH - กรมทางหลวง),Motorcycle,Speeding (ขับรถเร็วเกินกำหนด),Normal Period (ช่วงเวลาปกติ),Level 1: Low Risk (Baseline Zone),No,0,0,0,0,67018.31,36.0,32.7
THA-2020-102534,2021,1,17,8,2021-01-17,Central,Chonburi,13.54734,101.06731,Expressway (ทางพิเศษ),EXAT (การทางพิเศษแห่งประเทศไทย),Public Bus/Van,Running red light / Signal violation (ฝ่าฝืนสัญญาณไฟ),Normal Period (ช่วงเวลาปกติ),Level 2: Moderate Risk (Surveillance Zone),No,0,1,3,4,2157313.41,23.5,66.2
THA-2021-102535,2020,4,9,5,2020-04-09,Central,Ayutthaya,14.18777,100.69478,Rural Road (ทางหลวงชนบท),Department of Rural Roads (DRR - กรมทางหลวงชนบท),Motorcycle,Fatigue / Falling asleep (หลับใน),Normal Period (ช่วงเวลาปกติ),Level 1: Low Risk (Baseline Zone),Yes,0,0,1,1,131640.42,51.7,34.1
THA-2022-102536,2021,1,19,3,2021-01-19,Central,Chonburi,13.37938,101.11123,Rural Road (ทางหลวงชนบท),Department of Rural Roads (DRR - กรมทางหลวงชนบท),Motorcycle,Drunk driving (เมาแล้วขับ),Normal Period (ช่วงเวลาปกติ),Level 1: Low Risk (Baseline Zone),No,0,0,1,1,120594.07,56.1,94.2
THA-2023-102537,2026,5,13,14,2026-05-13,Bangkok & Vicinity,Bangkok,13.72776,100.40619,Urban / City Road (ถนนในเมือง/ท้องถิ่น),Local Administration / BMA (อปท./กทม.),Motorcycle,Fatigue / Falling asleep (หลับใน),Normal Period (ช่วงเวลาปกติ),Level 3: Critical Blackspot (Red Zone),Yes,2,2,0,4,9761515.26,59.0,37.6
THA-2024-102538,2023,5,4,4,2023-05-04,Central,Chonburi,13.24848,101.08023,Urban / City Road (ถนนในเมือง/ท้องถิ่น),Local Administration / BMA (อปท./กทม.),Commercial Truck,Cutting off abruptly (ตัดหน้ากระชั้นชิด),Normal Period (ช่วงเวลาปกติ),Level 1: Low Risk (Baseline Zone),Yes,0,0,1,1,1255181.83,51.3,10.0
THA-2025-102539,2023,11,5,4,2023-11-05,Central,Chonburi,13.43285,100.93142,Rural Road (ทางหลวงชนบท),Department of Rural Roads (DRR - กรมทางหลวงชนบท),Motorcycle,Drunk driving (เมาแล้วขับ),Normal Period (ช่วงเวลาปกติ),Level 1: Low Risk (Baseline Zone),No,0,0,0,0,72539.05,23.4,52.4
THA-2026-102540,2020,7,13,6,2020-07-13,Northeast,Ubon Ratchathani,15.00449,104.94627,Expressway (ทางพิเศษ),EXAT (การทางพิเศษแห่งประเทศไทย),Commercial Truck,Cutting off abruptly (ตัดหน้ากระชั้นชิด),Normal Period (ช่วงเวลาปกติ),Level 1: Low Risk (Baseline Zone),Yes,0,0,1,1,1294744.14,44.1,20.3
THA-2020-102541,2024,8,23,8,2024-08-23,Central,Chonburi,13.17772,101.18035,National Highway (ทางหลวงแผ่นดิน),Department of Highways (DOH - กรมทางหลวง),Private Car,Road defect / Slippery surface (ถนนชำรุด/ลื่น),Normal Period (ช่วงเวลาปกติ),Level 1: Low Risk (Baseline Zone),Yes,0,0,1,1,171540.08,60.2,41.3
THA-2021-102542,2025,4,16,6,2025-04-16,Central,Saraburi,14.39881,100.91207,National Highway (ทางหลวงแผ่นดิน),Department of Highways (DOH - กรมทางหลวง),Motorcycle,Speeding (ขับรถเร็วเกินกำหนด),Songkran Festival (เทศกาลสงกรานต์),Level 2: Moderate Risk (Surveillance Zone),Yes,0,1,2,3,1171332.18,34.6,88.4
THA-2022-102543,2025,7,22,8,2025-07-22,Northeast,Khon Kaen,16.4529,102.85644,Rural Road (ทางหลวงชนบท),Department of Rural Roads (DRR - กรมทางหลวงชนบท),Public Bus/Van,Speeding (ขับรถเร็วเกินกำหนด),Normal Period (ช่วงเวลาปกติ),Level 1: Low Risk (Baseline Zone),Yes,0,0,0,0,775749.56,55.5,54.0
THA-2023-102544,2024,4,5,19,2024-04-05,Bangkok & Vicinity,Bangkok,13.78549,100.51354,National Highway (ทางหลวงแผ่นดิน),Department of Highways (DOH - กรมทางหลวง),Motorcycle,Cutting off abruptly (ตัดหน้ากระชั้นชิด),Normal Period (ช่วงเวลาปกติ),Level 2: Moderate Risk (Surveillance Zone),No,0,1,1,2,655069.3,62.8,43.6
THA-2024-102545,2020,3,8,9,2020-03-08,Northeast,Nakhon Ratchasima,14.94083,102.07769,National Highway (ทางหลวงแผ่นดิน),Department of Highways (DOH - กรมทางหลวง),Commercial Truck,Speeding (ขับรถเร็วเกินกำหนด),Normal Period (ช่วงเวลาปกติ),Level 2: Moderate Risk (Surveillance Zone),Yes,0,2,1,3,1809287.05,55.7,86.4
THA-2025-102546,2020,6,16,3,2020-06-16,Bangkok & Vicinity,Bangkok,13.69764,100.51223,National Highway (ทางหลวงแผ่นดิน),Department of Highways (DOH - กรมทางหลวง),Motorcycle,Cutting off abruptly (ตัดหน้ากระชั้นชิด),Normal Period (ช่วงเวลาปกติ),Level 1: Low Risk (Baseline Zone),No,0,0,1,1,128665.23,66.3,55.1
THA-2026-102547,2020,4,1,5,2020-04-01,North,Chiang Rai,19.75265,99.86899,National Highway (ทางหลวงแผ่นดิน),Department of Highways (DOH - กรมทางหลวง),Motorcycle,Cutting off abruptly (ตัดหน้ากระชั้นชิด),Normal Period (ช่วงเวลาปกติ),Level 1: Low Risk (Baseline Zone),No,0,0,0,0,43909.73,57.5,33.5
THA-2020-102548,2022,3,23,23,2022-03-23,North,Chiang Rai,19.90162,99.91633,Urban / City Road (ถนนในเมือง/ท้องถิ่น),Local Administration / BMA (อปท./กทม.),Motorcycle,Fatigue / Falling asleep (หลับใน),Normal Period (ช่วงเวลาปกติ),Level 2: Moderate Risk (Surveillance Zone),Yes,0,2,2,4,1837166.69,50.5,12.1
THA-2021-102549,2021,9,28,13,2021-09-28,Bangkok & Vicinity,Bangkok,13.72897,100.556,Rural Road (ทางหลวงชนบท),Department of Rural Roads (DRR - กรมทางหลวงชนบท),Motorcycle,Cutting off abruptly (ตัดหน้ากระชั้นชิด),Normal Period (ช่วงเวลาปกติ),Level 2: Moderate Risk (Surveillance Zone),Yes,0,1,1,2,1084120.64,43.6,35.9
THA-2022-102550,2022,5,6,8,2022-05-06,North,Chiang Mai,18.83798,98.97278,Expressway (ทางพิเศษ),EXAT (การทางพิเศษแห่งประเทศไทย),Motorcycle,Speeding (ขับรถเร็วเกินกำหนด),Normal Period (ช่วงเวลาปกติ),Level 1: Low Risk (Baseline Zone),Yes,0,0,0,0,55615.53,43.4,46.1
THA-2023-102551,2022,7,11,0,2022-07-11,Bangkok & Vicinity,Bangkok,13.78806,100.38096,Urban / City Road (ถนนในเมือง/ท้องถิ่น),Local Administration / BMA (อปท./กทม.),Motorcycle,Speeding (ขับรถเร็วเกินกำหนด),Normal Period (ช่วงเวลาปกติ),Level 3: Critical Blackspot (Red Zone),No,1,1,1,3,6492264.51,23.3,29.3
THA-2024-102552,2026,12,16,16,2026-12-16,Central,Ayutthaya,14.47394,100.5193,National Highway (ทางหลวงแผ่นดิน),Department of Highways (DOH - กรมทางหลวง),Motorcycle,Cutting off abruptly (ตัดหน้ากระชั้นชิด),Normal Period (ช่วงเวลาปกติ),Level 3: Critical Blackspot (Red Zone),No,1,0,1,2,6006903.52,71.7,11.6
THA-2025-102553,2024,6,5,12,2024-06-05,South,Surat Thani,9.12215,99.22674,National Highway (ทางหลวงแผ่นดิน),Department of Highways (DOH - กรมทางหลวง),Motorcycle,Cutting off abruptly (ตัดหน้ากระชั้นชิด),Normal Period (ช่วงเวลาปกติ),Level 2: Moderate Risk (Surveillance Zone),No,0,2,2,4,2420575.06,65.6,55.5
THA-2026-102554,2025,10,16,23,2025-10-16,Bangkok & Vicinity,Bangkok,13.68716,100.64972,National Highway (ทางหลวงแผ่นดิน),Department of Highways (DOH - กรมทางหลวง),Motorcycle,Drunk driving (เมาแล้วขับ),Normal Period (ช่วงเวลาปกติ),Level 3: Critical Blackspot (Red Zone),No,1,0,0,1,4985326.61,37.9,61.6
THA-2020-102555,2024,5,7,6,2024-05-07,South,Surat Thani,9.15061,99.29479,Urban / City Road (ถนนในเมือง/ท้องถิ่น),Local Administration / BMA (อปท./กทม.),Private Car,Speeding (ขับรถเร็วเกินกำหนด),Normal Period (ช่วงเวลาปกติ),Level 2: Moderate Risk (Surveillance Zone),Yes,0,1,1,2,1573446.58,47.3,45.8
THA-2021-102556,2020,7,19,8,2020-07-19,Northeast,Nakhon Ratchasima,14.95269,102.09798,National Highway (ทางหลวงแผ่นดิน),Department of Highways (DOH - กรมทางหลวง),Private Car,Speeding (ขับรถเร็วเกินกำหนด),Normal Period (ช่วงเวลาปกติ),Level 1: Low Risk (Baseline Zone),Yes,0,0,0,0,229799.96,49.1,46.3
THA-2022-102557,2025,11,1,10,2025-11-01,North,Chiang Mai,18.85332,99.00275,National Highway (ทางหลวงแผ่นดิน),Department of Highways (DOH - กรมทางหลวง),Commercial Truck,Speeding (ขับรถเร็วเกินกำหนด),Normal Period (ช่วงเวลาปกติ),Level 1: Low Risk (Baseline Zone),Yes,0,0,1,1,474614.9,87.5,82.1
THA-2023-102558,2022,6,9,2,2022-06-09,Bangkok & Vicinity,Bangkok,13.77567,100.41871,Urban / City Road (ถนนในเมือง/ท้องถิ่น),Local Administration / BMA (อปท./กทม.),Private Car,Speeding (ขับรถเร็วเกินกำหนด),Normal Period (ช่วงเวลาปกติ),Level 1: Low Risk (Baseline Zone),Yes,0,0,1,1,464543.07,38.0,69.0
THA-2024-102559,2024,10,18,11,2024-10-18,Northeast,Nakhon Ratchasima,14.95346,102.11189,Rural Road (ทางหลวงชนบท),Department of Rural Roads (DRR - กรมทางหลวงชนบท),Private Car,Cutting off abruptly (ตัดหน้ากระชั้นชิด),Normal Period (ช่วงเวลาปกติ),Level 2: Moderate Risk (Surveillance Zone),No,0,1,1,2,1175155.36,44.7,45.3
THA-2025-102560,2022,2,13,20,2022-02-13,Central,Chonburi,13.35829,100.94727,National Highway (ทางหลวงแผ่นดิน),Department of Highways (DOH - กรมทางหลวง),Private Car,Fatigue / Falling asleep (หลับใน),Normal Period (ช่วงเวลาปกติ),Level 2: Moderate Risk (Surveillance Zone),Yes,0,1,1,2,988855.98,52.2,40.2
THA-2026-102561,2026,3,26,2,2026-03-26,Central,Chonburi,13.31542,101.0239,National Highway (ทางหลวงแผ่นดิน),Department of Highways (DOH - กรมทางหลวง),Motorcycle,Speeding (ขับรถเร็วเกินกำหนด),Normal Period (ช่วงเวลาปกติ),Level 1: Low Risk (Baseline Zone),Yes,0,0,1,1,65255.81,56.8,66.0
THA-2020-102562,2022,2,15,14,2022-02-15,Bangkok & Vicinity,Bangkok,13.79772,100.59085,Urban / City Road (ถนนในเมือง/ท้องถิ่น),Local Administration / BMA (อปท./กทม.),Private Car,Cutting off abruptly (ตัดหน้ากระชั้นชิด),Normal Period (ช่วงเวลาปกติ),Level 1: Low Risk (Baseline Zone),Yes,0,0,1,1,269774.71,49.3,31.0
THA-2021-102563,2022,12,3,20,2022-12-03,Bangkok & Vicinity,Bangkok,13.77392,100.31494,Urban / City Road (ถนนในเมือง/ท้องถิ่น),Local Administration / BMA (อปท./กทม.),Motorcycle,Drunk driving (เมาแล้วขับ),Normal Period (ช่วงเวลาปกติ),Level 1: Low Risk (Baseline Zone),No,0,0,1,1,54526.75,31.5,89.5
THA-2022-102564,2026,3,24,9,2026-03-24,North,Chiang Rai,20.12275,99.83981,National Highway (ทางหลวงแผ่นดิน),Department of Highways (DOH - กรมทางหลวง),Commercial Truck,Speeding (ขับรถเร็วเกินกำหนด),Normal Period (ช่วงเวลาปกติ),Level 2: Moderate Risk (Surveillance Zone),No,0,1,2,3,1966018.72,55.3,42.0
THA-2023-102565,2020,1,28,0,2020-01-28,North,Chiang Mai,18.7514,98.98007,National Highway (ทางหลวงแผ่นดิน),Department of Highways (DOH - กรมทางหลวง),Private Car,Drunk driving (เมาแล้วขับ),Normal Period (ช่วงเวลาปกติ),Level 1: Low Risk (Baseline Zone),Yes,0,0,1,1,222436.28,53.4,53.6
THA-2024-102566,2024,8,10,13,2024-08-10,Bangkok & Vicinity,Nonthaburi,13.82645,100.43972,Urban / City Road (ถนนในเมือง/ท้องถิ่น),Local Administration / BMA (อปท./กทม.),Motorcycle,Cutting off abruptly (ตัดหน้ากระชั้นชิด),Normal Period (ช่วงเวลาปกติ),Level 1: Low Risk (Baseline Zone),No,0,0,1,1,110812.88,53.6,44.4
THA-2025-102567,2025,6,9,19,2025-06-09,North,Chiang Mai,18.84361,98.97193,Urban / City Road (ถนนในเมือง/ท้องถิ่น),Local Administration / BMA (อปท./กทม.),Private Car,Cutting off abruptly (ตัดหน้ากระชั้นชิด),Normal Period (ช่วงเวลาปกติ),Level 2: Moderate Risk (Surveillance Zone),Yes,0,1,3,4,802996.37,59.9,42.9
THA-2026-102568,2025,2,13,5,2025-02-13,Central,Ayutthaya,14.34515,100.34315,Urban / City Road (ถนนในเมือง/ท้องถิ่น),Local Administration / BMA (อปท./กทม.),Motorcycle,Fatigue / Falling asleep (หลับใน),Normal Period (ช่วงเวลาปกติ),Level 2: Moderate Risk (Surveillance Zone),Yes,0,1,2,3,1209558.46,10.0,44.3
THA-2020-102569,2026,8,16,1,2026-08-16,South,Phuket,7.86002,98.29541,Rural Road (ทางหลวงชนบท),Department of Rural Roads (DRR - กรมทางหลวงชนบท),Motorcycle,Speeding (ขับรถเร็วเกินกำหนด),Normal Period (ช่วงเวลาปกติ),Level 3: Critical Blackspot (Red Zone),No,1,0,0,1,4662674.48,54.8,78.5
THA-2021-102570,2026,6,3,22,2026-06-03,North,Chiang Rai,19.86348,99.86187,Urban / City Road (ถนนในเมือง/ท้องถิ่น),Local Administration / BMA (อปท./กทม.),Motorcycle,Road defect / Slippery surface (ถนนชำรุด/ลื่น),Normal Period (ช่วงเวลาปกติ),Level 1: Low Risk (Baseline Zone),No,0,0,1,1,142852.91,48.3,54.9
THA-2022-102571,2020,7,22,7,2020-07-22,South,Phuket,7.82518,98.3495,National Highway (ทางหลวงแผ่นดิน),Department of Highways (DOH - กรมทางหลวง),Private Car,Cutting off abruptly (ตัดหน้ากระชั้นชิด),Normal Period (ช่วงเวลาปกติ),Level 1: Low Risk (Baseline Zone),Yes,0,0,0,0,383071.96,67.6,66.8
THA-2023-102572,2025,11,23,0,2025-11-23,North,Chiang Mai,18.79699,98.93971,National Highway (ทางหลวงแผ่นดิน),Department of Highways (DOH - กรมทางหลวง),Private Car,Drunk driving (เมาแล้วขับ),Normal Period (ช่วงเวลาปกติ),Level 1: Low Risk (Baseline Zone),No,0,0,1,1,365756.39,61.6,89.2
THA-2024-102573,2024,1,15,3,2024-01-15,Northeast,Nakhon Ratchasima,14.88492,101.94286,Rural Road (ทางหลวงชนบท),Department of Rural Roads (DRR - กรมทางหลวงชนบท),Commercial Truck,Road defect / Slippery surface (ถนนชำรุด/ลื่น),Normal Period (ช่วงเวลาปกติ),Level 2: Moderate Risk (Surveillance Zone),Yes,0,1,1,2,1995517.51,55.2,45.7
THA-2025-102574,2024,7,17,3,2024-07-17,Bangkok & Vicinity,Nonthaburi,13.89239,100.46691,Rural Road (ทางหลวงชนบท),Department of Rural Roads (DRR - กรมทางหลวงชนบท),Motorcycle,Fatigue / Falling asleep (หลับใน),Normal Period (ช่วงเวลาปกติ),Level 2: Moderate Risk (Surveillance Zone),No,0,1,1,2,562751.98,37.7,47.0
THA-2026-102575,2021,3,14,4,2021-03-14,Northeast,Khon Kaen,16.2823,102.93571,Urban / City Road (ถนนในเมือง/ท้องถิ่น),Local Administration / BMA (อปท./กทม.),Motorcycle,Drunk driving (เมาแล้วขับ),Normal Period (ช่วงเวลาปกติ),Level 2: Moderate Risk (Surveillance Zone),Yes,0,1,2,3,1152234.64,30.0,45.6
THA-2020-102576,2024,11,7,19,2024-11-07,South,Songkhla,7.20602,100.50738,National Highway (ทางหลวงแผ่นดิน),Department of Highways (DOH - กรมทางหลวง),Private Car,Drunk driving (เมาแล้วขับ),Normal Period (ช่วงเวลาปกติ),Level 3: Critical Blackspot (Red Zone),Yes,1,0,0,1,4541818.07,59.5,71.4
THA-2021-102577,2026,12,20,8,2026-12-20,Northeast,Khon Kaen,16.36878,102.91778,Urban / City Road (ถนนในเมือง/ท้องถิ่น),Local Administration / BMA (อปท./กทม.),Motorcycle,Cutting off abruptly (ตัดหน้ากระชั้นชิด),Normal Period (ช่วงเวลาปกติ),Level 1: Low Risk (Baseline Zone),Yes,0,0,0,0,67625.27,35.2,36.0
THA-2022-102578,2026,8,16,22,2026-08-16,North,Chiang Mai,18.77251,98.94765,National Highway (ทางหลวงแผ่นดิน),Department of Highways (DOH - กรมทางหลวง),Private Car,Cutting off abruptly (ตัดหน้ากระชั้นชิด),Normal Period (ช่วงเวลาปกติ),Level 1: Low Risk (Baseline Zone),No,0,0,0,0,166418.08,74.0,37.1
THA-2023-102579,2023,6,21,12,2023-06-21,Northeast,Khon Kaen,16.49976,102.8085,Rural Road (ทางหลวงชนบท),Department of Rural Roads (DRR - กรมทางหลวงชนบท),Motorcycle,Speeding (ขับรถเร็วเกินกำหนด),Normal Period (ช่วงเวลาปกติ),Level 2: Moderate Risk (Surveillance Zone),Yes,0,1,1,2,1146393.09,37.5,79.7
THA-2024-102580,2020,4,8,17,2020-04-08,Bangkok & Vicinity,Bangkok,13.86697,100.46466,National Highway (ทางหลวงแผ่นดิน),Department of Highways (DOH - กรมทางหลวง),Motorcycle,Speeding (ขับรถเร็วเกินกำหนด),Normal Period (ช่วงเวลาปกติ),Level 3: Critical Blackspot (Red Zone),Yes,1,0,1,2,5226631.94,48.5,57.7
THA-2025-102581,2022,11,4,16,2022-11-04,South,Phuket,7.82907,98.39379,Rural Road (ทางหลวงชนบท),Department of Rural Roads (DRR - กรมทางหลวงชนบท),Motorcycle,Fatigue / Falling asleep (หลับใน),Normal Period (ช่วงเวลาปกติ),Level 1: Low Risk (Baseline Zone),No,0,0,1,1,97390.12,54.9,50.1
THA-2026-102582,2025,8,20,0,2025-08-20,Northeast,Nakhon Ratchasima,15.06672,102.12026,Rural Road (ทางหลวงชนบท),Department of Rural Roads (DRR - กรมทางหลวงชนบท),Private Car,Speeding (ขับรถเร็วเกินกำหนด),Normal Period (ช่วงเวลาปกติ),Level 2: Moderate Risk (Surveillance Zone),Yes,0,1,1,2,720438.54,32.4,64.4
THA-2020-102583,2024,9,24,21,2024-09-24,North,Phitsanulok,16.83042,100.19324,National Highway (ทางหลวงแผ่นดิน),Department of Highways (DOH - กรมทางหลวง),Motorcycle,Speeding (ขับรถเร็วเกินกำหนด),Normal Period (ช่วงเวลาปกติ),Level 2: Moderate Risk (Surveillance Zone),No,0,1,1,2,1109686.84,61.1,72.3
THA-2021-102584,2023,10,15,14,2023-10-15,Northeast,Khon Kaen,16.34631,102.91052,National Highway (ทางหลวงแผ่นดิน),Department of Highways (DOH - กรมทางหลวง),Motorcycle,Fatigue / Falling asleep (หลับใน),Normal Period (ช่วงเวลาปกติ),Level 1: Low Risk (Baseline Zone),No,0,0,0,0,55313.75,77.4,56.2
THA-2022-102585,2020,2,5,1,2020-02-05,Northeast,Khon Kaen,16.52858,102.91707,Rural Road (ทางหลวงชนบท),Department of Rural Roads (DRR - กรมทางหลวงชนบท),Motorcycle,Speeding (ขับรถเร็วเกินกำหนด),Normal Period (ช่วงเวลาปกติ),Level 2: Moderate Risk (Surveillance Zone),No,0,1,2,3,859900.82,54.7,53.4
THA-2023-102586,2023,6,13,15,2023-06-13,Bangkok & Vicinity,Bangkok,13.82749,100.54199,Urban / City Road (ถนนในเมือง/ท้องถิ่น),Local Administration / BMA (อปท./กทม.),Motorcycle,Speeding (ขับรถเร็วเกินกำหนด),Normal Period (ช่วงเวลาปกติ),Level 1: Low Risk (Baseline Zone),No,0,0,1,1,130648.58,52.3,76.2
THA-2024-102587,2023,5,6,19,2023-05-06,Northeast,Ubon Ratchathani,15.28361,104.85932,National Highway (ทางหลวงแผ่นดิน),Department of Highways (DOH - กรมทางหลวง),Motorcycle,Cutting off abruptly (ตัดหน้ากระชั้นชิด),Normal Period (ช่วงเวลาปกติ),Level 3: Critical Blackspot (Red Zone),No,1,1,1,3,6090139.39,37.4,18.7
THA-2025-102588,2026,5,28,21,2026-05-28,Bangkok & Vicinity,Nonthaburi,13.91269,100.50965,National Highway (ทางหลวงแผ่นดิน),Department of Highways (DOH - กรมทางหลวง),Motorcycle,Cutting off abruptly (ตัดหน้ากระชั้นชิด),Normal Period (ช่วงเวลาปกติ),Level 1: Low Risk (Baseline Zone),Yes,0,0,1,1,54114.98,42.9,29.4
THA-2026-102589,2024,10,27,4,2024-10-27,Central,Chonburi,13.41143,101.06728,National Highway (ทางหลวงแผ่นดิน),Department of Highways (DOH - กรมทางหลวง),Private Car,Fatigue / Falling asleep (หลับใน),Normal Period (ช่วงเวลาปกติ),Level 3: Critical Blackspot (Red Zone),Yes,1,1,1,3,5224838.05,35.9,22.4
THA-2020-102590,2022,11,5,21,2022-11-05,Central,Ayutthaya,14.24,100.66707,Expressway (ทางพิเศษ),EXAT (การทางพิเศษแห่งประเทศไทย),Motorcycle,Cutting off abruptly (ตัดหน้ากระชั้นชิด),Normal Period (ช่วงเวลาปกติ),Level 1: Low Risk (Baseline Zone),Yes,0,0,1,1,105962.73,37.0,10.0
THA-2021-102591,2023,3,17,18,2023-03-17,Central,Ayutthaya,14.348,100.69964,National Highway (ทางหลวงแผ่นดิน),Department of Highways (DOH - กรมทางหลวง),Private Car,Cutting off abruptly (ตัดหน้ากระชั้นชิด),Normal Period (ช่วงเวลาปกติ),Level 1: Low Risk (Baseline Zone),No,0,0,1,1,338976.38,83.6,38.9
THA-2022-102592,2020,12,7,4,2020-12-07,Northeast,Nakhon Ratchasima,15.09424,102.00503,National Highway (ทางหลวงแผ่นดิน),Department of Highways (DOH - กรมทางหลวง),Private Car,Drunk driving (เมาแล้วขับ),Normal Period (ช่วงเวลาปกติ),Level 1: Low Risk (Baseline Zone),Yes,0,0,0,0,417489.55,78.1,50.9
THA-2023-102593,2026,8,6,1,2026-08-06,Northeast,Nakhon Ratchasima,14.97996,101.92987,Urban / City Road (ถนนในเมือง/ท้องถิ่น),Local Administration / BMA (อปท./กทม.),Motorcycle,Cutting off abruptly (ตัดหน้ากระชั้นชิด),Normal Period (ช่วงเวลาปกติ),Level 3: Critical Blackspot (Red Zone),Yes,1,1,1,3,5457654.29,35.5,33.9
THA-2024-102594,2022,8,2,6,2022-08-02,Bangkok & Vicinity,Bangkok,13.72155,100.53382,Rural Road (ทางหลวงชนบท),Department of Rural Roads (DRR - กรมทางหลวงชนบท),Motorcycle,Drunk driving (เมาแล้วขับ),Normal Period (ช่วงเวลาปกติ),Level 1: Low Risk (Baseline Zone),Yes,0,0,1,1,109615.55,29.6,47.5
THA-2025-102595,2023,12,11,2,2023-12-11,Central,Chonburi,13.43733,100.99093,National Highway (ทางหลวงแผ่นดิน),Department of Highways (DOH - กรมทางหลวง),Commercial Truck,Road defect / Slippery surface (ถนนชำรุด/ลื่น),Normal Period (ช่วงเวลาปกติ),Level 1: Low Risk (Baseline Zone),Yes,0,0,0,0,548730.57,47.9,37.9
THA-2026-102596,2022,5,7,16,2022-05-07,Bangkok & Vicinity,Nonthaburi,13.90195,100.45018,Expressway (ทางพิเศษ),EXAT (การทางพิเศษแห่งประเทศไทย),Motorcycle,Cutting off abruptly (ตัดหน้ากระชั้นชิด),Normal Period (ช่วงเวลาปกติ),Level 1: Low Risk (Baseline Zone),No,0,0,1,1,72594.59,49.1,54.9
THA-2020-102597,2024,8,22,23,2024-08-22,Northeast,Nakhon Ratchasima,14.97819,102.04469,Rural Road (ทางหลวงชนบท),Department of Rural Roads (DRR - กรมทางหลวงชนบท),Motorcycle,Cutting off abruptly (ตัดหน้ากระชั้นชิด),Normal Period (ช่วงเวลาปกติ),Level 1: Low Risk (Baseline Zone),Yes,0,0,0,0,80337.82,29.5,21.0
THA-2021-102598,2024,10,21,23,2024-10-21,North,Chiang Mai,18.81373,99.11038,Rural Road (ทางหลวงชนบท),Department of Rural Roads (DRR - กรมทางหลวงชนบท),Motorcycle,Speeding (ขับรถเร็วเกินกำหนด),Normal Period (ช่วงเวลาปกติ),Level 3: Critical Blackspot (Red Zone),No,2,1,1,4,9103801.19,23.5,72.7
THA-2022-102599,2024,8,8,2,2024-08-08,Bangkok & Vicinity,Bangkok,13.75118,100.3784,National Highway (ทางหลวงแผ่นดิน),Department of Highways (DOH - กรมทางหลวง),Private Car,Drunk driving (เมาแล้วขับ),Normal Period (ช่วงเวลาปกติ),Level 2: Moderate Risk (Surveillance Zone),Yes,0,1,2,3,1680707.89,43.7,45.6
THA-2023-102600,2022,3,5,12,2022-03-05,Northeast,Khon Kaen,16.44986,102.88709,Urban / City Road (ถนนในเมือง/ท้องถิ่น),Local Administration / BMA (อปท./กทม.),Private Car,Speeding (ขับรถเร็วเกินกำหนด),Normal Period (ช่วงเวลาปกติ),Level 1: Low Risk (Baseline Zone),Yes,0,0,1,1,171132.07,33.1,70.5
THA-2024-102601,2022,2,27,6,2022-02-27,Bangkok & Vicinity,Bangkok,13.67368,100.61357,National Highway (ทางหลวงแผ่นดิน),Department of Highways (DOH - กรมทางหลวง),Public Bus/Van,Cutting off abruptly (ตัดหน้ากระชั้นชิด),Normal Period (ช่วงเวลาปกติ),Level 2: Moderate Risk (Surveillance Zone),Yes,0,1,2,3,1400175.73,44.0,44.0
THA-2025-102602,2021,9,18,23,2021-09-18,Central,Chonburi,13.30743,100.91628,National Highway (ทางหลวงแผ่นดิน),Department of Highways (DOH - กรมทางหลวง),Commercial Truck,Fatigue / Falling asleep (หลับใน),Normal Period (ช่วงเวลาปกติ),Level 1: Low Risk (Baseline Zone),Yes,0,0,1,1,559231.14,91.9,10.0
THA-2026-102603,2024,2,22,2,2024-02-22,North,Chiang Mai,18.62804,99.00949,National Highway (ทางหลวงแผ่นดิน),Department of Highways (DOH - กรมทางหลวง),Motorcycle,Cutting off abruptly (ตัดหน้ากระชั้นชิด),Normal Period (ช่วงเวลาปกติ),Level 3: Critical Blackspot (Red Zone),No,2,0,0,2,10254431.3,53.8,49.0
THA-2020-102604,2020,9,16,14,2020-09-16,Bangkok & Vicinity,Bangkok,13.91974,100.53481,Urban / City Road (ถนนในเมือง/ท้องถิ่น),Local Administration / BMA (อปท./กทม.),Motorcycle,Speeding (ขับรถเร็วเกินกำหนด),Normal Period (ช่วงเวลาปกติ),Level 2: Moderate Risk (Surveillance Zone),No,0,1,1,2,697690.47,37.8,65.1
THA-2021-102605,2024,4,14,17,2024-04-14,Northeast,Nakhon Ratchasima,14.91382,102.14399,Rural Road (ทางหลวงชนบท),Department of Rural Roads (DRR - กรมทางหลวงชนบท),Motorcycle,Fatigue / Falling asleep (หลับใน),Songkran Festival (เทศกาลสงกรานต์),Level 2: Moderate Risk (Surveillance Zone),Yes,0,1,1,2,591119.04,38.4,63.7
THA-2022-102606,2025,12,12,9,2025-12-12,Bangkok & Vicinity,Bangkok,13.82833,100.60626,Rural Road (ทางหลวงชนบท),Department of Rural Roads (DRR - กรมทางหลวงชนบท),Motorcycle,Speeding (ขับรถเร็วเกินกำหนด),Normal Period (ช่วงเวลาปกติ),Level 1: Low Risk (Baseline Zone),Yes,0,0,0,0,81434.98,38.9,46.3
THA-2023-102607,2026,2,17,22,2026-02-17,Bangkok & Vicinity,Nonthaburi,13.75095,100.65318,National Highway (ทางหลวงแผ่นดิน),Department of Highways (DOH - กรมทางหลวง),Motorcycle,Drunk driving (เมาแล้วขับ),Normal Period (ช่วงเวลาปกติ),Level 3: Critical Blackspot (Red Zone),Yes,2,0,1,3,11743081.04,97.5,59.9
THA-2024-102608,2023,10,5,6,2023-10-05,Central,Chonburi,13.38031,101.14249,Rural Road (ทางหลวงชนบท),Department of Rural Roads (DRR - กรมทางหลวงชนบท),Motorcycle,Drunk driving (เมาแล้วขับ),Normal Period (ช่วงเวลาปกติ),Level 3: Critical Blackspot (Red Zone),Yes,1,0,0,1,4743708.67,19.6,72.0
THA-2025-102609,2023,1,14,8,2023-01-14,Bangkok & Vicinity,Bangkok,13.7703,100.55371,Urban / City Road (ถนนในเมือง/ท้องถิ่น),Local Administration / BMA (อปท./กทม.),Motorcycle,Speeding (ขับรถเร็วเกินกำหนด),Normal Period (ช่วงเวลาปกติ),Level 2: Moderate Risk (Surveillance Zone),No,0,1,1,2,1135772.29,50.6,74.6
THA-2026-102610,2020,4,6,4,2020-04-06,Central,Ayutthaya,14.26782,100.65704,National Highway (ทางหลวงแผ่นดิน),Department of Highways (DOH - กรมทางหลวง),Motorcycle,Road defect / Slippery surface (ถนนชำรุด/ลื่น),Normal Period (ช่วงเวลาปกติ),Level 2: Moderate Risk (Surveillance Zone),No,0,1,1,2,1313435.08,51.6,43.8
THA-2020-102611,2024,9,15,19,2024-09-15,Bangkok & Vicinity,Bangkok,13.65938,100.52599,Urban / City Road (ถนนในเมือง/ท้องถิ่น),Local Administration / BMA (อปท./กทม.),Motorcycle,Speeding (ขับรถเร็วเกินกำหนด),Normal Period (ช่วงเวลาปกติ),Level 3: Critical Blackspot (Red Zone),No,2,1,0,3,11752664.19,29.8,78.1
THA-2021-102612,2025,12,7,7,2025-12-07,Bangkok & Vicinity,Nonthaburi,13.82335,100.50547,National Highway (ทางหลวงแผ่นดิน),Department of Highways (DOH - กรมทางหลวง),Public Bus/Van,Running red light / Signal violation (ฝ่าฝืนสัญญาณไฟ),Normal Period (ช่วงเวลาปกติ),Level 2: Moderate Risk (Surveillance Zone),Yes,0,1,2,3,1746256.2,28.5,25.4
THA-2022-102613,2021,9,14,13,2021-09-14,Central,Chonburi,13.45877,100.95275,Urban / City Road (ถนนในเมือง/ท้องถิ่น),Local Administration / BMA (อปท./กทม.),Private Car,Speeding (ขับรถเร็วเกินกำหนด),Normal Period (ช่วงเวลาปกติ),Level 1: Low Risk (Baseline Zone),Yes,0,0,1,1,190675.66,33.1,69.9
THA-2023-102614,2023,4,18,3,2023-04-18,North,Chiang Mai,18.88781,98.94867,National Highway (ทางหลวงแผ่นดิน),Department of Highways (DOH - กรมทางหลวง),Public Bus/Van,Speeding (ขับรถเร็วเกินกำหนด),Normal Period (ช่วงเวลาปกติ),Level 1: Low Risk (Baseline Zone),Yes,0,0,1,1,924345.92,68.2,65.3
THA-2024-102615,2025,9,1,19,2025-09-01,Bangkok & Vicinity,Bangkok,13.76808,100.69528,Rural Road (ทางหลวงชนบท),Department of Rural Roads (DRR - กรมทางหลวงชนบท),Motorcycle,Speeding (ขับรถเร็วเกินกำหนด),Normal Period (ช่วงเวลาปกติ),Level 2: Moderate Risk (Surveillance Zone),No,0,1,3,4,1164786.76,32.2,71.4
THA-2025-102616,2026,12,6,13,2026-12-06,North,Chiang Mai,18.79925,98.97847,Expressway (ทางพิเศษ),EXAT (การทางพิเศษแห่งประเทศไทย),Motorcycle,Speeding (ขับรถเร็วเกินกำหนด),Normal Period (ช่วงเวลาปกติ),Level 3: Critical Blackspot (Red Zone),Yes,1,1,0,2,5994399.79,36.0,36.5
THA-2026-102617,2021,6,3,11,2021-06-03,Bangkok & Vicinity,Nonthaburi,13.8747,100.48368,Expressway (ทางพิเศษ),EXAT (การทางพิเศษแห่งประเทศไทย),Motorcycle,Drunk driving (เมาแล้วขับ),Normal Period (ช่วงเวลาปกติ),Level 1: Low Risk (Baseline Zone),No,0,0,1,1,102104.17,30.3,76.3
THA-2020-102618,2023,1,5,1,2023-01-05,Central,Saraburi,14.43878,101.09612,National Highway (ทางหลวงแผ่นดิน),Department of Highways (DOH - กรมทางหลวง),Motorcycle,Drunk driving (เมาแล้วขับ),Normal Period (ช่วงเวลาปกติ),Level 1: Low Risk (Baseline Zone),No,0,0,0,0,59012.25,73.8,79.8
THA-2021-102619,2021,10,12,12,2021-10-12,North,Chiang Mai,18.75173,98.84828,National Highway (ทางหลวงแผ่นดิน),Department of Highways (DOH - กรมทางหลวง),Motorcycle,Fatigue / Falling asleep (หลับใน),Normal Period (ช่วงเวลาปกติ),Level 1: Low Risk (Baseline Zone),Yes,0,0,1,1,116359.68,37.2,65.5
THA-2022-102620,2020,6,11,0,2020-06-11,Central,Chonburi,13.34711,101.01682,National Highway (ทางหลวงแผ่นดิน),Department of Highways (DOH - กรมทางหลวง),Public Bus/Van,Speeding (ขับรถเร็วเกินกำหนด),Normal Period (ช่วงเวลาปกติ),Level 2: Moderate Risk (Surveillance Zone),No,0,1,2,3,1400250.13,39.1,74.2
THA-2023-102621,2026,9,13,19,2026-09-13,South,Phuket,7.8617,98.38791,Urban / City Road (ถนนในเมือง/ท้องถิ่น),Local Administration / BMA (อปท./กทม.),Public Bus/Van,Cutting off abruptly (ตัดหน้ากระชั้นชิด),Normal Period (ช่วงเวลาปกติ),Level 1: Low Risk (Baseline Zone),Yes,0,0,1,1,691862.68,65.0,19.5
THA-2024-102622,2025,2,16,6,2025-02-16,North,Phitsanulok,16.80635,100.3042,Rural Road (ทางหลวงชนบท),Department of Rural Roads (DRR - กรมทางหลวงชนบท),Motorcycle,Drunk driving (เมาแล้วขับ),Normal Period (ช่วงเวลาปกติ),Level 1: Low Risk (Baseline Zone),No,0,0,1,1,118321.08,24.1,55.6
THA-2025-102623,2025,6,18,8,2025-06-18,South,Phuket,7.95411,98.37498,National Highway (ทางหลวงแผ่นดิน),Department of Highways (DOH - กรมทางหลวง),Motorcycle,Cutting off abruptly (ตัดหน้ากระชั้นชิด),Normal Period (ช่วงเวลาปกติ),Level 1: Low Risk (Baseline Zone),Yes,0,0,1,1,125993.42,30.8,37.8
THA-2026-102624,2020,2,17,16,2020-02-17,North,Chiang Mai,19.02137,99.07898,National Highway (ทางหลวงแผ่นดิน),Department of Highways (DOH - กรมทางหลวง),Motorcycle,Drunk driving (เมาแล้วขับ),Normal Period (ช่วงเวลาปกติ),Level 1: Low Risk (Baseline Zone),Yes,0,0,0,0,54354.45,56.3,70.1
THA-2020-102625,2025,4,17,20,2025-04-17,South,Surat Thani,9.13771,99.20284,Expressway (ทางพิเศษ),EXAT (การทางพิเศษแห่งประเทศไทย),Motorcycle,Drunk driving (เมาแล้วขับ),Songkran Festival (เทศกาลสงกรานต์),Level 3: Critical Blackspot (Red Zone),Yes,3,1,1,5,14512630.27,41.8,69.3
THA-2021-102626,2023,8,11,22,2023-08-11,Bangkok & Vicinity,Bangkok,13.76658,100.57505,Rural Road (ทางหลวงชนบท),Department of Rural Roads (DRR - กรมทางหลวงชนบท),Motorcycle,Speeding (ขับรถเร็วเกินกำหนด),Normal Period (ช่วงเวลาปกติ),Level 1: Low Risk (Baseline Zone),Yes,0,0,1,1,100012.11,54.7,38.2
THA-2022-102627,2022,7,20,12,2022-07-20,Northeast,Ubon Ratchathani,15.31874,104.68056,National Highway (ทางหลวงแผ่นดิน),Department of Highways (DOH - กรมทางหลวง),Motorcycle,Fatigue / Falling asleep (หลับใน),Normal Period (ช่วงเวลาปกติ),Level 1: Low Risk (Baseline Zone),Yes,0,0,1,1,85886.02,60.7,21.9
THA-2023-102628,2023,11,10,22,2023-11-10,Northeast,Nakhon Ratchasima,14.99028,102.05455,National Highway (ทางหลวงแผ่นดิน),Department of Highways (DOH - กรมทางหลวง),Motorcycle,Drunk driving (เมาแล้วขับ),Normal Period (ช่วงเวลาปกติ),Level 2: Moderate Risk (Surveillance Zone),No,0,1,1,2,687353.32,80.1,61.3
THA-2024-102629,2020,12,16,9,2020-12-16,North,Chiang Rai,20.04525,99.85173,National Highway (ทางหลวงแผ่นดิน),Department of Highways (DOH - กรมทางหลวง),Motorcycle,Drunk driving (เมาแล้วขับ),Normal Period (ช่วงเวลาปกติ),Level 3: Critical Blackspot (Red Zone),No,1,2,0,3,5886334.88,73.3,68.4
THA-2025-102630,2025,9,2,15,2025-09-02,Northeast,Khon Kaen,16.22662,102.85675,Rural Road (ทางหลวงชนบท),Department of Rural Roads (DRR - กรมทางหลวงชนบท),Motorcycle,Speeding (ขับรถเร็วเกินกำหนด),Normal Period (ช่วงเวลาปกติ),Level 1: Low Risk (Baseline Zone),No,0,0,1,1,142615.6,36.6,64.9
THA-2026-102631,2024,7,17,5,2024-07-17,Central,Chonburi,13.18561,101.02521,Expressway (ทางพิเศษ),EXAT (การทางพิเศษแห่งประเทศไทย),Motorcycle,Speeding (ขับรถเร็วเกินกำหนด),Normal Period (ช่วงเวลาปกติ),Level 3: Critical Blackspot (Red Zone),Yes,1,1,0,2,5640472.61,39.6,64.2
THA-2020-102632,2021,1,22,15,2021-01-22,Bangkok & Vicinity,Bangkok,13.98915,100.62423,Urban / City Road (ถนนในเมือง/ท้องถิ่น),Local Administration / BMA (อปท./กทม.),Motorcycle,Cutting off abruptly (ตัดหน้ากระชั้นชิด),Normal Period (ช่วงเวลาปกติ),Level 1: Low Risk (Baseline Zone),Yes,0,0,0,0,87429.97,26.9,40.6
THA-2021-102633,2021,2,20,10,2021-02-20,Bangkok & Vicinity,Bangkok,13.77959,100.44245,National Highway (ทางหลวงแผ่นดิน),Department of Highways (DOH - กรมทางหลวง),Public Bus/Van,Speeding (ขับรถเร็วเกินกำหนด),Normal Period (ช่วงเวลาปกติ),Level 2: Moderate Risk (Surveillance Zone),Yes,0,1,1,2,1859687.04,67.5,55.4
THA-2022-102634,2021,6,10,19,2021-06-10,Central,Chonburi,13.47577,101.04193,Urban / City Road (ถนนในเมือง/ท้องถิ่น),Local Administration / BMA (อปท./กทม.),Motorcycle,Speeding (ขับรถเร็วเกินกำหนด),Normal Period (ช่วงเวลาปกติ),Level 2: Moderate Risk (Surveillance Zone),Yes,0,2,3,5,2440339.74,48.2,37.2
THA-2023-102635,2020,7,13,2,2020-07-13,Northeast,Ubon Ratchathani,15.22078,104.79881,National Highway (ทางหลวงแผ่นดิน),Department of Highways (DOH - กรมทางหลวง),Commercial Truck,Fatigue / Falling asleep (หลับใน),Normal Period (ช่วงเวลาปกติ),Level 3: Critical Blackspot (Red Zone),Yes,2,1,0,3,9050683.16,38.2,30.7
THA-2024-102636,2024,3,12,8,2024-03-12,South,Surat Thani,9.05659,99.35522,National Highway (ทางหลวงแผ่นดิน),Department of Highways (DOH - กรมทางหลวง),Commercial Truck,Drunk driving (เมาแล้วขับ),Normal Period (ช่วงเวลาปกติ),Level 2: Moderate Risk (Surveillance Zone),Yes,0,1,2,3,1192071.3,41.3,58.5
THA-2025-102637,2025,9,15,14,2025-09-15,Central,Chonburi,13.32359,100.99981,Expressway (ทางพิเศษ),EXAT (การทางพิเศษแห่งประเทศไทย),Public Bus/Van,Cutting off abruptly (ตัดหน้ากระชั้นชิด),Normal Period (ช่วงเวลาปกติ),Level 1: Low Risk (Baseline Zone),Yes,0,0,0,0,547108.9,51.7,23.0
THA-2026-102638,2020,7,7,12,2020-07-07,South,Surat Thani,9.2217,99.28175,National Highway (ทางหลวงแผ่นดิน),Department of Highways (DOH - กรมทางหลวง),Private Car,Speeding (ขับรถเร็วเกินกำหนด),Normal Period (ช่วงเวลาปกติ),Level 2: Moderate Risk (Surveillance Zone),No,0,2,2,4,1864353.18,66.8,59.4
THA-2020-102639,2020,6,27,9,2020-06-27,Central,Chonburi,13.41916,101.09471,National Highway (ทางหลวงแผ่นดิน),Department of Highways (DOH - กรมทางหลวง),Private Car,Road defect / Slippery surface (ถนนชำรุด/ลื่น),Normal Period (ช่วงเวลาปกติ),Level 1: Low Risk (Baseline Zone),Yes,0,0,1,1,461361.57,49.0,64.0
THA-2021-102640,2024,6,22,19,2024-06-22,North,Chiang Mai,18.82387,99.04826,Expressway (ทางพิเศษ),EXAT (การทางพิเศษแห่งประเทศไทย),Commercial Truck,Speeding (ขับรถเร็วเกินกำหนด),Normal Period (ช่วงเวลาปกติ),Level 2: Moderate Risk (Surveillance Zone),Yes,0,1,2,3,2141684.9,50.4,92.0
THA-2022-102641,2025,1,21,23,2025-01-21,Bangkok & Vicinity,Bangkok,13.79254,100.50326,National Highway (ทางหลวงแผ่นดิน),Department of Highways (DOH - กรมทางหลวง),Motorcycle,Fatigue / Falling asleep (หลับใน),Normal Period (ช่วงเวลาปกติ),Level 3: Critical Blackspot (Red Zone),Yes,1,0,0,1,4376109.12,55.1,47.5
THA-2023-102642,2022,5,26,12,2022-05-26,Central,Chonburi,13.43644,101.12953,Urban / City Road (ถนนในเมือง/ท้องถิ่น),Local Administration / BMA (อปท./กทม.),Motorcycle,Running red light / Signal violation (ฝ่าฝืนสัญญาณไฟ),Normal Period (ช่วงเวลาปกติ),Level 1: Low Risk (Baseline Zone),No,0,0,0,0,57432.47,41.5,46.3
THA-2024-102643,2022,10,28,16,2022-10-28,Northeast,Khon Kaen,16.50915,102.80617,Expressway (ทางพิเศษ),EXAT (การทางพิเศษแห่งประเทศไทย),Public Bus/Van,Drunk driving (เมาแล้วขับ),Normal Period (ช่วงเวลาปกติ),Level 1: Low Risk (Baseline Zone),Yes,0,0,0,0,1229862.99,23.4,43.9
THA-2025-102644,2024,3,13,6,2024-03-13,Bangkok & Vicinity,Bangkok,13.74123,100.49009,Rural Road (ทางหลวงชนบท),Department of Rural Roads (DRR - กรมทางหลวงชนบท),Private Car,Running red light / Signal violation (ฝ่าฝืนสัญญาณไฟ),Normal Period (ช่วงเวลาปกติ),Level 1: Low Risk (Baseline Zone),No,0,0,1,1,240957.51,47.9,64.8
THA-2026-102645,2022,7,12,5,2022-07-12,North,Chiang Mai,18.87357,98.93794,National Highway (ทางหลวงแผ่นดิน),Department of Highways (DOH - กรมทางหลวง),Public Bus/Van,Drunk driving (เมาแล้วขับ),Normal Period (ช่วงเวลาปกติ),Level 1: Low Risk (Baseline Zone),Yes,0,0,1,1,725653.02,95.0,66.6
THA-2020-102646,2020,10,12,12,2020-10-12,South,Surat Thani,9.04601,99.3637,National Highway (ทางหลวงแผ่นดิน),Department of Highways (DOH - กรมทางหลวง),Private Car,Speeding (ขับรถเร็วเกินกำหนด),Normal Period (ช่วงเวลาปกติ),Level 1: Low Risk (Baseline Zone),Yes,0,0,1,1,444787.39,86.8,60.8
THA-2021-102647,2025,3,28,16,2025-03-28,Northeast,Nakhon Ratchasima,14.98185,102.23112,National Highway (ทางหลวงแผ่นดิน),Department of Highways (DOH - กรมทางหลวง),Commercial Truck,Speeding (ขับรถเร็วเกินกำหนด),Normal Period (ช่วงเวลาปกติ),Level 3: Critical Blackspot (Red Zone),Yes,1,0,0,1,5513458.1,40.4,96.5
THA-2022-102648,2024,5,2,14,2024-05-02,North,Phitsanulok,16.618,100.28463,National Highway (ทางหลวงแผ่นดิน),Department of Highways (DOH - กรมทางหลวง),Private Car,Speeding (ขับรถเร็วเกินกำหนด),Normal Period (ช่วงเวลาปกติ),Level 1: Low Risk (Baseline Zone),No,0,0,1,1,449779.02,36.7,68.6
THA-2023-102649,2024,7,5,3,2024-07-05,North,Phitsanulok,16.78476,100.33883,Urban / City Road (ถนนในเมือง/ท้องถิ่น),Local Administration / BMA (อปท./กทม.),Private Car,Speeding (ขับรถเร็วเกินกำหนด),Normal Period (ช่วงเวลาปกติ),Level 3: Critical Blackspot (Red Zone),Yes,2,2,0,4,12572218.64,38.7,89.8
THA-2024-102650,2025,3,25,14,2025-03-25,Bangkok & Vicinity,Bangkok,13.7311,100.44996,National Highway (ทางหลวงแผ่นดิน),Department of Highways (DOH - กรมทางหลวง),Motorcycle,Drunk driving (เมาแล้วขับ),Normal Period (ช่วงเวลาปกติ),Level 3: Critical Blackspot (Red Zone),No,1,0,0,1,4164035.82,64.9,22.4
THA-2025-102651,2024,10,25,13,2024-10-25,North,Chiang Mai,18.87253,99.10041,National Highway (ทางหลวงแผ่นดิน),Department of Highways (DOH - กรมทางหลวง),Public Bus/Van,Speeding (ขับรถเร็วเกินกำหนด),Normal Period (ช่วงเวลาปกติ),Level 2: Moderate Risk (Surveillance Zone),Yes,0,1,1,2,1460060.05,43.9,85.7
THA-2026-102652,2021,2,2,20,2021-02-02,North,Chiang Mai,18.77951,98.97824,Rural Road (ทางหลวงชนบท),Department of Rural Roads (DRR - กรมทางหลวงชนบท),Commercial Truck,Fatigue / Falling asleep (หลับใน),Normal Period (ช่วงเวลาปกติ),Level 2: Moderate Risk (Surveillance Zone),Yes,0,1,1,2,2076289.48,39.7,57.5
THA-2020-102653,2022,6,23,10,2022-06-23,Bangkok & Vicinity,Bangkok,13.87065,100.6061,Rural Road (ทางหลวงชนบท),Department of Rural Roads (DRR - กรมทางหลวงชนบท),Commercial Truck,Speeding (ขับรถเร็วเกินกำหนด),Normal Period (ช่วงเวลาปกติ),Level 2: Moderate Risk (Surveillance Zone),Yes,0,1,3,4,2342534.99,35.0,96.2
THA-2021-102654,2021,8,26,23,2021-08-26,Central,Chonburi,13.45393,100.94845,Urban / City Road (ถนนในเมือง/ท้องถิ่น),Local Administration / BMA (อปท./กทม.),Private Car,Cutting off abruptly (ตัดหน้ากระชั้นชิด),Normal Period (ช่วงเวลาปกติ),Level 2: Moderate Risk (Surveillance Zone),Yes,0,1,2,3,1655012.04,53.6,51.2
THA-2022-102655,2021,4,20,3,2021-04-20,North,Chiang Rai,19.85124,99.9879,National Highway (ทางหลวงแผ่นดิน),Department of Highways (DOH - กรมทางหลวง),Motorcycle,Running red light / Signal violation (ฝ่าฝืนสัญญาณไฟ),Normal Period (ช่วงเวลาปกติ),Level 2: Moderate Risk (Surveillance Zone),No,0,1,1,2,861927.51,66.5,52.8
THA-2023-102656,2024,9,13,2,2024-09-13,Central,Ayutthaya,14.40807,100.50167,Urban / City Road (ถนนในเมือง/ท้องถิ่น),Local Administration / BMA (อปท./กทม.),Motorcycle,Speeding (ขับรถเร็วเกินกำหนด),Normal Period (ช่วงเวลาปกติ),Level 1: Low Risk (Baseline Zone),No,0,0,1,1,126631.32,36.0,69.4
THA-2024-102657,2025,12,3,1,2025-12-03,Central,Saraburi,14.51933,100.91845,Rural Road (ทางหลวงชนบท),Department of Rural Roads (DRR - กรมทางหลวงชนบท),Public Bus/Van,Drunk driving (เมาแล้วขับ),Normal Period (ช่วงเวลาปกติ),Level 2: Moderate Risk (Surveillance Zone),Yes,0,1,2,3,2306067.75,39.4,59.7
THA-2025-102658,2026,12,11,19,2026-12-11,Bangkok & Vicinity,Bangkok,13.74679,100.4755,National Highway (ทางหลวงแผ่นดิน),Department of Highways (DOH - กรมทางหลวง),Private Car,Drunk driving (เมาแล้วขับ),Normal Period (ช่วงเวลาปกติ),Level 1: Low Risk (Baseline Zone),Yes,0,0,1,1,269085.62,52.5,78.2
THA-2026-102659,2024,8,16,9,2024-08-16,Northeast,Ubon Ratchathani,15.35555,104.89486,National Highway (ทางหลวงแผ่นดิน),Department of Highways (DOH - กรมทางหลวง),Motorcycle,Speeding (ขับรถเร็วเกินกำหนด),Normal Period (ช่วงเวลาปกติ),Level 3: Critical Blackspot (Red Zone),Yes,1,1,1,3,5580828.71,51.6,36.6
THA-2020-102660,2021,7,1,12,2021-07-01,Northeast,Nakhon Ratchasima,15.1827,102.21348,National Highway (ทางหลวงแผ่นดิน),Department of Highways (DOH - กรมทางหลวง),Motorcycle,Cutting off abruptly (ตัดหน้ากระชั้นชิด),Normal Period (ช่วงเวลาปกติ),Level 3: Critical Blackspot (Red Zone),No,1,0,1,2,5536932.29,57.4,50.5
THA-2021-102661,2020,7,19,19,2020-07-19,South,Phuket,7.89267,98.51984,Rural Road (ทางหลวงชนบท),Department of Rural Roads (DRR - กรมทางหลวงชนบท),Commercial Truck,Speeding (ขับรถเร็วเกินกำหนด),Normal Period (ช่วงเวลาปกติ),Level 2: Moderate Risk (Surveillance Zone),Yes,0,1,2,3,1970284.75,43.9,29.2
THA-2022-102662,2025,3,11,20,2025-03-11,Bangkok & Vicinity,Bangkok,13.78805,100.71945,National Highway (ทางหลวงแผ่นดิน),Department of Highways (DOH - กรมทางหลวง),Commercial Truck,Fatigue / Falling asleep (หลับใน),Normal Period (ช่วงเวลาปกติ),Level 3: Critical Blackspot (Red Zone),Yes,2,0,0,2,12158943.75,52.7,24.7
THA-2023-102663,2024,6,9,22,2024-06-09,Northeast,Ubon Ratchathani,15.21646,104.88807,Expressway (ทางพิเศษ),EXAT (การทางพิเศษแห่งประเทศไทย),Commercial Truck,Drunk driving (เมาแล้วขับ),Normal Period (ช่วงเวลาปกติ),Level 3: Critical Blackspot (Red Zone),Yes,1,0,1,2,5922576.41,28.9,51.8
THA-2024-102664,2024,5,14,17,2024-05-14,Northeast,Khon Kaen,16.37814,102.7893,Rural Road (ทางหลวงชนบท),Department of Rural Roads (DRR - กรมทางหลวงชนบท),Private Car,Cutting off abruptly (ตัดหน้ากระชั้นชิด),Normal Period (ช่วงเวลาปกติ),Level 2: Moderate Risk (Surveillance Zone),Yes,0,1,3,4,1164444.19,45.0,34.6
THA-2025-102665,2025,1,9,20,2025-01-09,North,Chiang Mai,18.75757,99.09656,Expressway (ทางพิเศษ),EXAT (การทางพิเศษแห่งประเทศไทย),Motorcycle,Fatigue / Falling asleep (หลับใน),Normal Period (ช่วงเวลาปกติ),Level 3: Critical Blackspot (Red Zone),Yes,1,2,0,3,5641687.44,43.0,30.2
THA-2026-102666,2024,11,7,15,2024-11-07,Bangkok & Vicinity,Bangkok,13.77502,100.28049,National Highway (ทางหลวงแผ่นดิน),Department of Highways (DOH - กรมทางหลวง),Motorcycle,Speeding (ขับรถเร็วเกินกำหนด),Normal Period (ช่วงเวลาปกติ),Level 3: Critical Blackspot (Red Zone),Yes,1,1,0,2,6484658.84,46.9,42.9
THA-2020-102667,2025,3,16,10,2025-03-16,Northeast,Ubon Ratchathani,15.25323,104.75965,National Highway (ทางหลวงแผ่นดิน),Department of Highways (DOH - กรมทางหลวง),Motorcycle,Drunk driving (เมาแล้วขับ),Normal Period (ช่วงเวลาปกติ),Level 2: Moderate Risk (Surveillance Zone),Yes,0,2,1,3,1161498.87,43.2,62.6
THA-2021-102668,2020,12,3,9,2020-12-03,Central,Chonburi,13.32144,101.08826,National Highway (ทางหลวงแผ่นดิน),Department of Highways (DOH - กรมทางหลวง),Commercial Truck,Fatigue / Falling asleep (หลับใน),Normal Period (ช่วงเวลาปกติ),Level 1: Low Risk (Baseline Zone),Yes,0,0,0,0,696279.73,42.8,46.3
THA-2022-102669,2025,1,19,8,2025-01-19,North,Chiang Mai,18.66739,98.87477,National Highway (ทางหลวงแผ่นดิน),Department of Highways (DOH - กรมทางหลวง),Motorcycle,Road defect / Slippery surface (ถนนชำรุด/ลื่น),Normal Period (ช่วงเวลาปกติ),Level 1: Low Risk (Baseline Zone),Yes,0,0,1,1,120925.14,47.6,38.8
THA-2023-102670,2025,4,4,11,2025-04-04,Northeast,Khon Kaen,16.28276,102.78873,Urban / City Road (ถนนในเมือง/ท้องถิ่น),Local Administration / BMA (อปท./กทม.),Private Car,Fatigue / Falling asleep (หลับใน),Normal Period (ช่วงเวลาปกติ),Level 2: Moderate Risk (Surveillance Zone),Yes,0,2,1,3,1828206.32,12.5,44.7
THA-2024-102671,2022,10,7,18,2022-10-07,North,Chiang Rai,19.75844,99.69609,National Highway (ทางหลวงแผ่นดิน),Department of Highways (DOH - กรมทางหลวง),Motorcycle,Cutting off abruptly (ตัดหน้ากระชั้นชิด),Normal Period (ช่วงเวลาปกติ),Level 1: Low Risk (Baseline Zone),Yes,0,0,0,0,77807.33,20.6,34.2
THA-2025-102672,2024,3,23,0,2024-03-23,Central,Chonburi,13.34042,101.01293,National Highway (ทางหลวงแผ่นดิน),Department of Highways (DOH - กรมทางหลวง),Motorcycle,Running red light / Signal violation (ฝ่าฝืนสัญญาณไฟ),Normal Period (ช่วงเวลาปกติ),Level 2: Moderate Risk (Surveillance Zone),Yes,0,2,1,3,1988712.05,42.2,39.8
THA-2026-102673,2022,11,28,17,2022-11-28,Bangkok & Vicinity,Bangkok,13.6743,100.5343,National Highway (ทางหลวงแผ่นดิน),Department of Highways (DOH - กรมทางหลวง),Public Bus/Van,Speeding (ขับรถเร็วเกินกำหนด),Normal Period (ช่วงเวลาปกติ),Level 2: Moderate Risk (Surveillance Zone),Yes,0,2,1,3,1435469.1,71.2,61.5
THA-2020-102674,2026,4,12,13,2026-04-12,South,Phuket,7.89036,98.44091,National Highway (ทางหลวงแผ่นดิน),Department of Highways (DOH - กรมทางหลวง),Motorcycle,Drunk driving (เมาแล้วขับ),Songkran Festival (เทศกาลสงกรานต์),Level 3: Critical Blackspot (Red Zone),No,1,1,0,2,5975468.71,60.3,80.1
THA-2021-102675,2020,9,18,21,2020-09-18,North,Chiang Mai,18.69464,99.16386,Urban / City Road (ถนนในเมือง/ท้องถิ่น),Local Administration / BMA (อปท./กทม.),Private Car,Speeding (ขับรถเร็วเกินกำหนด),Normal Period (ช่วงเวลาปกติ),Level 1: Low Risk (Baseline Zone),Yes,0,0,0,0,429321.78,18.4,47.7
THA-2022-102676,2024,3,28,20,2024-03-28,North,Chiang Mai,18.68576,98.92901,Rural Road (ทางหลวงชนบท),Department of Rural Roads (DRR - กรมทางหลวงชนบท),Motorcycle,Running red light / Signal violation (ฝ่าฝืนสัญญาณไฟ),Normal Period (ช่วงเวลาปกติ),Level 1: Low Risk (Baseline Zone),No,0,0,1,1,89435.62,41.2,40.7
THA-2023-102677,2021,12,5,0,2021-12-05,Bangkok & Vicinity,Bangkok,13.80265,100.5124,Urban / City Road (ถนนในเมือง/ท้องถิ่น),Local Administration / BMA (อปท./กทม.),Motorcycle,Drunk driving (เมาแล้วขับ),Normal Period (ช่วงเวลาปกติ),Level 1: Low Risk (Baseline Zone),Yes,0,0,0,0,42638.11,52.2,98.0
THA-2024-102678,2024,6,23,16,2024-06-23,Bangkok & Vicinity,Bangkok,13.83252,100.47391,National Highway (ทางหลวงแผ่นดิน),Department of Highways (DOH - กรมทางหลวง),Motorcycle,Drunk driving (เมาแล้วขับ),Normal Period (ช่วงเวลาปกติ),Level 1: Low Risk (Baseline Zone),Yes,0,0,1,1,100492.79,32.5,80.6
THA-2025-102679,2021,6,23,10,2021-06-23,Northeast,Nakhon Ratchasima,14.86949,101.96054,Expressway (ทางพิเศษ),EXAT (การทางพิเศษแห่งประเทศไทย),Motorcycle,Speeding (ขับรถเร็วเกินกำหนด),Normal Period (ช่วงเวลาปกติ),Level 1: Low Risk (Baseline Zone),Yes,0,0,0,0,45551.87,37.6,58.7
THA-2026-102680,2021,7,22,19,2021-07-22,Bangkok & Vicinity,Nonthaburi,14.02227,100.48613,Rural Road (ทางหลวงชนบท),Department of Rural Roads (DRR - กรมทางหลวงชนบท),Private Car,Fatigue / Falling asleep (หลับใน),Normal Period (ช่วงเวลาปกติ),Level 2: Moderate Risk (Surveillance Zone),No,0,2,3,5,1254823.09,43.9,17.8
THA-2020-102681,2023,9,26,14,2023-09-26,Central,Ayutthaya,14.33813,100.73053,National Highway (ทางหลวงแผ่นดิน),Department of Highways (DOH - กรมทางหลวง),Motorcycle,Fatigue / Falling asleep (หลับใน),Normal Period (ช่วงเวลาปกติ),Level 1: Low Risk (Baseline Zone),No,0,0,1,1,136247.22,63.5,53.8
THA-2021-102682,2026,12,10,3,2026-12-10,Bangkok & Vicinity,Bangkok,13.71201,100.50398,National Highway (ทางหลวงแผ่นดิน),Department of Highways (DOH - กรมทางหลวง),Motorcycle,Drunk driving (เมาแล้วขับ),Normal Period (ช่วงเวลาปกติ),Level 2: Moderate Risk (Surveillance Zone),Yes,0,1,1,2,1209937.18,75.4,61.1
THA-2022-102683,2021,7,12,14,2021-07-12,North,Chiang Mai,18.69537,98.86719,Urban / City Road (ถนนในเมือง/ท้องถิ่น),Local Administration / BMA (อปท./กทม.),Motorcycle,Speeding (ขับรถเร็วเกินกำหนด),Normal Period (ช่วงเวลาปกติ),Level 1: Low Risk (Baseline Zone),No,0,0,1,1,104246.04,28.7,88.7
THA-2023-102684,2021,1,8,21,2021-01-08,North,Chiang Mai,18.95838,99.15663,Rural Road (ทางหลวงชนบท),Department of Rural Roads (DRR - กรมทางหลวงชนบท),Private Car,Cutting off abruptly (ตัดหน้ากระชั้นชิด),Normal Period (ช่วงเวลาปกติ),Level 3: Critical Blackspot (Red Zone),Yes,1,1,0,2,5181662.21,58.6,18.9
THA-2024-102685,2025,8,19,21,2025-08-19,Bangkok & Vicinity,Bangkok,13.84819,100.59068,Rural Road (ทางหลวงชนบท),Department of Rural Roads (DRR - กรมทางหลวงชนบท),Commercial Truck,Speeding (ขับรถเร็วเกินกำหนด),Normal Period (ช่วงเวลาปกติ),Level 2: Moderate Risk (Surveillance Zone),Yes,0,1,2,3,1429285.42,38.4,88.7
THA-2025-102686,2023,5,15,13,2023-05-15,Bangkok & Vicinity,Bangkok,13.82419,100.43526,National Highway (ทางหลวงแผ่นดิน),Department of Highways (DOH - กรมทางหลวง),Motorcycle,Cutting off abruptly (ตัดหน้ากระชั้นชิด),Normal Period (ช่วงเวลาปกติ),Level 3: Critical Blackspot (Red Zone),No,1,1,1,3,4658089.48,60.8,52.1
THA-2026-102687,2026,9,1,21,2026-09-01,North,Chiang Rai,19.93667,99.79526,National Highway (ทางหลวงแผ่นดิน),Department of Highways (DOH - กรมทางหลวง),Private Car,Speeding (ขับรถเร็วเกินกำหนด),Normal Period (ช่วงเวลาปกติ),Level 2: Moderate Risk (Surveillance Zone),Yes,0,1,2,3,1179304.72,55.6,86.1
THA-2020-102688,2021,10,3,0,2021-10-03,Northeast,Nakhon Ratchasima,14.74682,102.19853,Urban / City Road (ถนนในเมือง/ท้องถิ่น),Local Administration / BMA (อปท./กทม.),Private Car,Speeding (ขับรถเร็วเกินกำหนด),Normal Period (ช่วงเวลาปกติ),Level 1: Low Risk (Baseline Zone),No,0,0,0,0,139183.4,33.1,67.2
THA-2021-102689,2024,12,27,8,2024-12-27,North,Chiang Rai,19.96042,99.72205,Rural Road (ทางหลวงชนบท),Department of Rural Roads (DRR - กรมทางหลวงชนบท),Private Car,Speeding (ขับรถเร็วเกินกำหนด),Normal Period (ช่วงเวลาปกติ),Level 3: Critical Blackspot (Red Zone),No,1,2,1,4,6920480.69,42.1,60.9
THA-2022-102690,2021,5,18,6,2021-05-18,Northeast,Nakhon Ratchasima,14.94747,102.1925,Rural Road (ทางหลวงชนบท),Department of Rural Roads (DRR - กรมทางหลวงชนบท),Motorcycle,Speeding (ขับรถเร็วเกินกำหนด),Normal Period (ช่วงเวลาปกติ),Level 2: Moderate Risk (Surveillance Zone),No,0,1,2,3,924258.05,61.2,42.4
THA-2023-102691,2021,5,18,22,2021-05-18,Northeast,Khon Kaen,16.44407,102.67071,Rural Road (ทางหลวงชนบท),Department of Rural Roads (DRR - กรมทางหลวงชนบท),Private Car,Speeding (ขับรถเร็วเกินกำหนด),Normal Period (ช่วงเวลาปกติ),Level 2: Moderate Risk (Surveillance Zone),No,0,1,1,2,844677.37,50.9,59.9
THA-2024-102692,2024,12,2,10,2024-12-02,Bangkok & Vicinity,Bangkok,13.64711,100.66896,National Highway (ทางหลวงแผ่นดิน),Department of Highways (DOH - กรมทางหลวง),Private Car,Road defect / Slippery surface (ถนนชำรุด/ลื่น),Normal Period (ช่วงเวลาปกติ),Level 2: Moderate Risk (Surveillance Zone),No,0,2,3,5,1260099.08,71.1,16.2
THA-2025-102693,2024,12,5,22,2024-12-05,North,Phitsanulok,16.82703,100.36117,Urban / City Road (ถนนในเมือง/ท้องถิ่น),Local Administration / BMA (อปท./กทม.),Private Car,Cutting off abruptly (ตัดหน้ากระชั้นชิด),Normal Period (ช่วงเวลาปกติ),Level 1: Low Risk (Baseline Zone),Yes,0,0,1,1,295100.91,62.9,50.3
THA-2026-102694,2025,2,1,1,2025-02-01,South,Surat Thani,9.30365,99.2802,Expressway (ทางพิเศษ),EXAT (การทางพิเศษแห่งประเทศไทย),Private Car,Cutting off abruptly (ตัดหน้ากระชั้นชิด),Normal Period (ช่วงเวลาปกติ),Level 1: Low Risk (Baseline Zone),Yes,0,0,1,1,288154.07,42.0,22.0
THA-2020-102695,2022,12,10,1,2022-12-10,Northeast,Nakhon Ratchasima,15.01158,101.9208,Urban / City Road (ถนนในเมือง/ท้องถิ่น),Local Administration / BMA (อปท./กทม.),Public Bus/Van,Cutting off abruptly (ตัดหน้ากระชั้นชิด),Normal Period (ช่วงเวลาปกติ),Level 1: Low Risk (Baseline Zone),No,0,0,1,1,1296746.43,42.9,31.1
THA-2021-102696,2023,11,20,5,2023-11-20,Northeast,Ubon Ratchathani,15.19016,104.89912,National Highway (ทางหลวงแผ่นดิน),Department of Highways (DOH - กรมทางหลวง),Motorcycle,Drunk driving (เมาแล้วขับ),Normal Period (ช่วงเวลาปกติ),Level 3: Critical Blackspot (Red Zone),Yes,1,1,0,2,7181764.32,76.4,21.2
THA-2022-102697,2023,3,10,22,2023-03-10,North,Chiang Mai,18.77101,99.02597,National Highway (ทางหลวงแผ่นดิน),Department of Highways (DOH - กรมทางหลวง),Public Bus/Van,Road defect / Slippery surface (ถนนชำรุด/ลื่น),Normal Period (ช่วงเวลาปกติ),Level 3: Critical Blackspot (Red Zone),Yes,1,1,0,2,5195692.56,49.7,48.9
THA-2023-102698,2026,10,5,18,2026-10-05,Central,Chonburi,13.44479,101.03512,Urban / City Road (ถนนในเมือง/ท้องถิ่น),Local Administration / BMA (อปท./กทม.),Motorcycle,Speeding (ขับรถเร็วเกินกำหนด),Normal Period (ช่วงเวลาปกติ),Level 3: Critical Blackspot (Red Zone),Yes,1,1,0,2,6234992.64,19.9,55.4
THA-2024-102699,2022,9,18,19,2022-09-18,Central,Chonburi,13.39087,101.00188,Rural Road (ทางหลวงชนบท),Department of Rural Roads (DRR - กรมทางหลวงชนบท),Private Car,Speeding (ขับรถเร็วเกินกำหนด),Normal Period (ช่วงเวลาปกติ),Level 2: Moderate Risk (Surveillance Zone),Yes,0,1,2,3,1359614.72,48.8,92.4
THA-2025-102700,2022,7,21,13,2022-07-21,Northeast,Nakhon Ratchasima,14.92876,102.01467,Rural Road (ทางหลวงชนบท),Department of Rural Roads (DRR - กรมทางหลวงชนบท),Motorcycle,Running red light / Signal violation (ฝ่าฝืนสัญญาณไฟ),Normal Period (ช่วงเวลาปกติ),Level 2: Moderate Risk (Surveillance Zone),Yes,0,2,3,5,1531048.44,26.5,57.7
THA-2026-102701,2022,1,26,2,2022-01-26,South,Songkhla,7.29761,100.68562,Expressway (ทางพิเศษ),EXAT (การทางพิเศษแห่งประเทศไทย),Motorcycle,Speeding (ขับรถเร็วเกินกำหนด),Normal Period (ช่วงเวลาปกติ),Level 1: Low Risk (Baseline Zone),Yes,0,0,1,1,117984.93,31.0,44.4
THA-2020-102702,2024,3,15,6,2024-03-15,Bangkok & Vicinity,Bangkok,13.68528,100.50757,Rural Road (ทางหลวงชนบท),Department of Rural Roads (DRR - กรมทางหลวงชนบท),Private Car,Speeding (ขับรถเร็วเกินกำหนด),Normal Period (ช่วงเวลาปกติ),Level 1: Low Risk (Baseline Zone),Yes,0,0,1,1,289644.21,21.8,70.1
THA-2021-102703,2022,12,20,6,2022-12-20,Bangkok & Vicinity,Bangkok,13.63103,100.45879,Rural Road (ทางหลวงชนบท),Department of Rural Roads (DRR - กรมทางหลวงชนบท),Private Car,Speeding (ขับรถเร็วเกินกำหนด),Normal Period (ช่วงเวลาปกติ),Level 3: Critical Blackspot (Red Zone),Yes,1,1,0,2,5582667.15,71.0,57.4
THA-2022-102704,2026,2,8,3,2026-02-08,Central,Chonburi,13.40931,101.00812,National Highway (ทางหลวงแผ่นดิน),Department of Highways (DOH - กรมทางหลวง),Motorcycle,Speeding (ขับรถเร็วเกินกำหนด),Normal Period (ช่วงเวลาปกติ),Level 2: Moderate Risk (Surveillance Zone),Yes,0,1,2,3,883880.51,69.3,63.9
THA-2023-102705,2022,1,17,22,2022-01-17,Central,Ayutthaya,14.36362,100.48887,National Highway (ทางหลวงแผ่นดิน),Department of Highways (DOH - กรมทางหลวง),Motorcycle,Running red light / Signal violation (ฝ่าฝืนสัญญาณไฟ),Normal Period (ช่วงเวลาปกติ),Level 3: Critical Blackspot (Red Zone),Yes,2,1,0,3,10267290.44,50.6,71.8
THA-2024-102706,2026,9,12,4,2026-09-12,Bangkok & Vicinity,Bangkok,13.65852,100.5873,National Highway (ทางหลวงแผ่นดิน),Department of Highways (DOH - กรมทางหลวง),Motorcycle,Speeding (ขับรถเร็วเกินกำหนด),Normal Period (ช่วงเวลาปกติ),Level 3: Critical Blackspot (Red Zone),No,3,0,1,4,14355507.3,71.0,73.7
THA-2025-102707,2020,8,21,16,2020-08-21,Bangkok & Vicinity,Nonthaburi,14.01452,100.5629,Urban / City Road (ถนนในเมือง/ท้องถิ่น),Local Administration / BMA (อปท./กทม.),Public Bus/Van,Road defect / Slippery surface (ถนนชำรุด/ลื่น),Normal Period (ช่วงเวลาปกติ),Level 1: Low Risk (Baseline Zone),Yes,0,0,1,1,893874.23,13.0,36.1
THA-2026-102708,2024,5,27,3,2024-05-27,Bangkok & Vicinity,Bangkok,13.74079,100.61205,National Highway (ทางหลวงแผ่นดิน),Department of Highways (DOH - กรมทางหลวง),Commercial Truck,Running red light / Signal violation (ฝ่าฝืนสัญญาณไฟ),Normal Period (ช่วงเวลาปกติ),Level 3: Critical Blackspot (Red Zone),No,2,1,1,4,12363859.37,66.5,50.2
THA-2020-102709,2026,11,12,22,2026-11-12,North,Chiang Mai,18.71251,99.08008,National Highway (ทางหลวงแผ่นดิน),Department of Highways (DOH - กรมทางหลวง),Motorcycle,Cutting off abruptly (ตัดหน้ากระชั้นชิด),Normal Period (ช่วงเวลาปกติ),Level 3: Critical Blackspot (Red Zone),Yes,1,1,0,2,6228355.69,39.2,51.5
THA-2021-102710,2021,12,26,12,2021-12-26,Central,Chonburi,13.3074,100.93542,Urban / City Road (ถนนในเมือง/ท้องถิ่น),Local Administration / BMA (อปท./กทม.),Commercial Truck,Speeding (ขับรถเร็วเกินกำหนด),Normal Period (ช่วงเวลาปกติ),Level 1: Low Risk (Baseline Zone),Yes,0,0,1,1,600608.48,52.3,70.8
THA-2022-102711,2026,2,1,15,2026-02-01,Northeast,Nakhon Ratchasima,14.94995,102.08869,Rural Road (ทางหลวงชนบท),Department of Rural Roads (DRR - กรมทางหลวงชนบท),Commercial Truck,Speeding (ขับรถเร็วเกินกำหนด),Normal Period (ช่วงเวลาปกติ),Level 2: Moderate Risk (Surveillance Zone),Yes,0,1,2,3,1921081.05,41.9,53.5
THA-2023-102712,2023,1,26,15,2023-01-26,North,Chiang Mai,18.87064,98.86791,Rural Road (ทางหลวงชนบท),Department of Rural Roads (DRR - กรมทางหลวงชนบท),Motorcycle,Cutting off abruptly (ตัดหน้ากระชั้นชิด),Normal Period (ช่วงเวลาปกติ),Level 1: Low Risk (Baseline Zone),No,0,0,1,1,140659.69,46.3,58.9
THA-2024-102713,2026,7,26,1,2026-07-26,North,Chiang Mai,18.7339,99.00417,National Highway (ทางหลวงแผ่นดิน),Department of Highways (DOH - กรมทางหลวง),Private Car,Cutting off abruptly (ตัดหน้ากระชั้นชิด),Normal Period (ช่วงเวลาปกติ),Level 1: Low Risk (Baseline Zone),Yes,0,0,1,1,452456.52,43.9,44.9
THA-2025-102714,2024,11,4,17,2024-11-04,Bangkok & Vicinity,Bangkok,13.8065,100.34836,Urban / City Road (ถนนในเมือง/ท้องถิ่น),Local Administration / BMA (อปท./กทม.),Motorcycle,Drunk driving (เมาแล้วขับ),Normal Period (ช่วงเวลาปกติ),Level 2: Moderate Risk (Surveillance Zone),Yes,0,1,3,4,716786.07,51.1,52.2
THA-2026-102715,2022,11,8,0,2022-11-08,North,Chiang Mai,18.71716,98.82791,National Highway (ทางหลวงแผ่นดิน),Department of Highways (DOH - กรมทางหลวง),Private Car,Cutting off abruptly (ตัดหน้ากระชั้นชิด),Normal Period (ช่วงเวลาปกติ),Level 1: Low Risk (Baseline Zone),Yes,0,0,0,0,134178.54,28.7,21.9
THA-2020-102716,2021,2,1,17,2021-02-01,Northeast,Khon Kaen,16.36925,102.78424,National Highway (ทางหลวงแผ่นดิน),Department of Highways (DOH - กรมทางหลวง),Motorcycle,Road defect / Slippery surface (ถนนชำรุด/ลื่น),Normal Period (ช่วงเวลาปกติ),Level 1: Low Risk (Baseline Zone),No,0,0,0,0,43832.03,27.0,33.7
THA-2021-102717,2022,1,27,7,2022-01-27,South,Songkhla,7.22085,100.40811,National Highway (ทางหลวงแผ่นดิน),Department of Highways (DOH - กรมทางหลวง),Motorcycle,Cutting off abruptly (ตัดหน้ากระชั้นชิด),Normal Period (ช่วงเวลาปกติ),Level 2: Moderate Risk (Surveillance Zone),Yes,0,1,1,2,583251.58,85.6,37.2
THA-2022-102718,2020,2,15,10,2020-02-15,Central,Saraburi,14.58769,100.86496,National Highway (ทางหลวงแผ่นดิน),Department of Highways (DOH - กรมทางหลวง),Motorcycle,Drunk driving (เมาแล้วขับ),Normal Period (ช่วงเวลาปกติ),Level 2: Moderate Risk (Surveillance Zone),No,0,1,2,3,1165344.05,54.9,49.7
THA-2023-102719,2021,7,18,23,2021-07-18,Bangkok & Vicinity,Bangkok,13.72562,100.58922,National Highway (ทางหลวงแผ่นดิน),Department of Highways (DOH - กรมทางหลวง),Motorcycle,Road defect / Slippery surface (ถนนชำรุด/ลื่น),Normal Period (ช่วงเวลาปกติ),Level 3: Critical Blackspot (Red Zone),No,1,0,1,2,4831827.66,14.2,18.5
THA-2024-102720,2020,7,1,23,2020-07-01,South,Phuket,8.00144,98.33334,Rural Road (ทางหลวงชนบท),Department of Rural Roads (DRR - กรมทางหลวงชนบท),Commercial Truck,Speeding (ขับรถเร็วเกินกำหนด),Normal Period (ช่วงเวลาปกติ),Level 3: Critical Blackspot (Red Zone),No,1,0,1,2,6092375.69,22.5,66.2
THA-2025-102721,2023,10,11,14,2023-10-11,Central,Chonburi,13.30153,100.95282,National Highway (ทางหลวงแผ่นดิน),Department of Highways (DOH - กรมทางหลวง),Motorcycle,Speeding (ขับรถเร็วเกินกำหนด),Normal Period (ช่วงเวลาปกติ),Level 1: Low Risk (Baseline Zone),No,0,0,1,1,119363.95,62.6,54.2
THA-2026-102722,2025,6,23,15,2025-06-23,Central,Chonburi,13.30109,100.85554,Rural Road (ทางหลวงชนบท),Department of Rural Roads (DRR - กรมทางหลวงชนบท),Motorcycle,Speeding (ขับรถเร็วเกินกำหนด),Normal Period (ช่วงเวลาปกติ),Level 1: Low Risk (Baseline Zone),Yes,0,0,1,1,152274.76,41.3,59.9
THA-2020-102723,2021,5,2,16,2021-05-02,North,Phitsanulok,16.81827,100.2065,National Highway (ทางหลวงแผ่นดิน),Department of Highways (DOH - กรมทางหลวง),Commercial Truck,Speeding (ขับรถเร็วเกินกำหนด),Normal Period (ช่วงเวลาปกติ),Level 2: Moderate Risk (Surveillance Zone),Yes,0,2,1,3,2002206.34,89.2,53.1
THA-2021-102724,2021,3,1,16,2021-03-01,North,Chiang Rai,19.91931,99.99438,National Highway (ทางหลวงแผ่นดิน),Department of Highways (DOH - กรมทางหลวง),Motorcycle,Cutting off abruptly (ตัดหน้ากระชั้นชิด),Normal Period (ช่วงเวลาปกติ),Level 1: Low Risk (Baseline Zone),Yes,0,0,1,1,123666.25,43.6,16.0
THA-2022-102725,2024,12,12,11,2024-12-12,North,Chiang Mai,18.77879,98.91729,Rural Road (ทางหลวงชนบท),Department of Rural Roads (DRR - กรมทางหลวงชนบท),Motorcycle,Speeding (ขับรถเร็วเกินกำหนด),Normal Period (ช่วงเวลาปกติ),Level 3: Critical Blackspot (Red Zone),No,2,1,1,4,8819367.3,22.7,39.5
THA-2023-102726,2021,3,16,9,2021-03-16,Bangkok & Vicinity,Bangkok,13.7318,100.51338,Expressway (ทางพิเศษ),EXAT (การทางพิเศษแห่งประเทศไทย),Public Bus/Van,Cutting off abruptly (ตัดหน้ากระชั้นชิด),Normal Period (ช่วงเวลาปกติ),Level 2: Moderate Risk (Surveillance Zone),Yes,0,1,1,2,2116633.75,37.0,48.0
THA-2024-102727,2020,11,22,19,2020-11-22,Bangkok & Vicinity,Nonthaburi,13.84721,100.46275,Urban / City Road (ถนนในเมือง/ท้องถิ่น),Local Administration / BMA (อปท./กทม.),Commercial Truck,Running red light / Signal violation (ฝ่าฝืนสัญญาณไฟ),Normal Period (ช่วงเวลาปกติ),Level 2: Moderate Risk (Surveillance Zone),No,0,1,3,4,2452096.71,29.3,26.6
THA-2025-102728,2021,12,22,5,2021-12-22,Bangkok & Vicinity,Nonthaburi,13.71299,100.57043,Expressway (ทางพิเศษ),EXAT (การทางพิเศษแห่งประเทศไทย),Motorcycle,Speeding (ขับรถเร็วเกินกำหนด),Normal Period (ช่วงเวลาปกติ),Level 1: Low Risk (Baseline Zone),Yes,0,0,1,1,90661.9,48.3,46.5
THA-2026-102729,2026,9,10,7,2026-09-10,Northeast,Nakhon Ratchasima,14.89951,102.22942,Rural Road (ทางหลวงชนบท),Department of Rural Roads (DRR - กรมทางหลวงชนบท),Motorcycle,Cutting off abruptly (ตัดหน้ากระชั้นชิด),Normal Period (ช่วงเวลาปกติ),Level 2: Moderate Risk (Surveillance Zone),Yes,0,2,3,5,1245494.33,39.7,27.4
THA-2020-102730,2025,4,18,12,2025-04-18,Central,Chonburi,13.3279,100.93821,Rural Road (ทางหลวงชนบท),Department of Rural Roads (DRR - กรมทางหลวงชนบท),Public Bus/Van,Speeding (ขับรถเร็วเกินกำหนด),Normal Period (ช่วงเวลาปกติ),Level 1: Low Risk (Baseline Zone),Yes,0,0,1,1,544257.75,51.0,50.0
THA-2021-102731,2022,9,15,1,2022-09-15,Northeast,Nakhon Ratchasima,14.93747,102.11132,Rural Road (ทางหลวงชนบท),Department of Rural Roads (DRR - กรมทางหลวงชนบท),Motorcycle,Speeding (ขับรถเร็วเกินกำหนด),Normal Period (ช่วงเวลาปกติ),Level 2: Moderate Risk (Surveillance Zone),No,0,2,2,4,1575463.09,59.3,74.3
THA-2022-102732,2024,4,17,18,2024-04-17,Bangkok & Vicinity,Bangkok,13.67832,100.44103,Rural Road (ทางหลวงชนบท),Department of Rural Roads (DRR - กรมทางหลวงชนบท),Motorcycle,Cutting off abruptly (ตัดหน้ากระชั้นชิด),Songkran Festival (เทศกาลสงกรานต์),Level 2: Moderate Risk (Surveillance Zone),No,0,1,1,2,955080.54,76.5,37.1
THA-2023-102733,2023,2,10,21,2023-02-10,South,Surat Thani,9.19421,99.22991,National Highway (ทางหลวงแผ่นดิน),Department of Highways (DOH - กรมทางหลวง),Motorcycle,Road defect / Slippery surface (ถนนชำรุด/ลื่น),Normal Period (ช่วงเวลาปกติ),Level 1: Low Risk (Baseline Zone),Yes,0,0,1,1,129899.11,13.9,40.1
THA-2024-102734,2024,4,3,9,2024-04-03,South,Surat Thani,9.18754,99.39597,Rural Road (ทางหลวงชนบท),Department of Rural Roads (DRR - กรมทางหลวงชนบท),Motorcycle,Cutting off abruptly (ตัดหน้ากระชั้นชิด),Normal Period (ช่วงเวลาปกติ),Level 2: Moderate Risk (Surveillance Zone),Yes,0,2,2,4,1651253.14,45.8,65.9
THA-2025-102735,2024,6,26,3,2024-06-26,Central,Chonburi,13.42119,101.00573,National Highway (ทางหลวงแผ่นดิน),Department of Highways (DOH - กรมทางหลวง),Private Car,Speeding (ขับรถเร็วเกินกำหนด),Normal Period (ช่วงเวลาปกติ),Level 1: Low Risk (Baseline Zone),Yes,0,0,1,1,228591.79,55.4,65.7
THA-2026-102736,2024,6,21,11,2024-06-21,South,Songkhla,7.01322,100.50534,National Highway (ทางหลวงแผ่นดิน),Department of Highways (DOH - กรมทางหลวง),Private Car,Cutting off abruptly (ตัดหน้ากระชั้นชิด),Normal Period (ช่วงเวลาปกติ),Level 2: Moderate Risk (Surveillance Zone),Yes,0,1,1,2,1101238.18,56.8,63.0
THA-2020-102737,2022,5,16,17,2022-05-16,Northeast,Nakhon Ratchasima,14.85792,102.06375,Rural Road (ทางหลวงชนบท),Department of Rural Roads (DRR - กรมทางหลวงชนบท),Public Bus/Van,Speeding (ขับรถเร็วเกินกำหนด),Normal Period (ช่วงเวลาปกติ),Level 1: Low Risk (Baseline Zone),Yes,0,0,0,0,1193599.08,39.5,67.2
THA-2021-102738,2020,1,6,6,2020-01-06,South,Surat Thani,9.14101,99.2143,National Highway (ทางหลวงแผ่นดิน),Department of Highways (DOH - กรมทางหลวง),Private Car,Speeding (ขับรถเร็วเกินกำหนด),Normal Period (ช่วงเวลาปกติ),Level 1: Low Risk (Baseline Zone),No,0,0,1,1,468900.74,34.8,54.6
THA-2022-102739,2023,3,3,19,2023-03-03,Bangkok & Vicinity,Bangkok,13.74076,100.56338,National Highway (ทางหลวงแผ่นดิน),Department of Highways (DOH - กรมทางหลวง),Motorcycle,Drunk driving (เมาแล้วขับ),Normal Period (ช่วงเวลาปกติ),Level 1: Low Risk (Baseline Zone),Yes,0,0,0,0,87913.18,41.4,87.5
THA-2023-102740,2026,5,9,23,2026-05-09,North,Chiang Mai,18.69841,98.91164,National Highway (ทางหลวงแผ่นดิน),Department of Highways (DOH - กรมทางหลวง),Motorcycle,Speeding (ขับรถเร็วเกินกำหนด),Normal Period (ช่วงเวลาปกติ),Level 2: Moderate Risk (Surveillance Zone),No,0,2,1,3,1289312.52,59.6,45.8
THA-2024-102741,2024,6,11,23,2024-06-11,Bangkok & Vicinity,Nonthaburi,13.96839,100.42994,Expressway (ทางพิเศษ),EXAT (การทางพิเศษแห่งประเทศไทย),Public Bus/Van,Cutting off abruptly (ตัดหน้ากระชั้นชิด),Normal Period (ช่วงเวลาปกติ),Level 2: Moderate Risk (Surveillance Zone),No,0,1,2,3,2042723.91,66.6,41.8
THA-2025-102742,2025,1,21,22,2025-01-21,Bangkok & Vicinity,Bangkok,13.7871,100.61333,National Highway (ทางหลวงแผ่นดิน),Department of Highways (DOH - กรมทางหลวง),Motorcycle,Drunk driving (เมาแล้วขับ),Normal Period (ช่วงเวลาปกติ),Level 1: Low Risk (Baseline Zone),Yes,0,0,1,1,125325.34,61.2,66.2
THA-2026-102743,2026,9,13,3,2026-09-13,Bangkok & Vicinity,Bangkok,13.64997,100.4022,National Highway (ทางหลวงแผ่นดิน),Department of Highways (DOH - กรมทางหลวง),Motorcycle,Cutting off abruptly (ตัดหน้ากระชั้นชิด),Normal Period (ช่วงเวลาปกติ),Level 3: Critical Blackspot (Red Zone),No,1,1,1,3,6357991.03,40.2,55.7
THA-2020-102744,2021,3,18,6,2021-03-18,Northeast,Khon Kaen,16.41137,102.82968,Urban / City Road (ถนนในเมือง/ท้องถิ่น),Local Administration / BMA (อปท./กทม.),Commercial Truck,Speeding (ขับรถเร็วเกินกำหนด),Normal Period (ช่วงเวลาปกติ),Level 1: Low Risk (Baseline Zone),Yes,0,0,1,1,1376347.98,42.3,73.6
THA-2021-102745,2024,10,26,9,2024-10-26,Central,Chonburi,13.30336,101.16212,Rural Road (ทางหลวงชนบท),Department of Rural Roads (DRR - กรมทางหลวงชนบท),Private Car,Running red light / Signal violation (ฝ่าฝืนสัญญาณไฟ),Normal Period (ช่วงเวลาปกติ),Level 2: Moderate Risk (Surveillance Zone),No,0,2,1,3,1530643.48,55.5,49.5
THA-2022-102746,2024,3,22,14,2024-03-22,Northeast,Nakhon Ratchasima,15.02838,102.02541,National Highway (ทางหลวงแผ่นดิน),Department of Highways (DOH - กรมทางหลวง),Motorcycle,Speeding (ขับรถเร็วเกินกำหนด),Normal Period (ช่วงเวลาปกติ),Level 2: Moderate Risk (Surveillance Zone),Yes,0,2,1,3,2423027.38,58.9,75.3
THA-2023-102747,2026,11,28,11,2026-11-28,Bangkok & Vicinity,Bangkok,13.63336,100.49613,National Highway (ทางหลวงแผ่นดิน),Department of Highways (DOH - กรมทางหลวง),Commercial Truck,Fatigue / Falling asleep (หลับใน),Normal Period (ช่วงเวลาปกติ),Level 1: Low Risk (Baseline Zone),Yes,0,0,1,1,1108367.86,15.0,45.1
THA-2024-102748,2026,2,24,0,2026-02-24,Central,Ayutthaya,14.3927,100.73404,National Highway (ทางหลวงแผ่นดิน),Department of Highways (DOH - กรมทางหลวง),Public Bus/Van,Speeding (ขับรถเร็วเกินกำหนด),Normal Period (ช่วงเวลาปกติ),Level 3: Critical Blackspot (Red Zone),Yes,1,1,0,2,7710863.79,48.6,54.9
THA-2025-102749,2024,8,27,19,2024-08-27,Northeast,Khon Kaen,16.43902,102.80174,National Highway (ทางหลวงแผ่นดิน),Department of Highways (DOH - กรมทางหลวง),Motorcycle,Cutting off abruptly (ตัดหน้ากระชั้นชิด),Normal Period (ช่วงเวลาปกติ),Level 1: Low Risk (Baseline Zone),No,0,0,0,0,59354.12,55.5,16.8
THA-2026-102750,2021,3,22,17,2021-03-22,North,Chiang Rai,19.82261,99.87393,National Highway (ทางหลวงแผ่นดิน),Department of Highways (DOH - กรมทางหลวง),Commercial Truck,Cutting off abruptly (ตัดหน้ากระชั้นชิด),Normal Period (ช่วงเวลาปกติ),Level 2: Moderate Risk (Surveillance Zone),Yes,0,1,2,3,2190026.46,61.7,48.3
THA-2020-102751,2025,6,4,15,2025-06-04,Northeast,Ubon Ratchathani,15.3363,104.68644,National Highway (ทางหลวงแผ่นดิน),Department of Highways (DOH - กรมทางหลวง),Motorcycle,Speeding (ขับรถเร็วเกินกำหนด),Normal Period (ช่วงเวลาปกติ),Level 1: Low Risk (Baseline Zone),Yes,0,0,0,0,44945.96,41.0,38.5
THA-2021-102752,2020,2,22,4,2020-02-22,Bangkok & Vicinity,Nonthaburi,13.86882,100.42159,Urban / City Road (ถนนในเมือง/ท้องถิ่น),Local Administration / BMA (อปท./กทม.),Motorcycle,Speeding (ขับรถเร็วเกินกำหนด),Normal Period (ช่วงเวลาปกติ),Level 2: Moderate Risk (Surveillance Zone),Yes,0,1,1,2,1282747.73,62.1,44.1
THA-2022-102753,2025,7,24,18,2025-07-24,North,Chiang Mai,18.66612,99.13776,Rural Road (ทางหลวงชนบท),Department of Rural Roads (DRR - กรมทางหลวงชนบท),Commercial Truck,Speeding (ขับรถเร็วเกินกำหนด),Normal Period (ช่วงเวลาปกติ),Level 2: Moderate Risk (Surveillance Zone),Yes,0,2,2,4,1994085.51,16.2,91.8
THA-2023-102754,2026,4,8,3,2026-04-08,South,Phuket,7.96026,98.33774,Rural Road (ทางหลวงชนบท),Department of Rural Roads (DRR - กรมทางหลวงชนบท),Public Bus/Van,Road defect / Slippery surface (ถนนชำรุด/ลื่น),Normal Period (ช่วงเวลาปกติ),Level 2: Moderate Risk (Surveillance Zone),Yes,0,1,1,2,1016635.58,52.3,18.0
THA-2024-102755,2022,9,13,5,2022-09-13,North,Chiang Mai,18.77377,98.95674,National Highway (ทางหลวงแผ่นดิน),Department of Highways (DOH - กรมทางหลวง),Motorcycle,Drunk driving (เมาแล้วขับ),Normal Period (ช่วงเวลาปกติ),Level 1: Low Risk (Baseline Zone),No,0,0,1,1,101784.88,41.0,98.0
THA-2025-102756,2024,10,10,16,2024-10-10,North,Phitsanulok,16.71979,100.21723,National Highway (ทางหลวงแผ่นดิน),Department of Highways (DOH - กรมทางหลวง),Motorcycle,Speeding (ขับรถเร็วเกินกำหนด),Normal Period (ช่วงเวลาปกติ),Level 2: Moderate Risk (Surveillance Zone),Yes,0,1,1,2,547976.5,55.5,45.5
THA-2026-102757,2023,9,2,6,2023-09-02,South,Phuket,7.95096,98.34138,Urban / City Road (ถนนในเมือง/ท้องถิ่น),Local Administration / BMA (อปท./กทม.),Motorcycle,Cutting off abruptly (ตัดหน้ากระชั้นชิด),Normal Period (ช่วงเวลาปกติ),Level 2: Moderate Risk (Surveillance Zone),Yes,0,1,1,2,1083593.98,18.2,53.8
THA-2020-102758,2023,7,8,23,2023-07-08,Central,Chonburi,13.40286,100.93447,National Highway (ทางหลวงแผ่นดิน),Department of Highways (DOH - กรมทางหลวง),Private Car,Road defect / Slippery surface (ถนนชำรุด/ลื่น),Normal Period (ช่วงเวลาปกติ),Level 1: Low Risk (Baseline Zone),Yes,0,0,1,1,345896.05,67.4,26.4
THA-2021-102759,2022,12,6,22,2022-12-06,Bangkok & Vicinity,Bangkok,13.64972,100.6093,Urban / City Road (ถนนในเมือง/ท้องถิ่น),Local Administration / BMA (อปท./กทม.),Motorcycle,Drunk driving (เมาแล้วขับ),Normal Period (ช่วงเวลาปกติ),Level 1: Low Risk (Baseline Zone),No,0,0,1,1,119314.08,45.9,24.5
THA-2022-102760,2025,8,16,6,2025-08-16,Bangkok & Vicinity,Bangkok,13.56457,100.66245,Rural Road (ทางหลวงชนบท),Department of Rural Roads (DRR - กรมทางหลวงชนบท),Motorcycle,Speeding (ขับรถเร็วเกินกำหนด),Normal Period (ช่วงเวลาปกติ),Level 2: Moderate Risk (Surveillance Zone),No,0,2,1,3,1093625.48,63.1,57.3
THA-2023-102761,2026,3,18,8,2026-03-18,Bangkok & Vicinity,Bangkok,13.84611,100.51824,Urban / City Road (ถนนในเมือง/ท้องถิ่น),Local Administration / BMA (อปท./กทม.),Motorcycle,Fatigue / Falling asleep (หลับใน),Normal Period (ช่วงเวลาปกติ),Level 3: Critical Blackspot (Red Zone),Yes,1,0,0,1,4026025.28,57.1,16.9
THA-2024-102762,2026,11,17,12,2026-11-17,Northeast,Khon Kaen,16.39207,102.79049,National Highway (ทางหลวงแผ่นดิน),Department of Highways (DOH - กรมทางหลวง),Motorcycle,Speeding (ขับรถเร็วเกินกำหนด),Normal Period (ช่วงเวลาปกติ),Level 1: Low Risk (Baseline Zone),Yes,0,0,1,1,101465.5,41.8,67.3
THA-2025-102763,2021,5,6,19,2021-05-06,North,Phitsanulok,16.83932,100.28253,National Highway (ทางหลวงแผ่นดิน),Department of Highways (DOH - กรมทางหลวง),Motorcycle,Cutting off abruptly (ตัดหน้ากระชั้นชิด),Normal Period (ช่วงเวลาปกติ),Level 1: Low Risk (Baseline Zone),No,0,0,1,1,103629.02,74.0,52.4
THA-2026-102764,2026,2,13,13,2026-02-13,Bangkok & Vicinity,Bangkok,13.66997,100.5079,Urban / City Road (ถนนในเมือง/ท้องถิ่น),Local Administration / BMA (อปท./กทม.),Commercial Truck,Cutting off abruptly (ตัดหน้ากระชั้นชิด),Normal Period (ช่วงเวลาปกติ),Level 1: Low Risk (Baseline Zone),No,0,0,1,1,842461.15,15.1,40.5
THA-2020-102765,2025,10,23,15,2025-10-23,South,Surat Thani,9.16148,99.29444,Urban / City Road (ถนนในเมือง/ท้องถิ่น),Local Administration / BMA (อปท./กทม.),Motorcycle,Fatigue / Falling asleep (หลับใน),Normal Period (ช่วงเวลาปกติ),Level 1: Low Risk (Baseline Zone),No,0,0,0,0,87871.07,42.1,20.0
THA-2021-102766,2022,7,14,22,2022-07-14,Northeast,Nakhon Ratchasima,15.18143,102.08574,National Highway (ทางหลวงแผ่นดิน),Department of Highways (DOH - กรมทางหลวง),Motorcycle,Road defect / Slippery surface (ถนนชำรุด/ลื่น),Normal Period (ช่วงเวลาปกติ),Level 1: Low Risk (Baseline Zone),Yes,0,0,1,1,93839.83,51.0,31.8
THA-2022-102767,2020,8,26,8,2020-08-26,Bangkok & Vicinity,Nonthaburi,13.7034,100.42247,Expressway (ทางพิเศษ),EXAT (การทางพิเศษแห่งประเทศไทย),Commercial Truck,Road defect / Slippery surface (ถนนชำรุด/ลื่น),Normal Period (ช่วงเวลาปกติ),Level 2: Moderate Risk (Surveillance Zone),Yes,0,2,2,4,3177957.77,24.2,27.6
THA-2023-102768,2022,9,21,14,2022-09-21,Northeast,Nakhon Ratchasima,15.04322,102.03278,National Highway (ทางหลวงแผ่นดิน),Department of Highways (DOH - กรมทางหลวง),Private Car,Speeding (ขับรถเร็วเกินกำหนด),Normal Period (ช่วงเวลาปกติ),Level 3: Critical Blackspot (Red Zone),Yes,1,1,0,2,7025693.94,72.7,71.9
THA-2024-102769,2026,11,10,4,2026-11-10,Northeast,Ubon Ratchathani,15.15536,104.97288,National Highway (ทางหลวงแผ่นดิน),Department of Highways (DOH - กรมทางหลวง),Motorcycle,Road defect / Slippery surface (ถนนชำรุด/ลื่น),Normal Period (ช่วงเวลาปกติ),Level 3: Critical Blackspot (Red Zone),No,1,0,1,2,5554408.78,34.3,20.6
THA-2025-102770,2024,11,24,17,2024-11-24,Bangkok & Vicinity,Bangkok,13.77158,100.44769,Rural Road (ทางหลวงชนบท),Department of Rural Roads (DRR - กรมทางหลวงชนบท),Motorcycle,Speeding (ขับรถเร็วเกินกำหนด),Normal Period (ช่วงเวลาปกติ),Level 1: Low Risk (Baseline Zone),No,0,0,0,0,81095.06,43.2,54.3
THA-2026-102771,2025,7,11,20,2025-07-11,Bangkok & Vicinity,Nonthaburi,13.61291,100.56923,Urban / City Road (ถนนในเมือง/ท้องถิ่น),Local Administration / BMA (อปท./กทม.),Private Car,Speeding (ขับรถเร็วเกินกำหนด),Normal Period (ช่วงเวลาปกติ),Level 2: Moderate Risk (Surveillance Zone),Yes,0,1,1,2,1284227.57,41.0,50.2
THA-2020-102772,2022,10,13,19,2022-10-13,Central,Ayutthaya,14.35459,100.68547,Expressway (ทางพิเศษ),EXAT (การทางพิเศษแห่งประเทศไทย),Motorcycle,Cutting off abruptly (ตัดหน้ากระชั้นชิด),Normal Period (ช่วงเวลาปกติ),Level 2: Moderate Risk (Surveillance Zone),No,0,1,2,3,927017.65,45.1,48.5
THA-2021-102773,2024,10,12,7,2024-10-12,North,Phitsanulok,16.72259,100.23231,National Highway (ทางหลวงแผ่นดิน),Department of Highways (DOH - กรมทางหลวง),Private Car,Cutting off abruptly (ตัดหน้ากระชั้นชิด),Normal Period (ช่วงเวลาปกติ),Level 1: Low Risk (Baseline Zone),Yes,0,0,1,1,177993.92,78.3,43.2
THA-2022-102774,2020,8,9,14,2020-08-09,Northeast,Nakhon Ratchasima,15.00678,102.21084,National Highway (ทางหลวงแผ่นดิน),Department of Highways (DOH - กรมทางหลวง),Motorcycle,Drunk driving (เมาแล้วขับ),Normal Period (ช่วงเวลาปกติ),Level 2: Moderate Risk (Surveillance Zone),Yes,0,1,1,2,932736.47,48.8,56.1
THA-2023-102775,2022,12,4,20,2022-12-04,North,Phitsanulok,16.84436,100.20223,Rural Road (ทางหลวงชนบท),Department of Rural Roads (DRR - กรมทางหลวงชนบท),Motorcycle,Cutting off abruptly (ตัดหน้ากระชั้นชิด),Normal Period (ช่วงเวลาปกติ),Level 1: Low Risk (Baseline Zone),Yes,0,0,0,0,71712.35,48.0,26.4
THA-2024-102776,2024,9,7,8,2024-09-07,Bangkok & Vicinity,Bangkok,13.8731,100.47369,National Highway (ทางหลวงแผ่นดิน),Department of Highways (DOH - กรมทางหลวง),Motorcycle,Road defect / Slippery surface (ถนนชำรุด/ลื่น),Normal Period (ช่วงเวลาปกติ),Level 2: Moderate Risk (Surveillance Zone),No,0,2,1,3,996867.74,58.5,55.4
THA-2025-102777,2021,6,24,18,2021-06-24,Bangkok & Vicinity,Bangkok,13.7725,100.56936,National Highway (ทางหลวงแผ่นดิน),Department of Highways (DOH - กรมทางหลวง),Private Car,Speeding (ขับรถเร็วเกินกำหนด),Normal Period (ช่วงเวลาปกติ),Level 1: Low Risk (Baseline Zone),Yes,0,0,0,0,360301.5,49.1,66.4
THA-2026-102778,2025,12,22,21,2025-12-22,North,Phitsanulok,16.96179,100.2991,Rural Road (ทางหลวงชนบท),Department of Rural Roads (DRR - กรมทางหลวงชนบท),Commercial Truck,Speeding (ขับรถเร็วเกินกำหนด),Normal Period (ช่วงเวลาปกติ),Level 2: Moderate Risk (Surveillance Zone),Yes,0,1,2,3,2128390.52,30.3,52.5
THA-2020-102779,2021,12,2,5,2021-12-02,Bangkok & Vicinity,Bangkok,13.98916,100.49374,National Highway (ทางหลวงแผ่นดิน),Department of Highways (DOH - กรมทางหลวง),Motorcycle,Road defect / Slippery surface (ถนนชำรุด/ลื่น),Normal Period (ช่วงเวลาปกติ),Level 2: Moderate Risk (Surveillance Zone),Yes,0,1,2,3,1318137.28,68.4,58.7
THA-2021-102780,2024,10,7,3,2024-10-07,Bangkok & Vicinity,Bangkok,13.78272,100.44612,Rural Road (ทางหลวงชนบท),Department of Rural Roads (DRR - กรมทางหลวงชนบท),Motorcycle,Speeding (ขับรถเร็วเกินกำหนด),Normal Period (ช่วงเวลาปกติ),Level 1: Low Risk (Baseline Zone),No,0,0,0,0,80804.56,47.7,54.6
THA-2022-102781,2023,2,9,10,2023-02-09,Central,Saraburi,14.55793,100.93754,National Highway (ทางหลวงแผ่นดิน),Department of Highways (DOH - กรมทางหลวง),Motorcycle,Drunk driving (เมาแล้วขับ),Normal Period (ช่วงเวลาปกติ),Level 1: Low Risk (Baseline Zone),No,0,0,1,1,66345.41,54.5,92.9
THA-2023-102782,2024,2,5,9,2024-02-05,South,Songkhla,7.26971,100.65431,Rural Road (ทางหลวงชนบท),Department of Rural Roads (DRR - กรมทางหลวงชนบท),Motorcycle,Drunk driving (เมาแล้วขับ),Normal Period (ช่วงเวลาปกติ),Level 1: Low Risk (Baseline Zone),No,0,0,0,0,68844.79,10.0,42.8
THA-2024-102783,2020,4,15,2,2020-04-15,Central,Chonburi,13.31365,101.00778,Rural Road (ทางหลวงชนบท),Department of Rural Roads (DRR - กรมทางหลวงชนบท),Commercial Truck,Cutting off abruptly (ตัดหน้ากระชั้นชิด),Songkran Festival (เทศกาลสงกรานต์),Level 2: Moderate Risk (Surveillance Zone),Yes,0,1,2,3,2246081.84,23.7,15.9
THA-2025-102784,2020,9,18,0,2020-09-18,Central,Saraburi,14.46839,100.96025,National Highway (ทางหลวงแผ่นดิน),Department of Highways (DOH - กรมทางหลวง),Motorcycle,Drunk driving (เมาแล้วขับ),Normal Period (ช่วงเวลาปกติ),Level 2: Moderate Risk (Surveillance Zone),Yes,0,2,1,3,1764791.92,55.3,71.1
THA-2026-102785,2026,7,4,11,2026-07-04,Bangkok & Vicinity,Nonthaburi,13.81178,100.38758,National Highway (ทางหลวงแผ่นดิน),Department of Highways (DOH - กรมทางหลวง),Public Bus/Van,Speeding (ขับรถเร็วเกินกำหนด),Normal Period (ช่วงเวลาปกติ),Level 2: Moderate Risk (Surveillance Zone),Yes,0,1,1,2,1336492.53,82.6,71.5
THA-2020-102786,2022,2,19,22,2022-02-19,South,Surat Thani,9.03649,99.21575,National Highway (ทางหลวงแผ่นดิน),Department of Highways (DOH - กรมทางหลวง),Private Car,Fatigue / Falling asleep (หลับใน),Normal Period (ช่วงเวลาปกติ),Level 1: Low Risk (Baseline Zone),Yes,0,0,1,1,337164.86,64.8,55.4
THA-2021-102787,2025,8,20,14,2025-08-20,Bangkok & Vicinity,Bangkok,13.70877,100.42554,National Highway (ทางหลวงแผ่นดิน),Department of Highways (DOH - กรมทางหลวง),Public Bus/Van,Speeding (ขับรถเร็วเกินกำหนด),Normal Period (ช่วงเวลาปกติ),Level 1: Low Risk (Baseline Zone),Yes,0,0,1,1,1042740.16,59.6,79.9
THA-2022-102788,2026,11,26,14,2026-11-26,South,Surat Thani,9.13621,99.28622,Rural Road (ทางหลวงชนบท),Department of Rural Roads (DRR - กรมทางหลวงชนบท),Private Car,Cutting off abruptly (ตัดหน้ากระชั้นชิด),Normal Period (ช่วงเวลาปกติ),Level 3: Critical Blackspot (Red Zone),Yes,1,2,1,4,7020191.61,22.7,11.1
THA-2023-102789,2021,7,7,20,2021-07-07,South,Songkhla,7.22206,100.64875,Expressway (ทางพิเศษ),EXAT (การทางพิเศษแห่งประเทศไทย),Motorcycle,Speeding (ขับรถเร็วเกินกำหนด),Normal Period (ช่วงเวลาปกติ),Level 1: Low Risk (Baseline Zone),No,0,0,0,0,45332.27,30.6,91.2
THA-2024-102790,2022,9,26,13,2022-09-26,Central,Chonburi,13.33195,101.09651,Rural Road (ทางหลวงชนบท),Department of Rural Roads (DRR - กรมทางหลวงชนบท),Motorcycle,Cutting off abruptly (ตัดหน้ากระชั้นชิด),Normal Period (ช่วงเวลาปกติ),Level 2: Moderate Risk (Surveillance Zone),Yes,0,2,1,3,1593263.55,52.4,80.5
THA-2025-102791,2024,8,8,6,2024-08-08,South,Songkhla,7.09222,100.70488,Rural Road (ทางหลวงชนบท),Department of Rural Roads (DRR - กรมทางหลวงชนบท),Motorcycle,Drunk driving (เมาแล้วขับ),Normal Period (ช่วงเวลาปกติ),Level 1: Low Risk (Baseline Zone),No,0,0,1,1,96501.76,39.9,64.6
THA-2026-102792,2026,3,17,16,2026-03-17,Northeast,Nakhon Ratchasima,14.99395,102.0623,National Highway (ทางหลวงแผ่นดิน),Department of Highways (DOH - กรมทางหลวง),Motorcycle,Road defect / Slippery surface (ถนนชำรุด/ลื่น),Normal Period (ช่วงเวลาปกติ),Level 1: Low Risk (Baseline Zone),Yes,0,0,0,0,47802.42,45.1,19.9
THA-2020-102793,2026,1,13,23,2026-01-13,Bangkok & Vicinity,Nonthaburi,13.96375,100.56354,National Highway (ทางหลวงแผ่นดิน),Department of Highways (DOH - กรมทางหลวง),Motorcycle,Drunk driving (เมาแล้วขับ),Normal Period (ช่วงเวลาปกติ),Level 3: Critical Blackspot (Red Zone),No,1,0,0,1,3636855.48,48.7,52.6
THA-2021-102794,2023,2,24,18,2023-02-24,North,Phitsanulok,16.7243,100.29866,Urban / City Road (ถนนในเมือง/ท้องถิ่น),Local Administration / BMA (อปท./กทม.),Motorcycle,Cutting off abruptly (ตัดหน้ากระชั้นชิด),Normal Period (ช่วงเวลาปกติ),Level 2: Moderate Risk (Surveillance Zone),Yes,0,2,1,3,970127.73,59.7,35.6
THA-2022-102795,2025,2,21,6,2025-02-21,Northeast,Khon Kaen,16.46487,102.91426,Expressway (ทางพิเศษ),EXAT (การทางพิเศษแห่งประเทศไทย),Public Bus/Van,Road defect / Slippery surface (ถนนชำรุด/ลื่น),Normal Period (ช่วงเวลาปกติ),Level 2: Moderate Risk (Surveillance Zone),Yes,0,1,1,2,1717466.86,67.1,22.1
THA-2023-102796,2021,4,28,2,2021-04-28,Bangkok & Vicinity,Bangkok,13.80898,100.56092,Rural Road (ทางหลวงชนบท),Department of Rural Roads (DRR - กรมทางหลวงชนบท),Motorcycle,Cutting off abruptly (ตัดหน้ากระชั้นชิด),Normal Period (ช่วงเวลาปกติ),Level 2: Moderate Risk (Surveillance Zone),Yes,0,1,1,2,937246.52,30.9,53.6
THA-2024-102797,2026,6,23,2,2026-06-23,Northeast,Khon Kaen,16.39248,102.80473,National Highway (ทางหลวงแผ่นดิน),Department of Highways (DOH - กรมทางหลวง),Private Car,Cutting off abruptly (ตัดหน้ากระชั้นชิด),Normal Period (ช่วงเวลาปกติ),Level 1: Low Risk (Baseline Zone),No,0,0,1,1,242111.56,53.4,10.0
THA-2025-102798,2026,4,11,17,2026-04-11,South,Songkhla,7.15291,100.47042,Urban / City Road (ถนนในเมือง/ท้องถิ่น),Local Administration / BMA (อปท./กทม.),Public Bus/Van,Cutting off abruptly (ตัดหน้ากระชั้นชิด),Songkran Festival (เทศกาลสงกรานต์),Level 1: Low Risk (Baseline Zone),Yes,0,0,1,1,891118.2,55.0,29.8
THA-2026-102799,2021,9,27,19,2021-09-27,Bangkok & Vicinity,Bangkok,13.8721,100.40108,National Highway (ทางหลวงแผ่นดิน),Department of Highways (DOH - กรมทางหลวง),Commercial Truck,Cutting off abruptly (ตัดหน้ากระชั้นชิด),Normal Period (ช่วงเวลาปกติ),Level 1: Low Risk (Baseline Zone),Yes,0,0,1,1,715460.67,69.6,31.7
THA-2020-102800,2022,4,1,21,2022-04-01,Central,Chonburi,13.38528,100.9549,Urban / City Road (ถนนในเมือง/ท้องถิ่น),Local Administration / BMA (อปท./กทม.),Motorcycle,Fatigue / Falling asleep (หลับใน),Normal Period (ช่วงเวลาปกติ),Level 1: Low Risk (Baseline Zone),Yes,0,0,0,0,31889.23,29.3,29.7
THA-2021-102801,2020,6,2,13,2020-06-02,South,Phuket,7.85894,98.45328,Urban / City Road (ถนนในเมือง/ท้องถิ่น),Local Administration / BMA (อปท./กทม.),Motorcycle,Speeding (ขับรถเร็วเกินกำหนด),Normal Period (ช่วงเวลาปกติ),Level 1: Low Risk (Baseline Zone),Yes,0,0,1,1,79090.24,28.8,71.9
THA-2022-102802,2022,6,17,2,2022-06-17,South,Surat Thani,9.06797,99.36259,National Highway (ทางหลวงแผ่นดิน),Department of Highways (DOH - กรมทางหลวง),Motorcycle,Cutting off abruptly (ตัดหน้ากระชั้นชิด),Normal Period (ช่วงเวลาปกติ),Level 2: Moderate Risk (Surveillance Zone),No,0,1,3,4,723503.51,60.0,17.4
THA-2023-102803,2025,10,5,6,2025-10-05,South,Surat Thani,9.18015,99.2517,Expressway (ทางพิเศษ),EXAT (การทางพิเศษแห่งประเทศไทย),Motorcycle,Drunk driving (เมาแล้วขับ),Normal Period (ช่วงเวลาปกติ),Level 1: Low Risk (Baseline Zone),Yes,0,0,1,1,85918.81,40.9,60.5
THA-2024-102804,2022,11,6,6,2022-11-06,Northeast,Nakhon Ratchasima,15.0619,102.22087,Expressway (ทางพิเศษ),EXAT (การทางพิเศษแห่งประเทศไทย),Motorcycle,Road defect / Slippery surface (ถนนชำรุด/ลื่น),Normal Period (ช่วงเวลาปกติ),Level 2: Moderate Risk (Surveillance Zone),Yes,0,1,1,2,1149147.8,25.2,27.6
THA-2025-102805,2020,10,26,4,2020-10-26,South,Songkhla,7.35783,100.59072,Expressway (ทางพิเศษ),EXAT (การทางพิเศษแห่งประเทศไทย),Commercial Truck,Road defect / Slippery surface (ถนนชำรุด/ลื่น),Normal Period (ช่วงเวลาปกติ),Level 2: Moderate Risk (Surveillance Zone),Yes,0,1,3,4,1545868.61,60.1,32.0
THA-2026-102806,2022,1,25,2,2022-01-25,Central,Chonburi,13.3783,101.0074,Rural Road (ทางหลวงชนบท),Department of Rural Roads (DRR - กรมทางหลวงชนบท),Motorcycle,Cutting off abruptly (ตัดหน้ากระชั้นชิด),Normal Period (ช่วงเวลาปกติ),Level 2: Moderate Risk (Surveillance Zone),Yes,0,1,2,3,1127552.15,38.6,30.2
THA-2020-102807,2026,8,24,17,2026-08-24,Bangkok & Vicinity,Bangkok,13.81622,100.65917,National Highway (ทางหลวงแผ่นดิน),Department of Highways (DOH - กรมทางหลวง),Motorcycle,Drunk driving (เมาแล้วขับ),Normal Period (ช่วงเวลาปกติ),Level 2: Moderate Risk (Surveillance Zone),Yes,0,1,3,4,1211051.88,31.3,46.1
THA-2021-102808,2024,12,7,14,2024-12-07,Northeast,Nakhon Ratchasima,15.02371,102.14407,Rural Road (ทางหลวงชนบท),Department of Rural Roads (DRR - กรมทางหลวงชนบท),Public Bus/Van,Cutting off abruptly (ตัดหน้ากระชั้นชิด),Normal Period (ช่วงเวลาปกติ),Level 2: Moderate Risk (Surveillance Zone),Yes,0,1,2,3,1325408.2,36.7,31.6
THA-2022-102809,2023,3,28,19,2023-03-28,Central,Chonburi,13.26258,101.16908,National Highway (ทางหลวงแผ่นดิน),Department of Highways (DOH - กรมทางหลวง),Motorcycle,Cutting off abruptly (ตัดหน้ากระชั้นชิด),Normal Period (ช่วงเวลาปกติ),Level 1: Low Risk (Baseline Zone),Yes,0,0,0,0,35191.75,75.3,37.8
THA-2023-102810,2021,6,21,13,2021-06-21,Bangkok & Vicinity,Nonthaburi,13.81932,100.27403,National Highway (ทางหลวงแผ่นดิน),Department of Highways (DOH - กรมทางหลวง),Motorcycle,Road defect / Slippery surface (ถนนชำรุด/ลื่น),Normal Period (ช่วงเวลาปกติ),Level 3: Critical Blackspot (Red Zone),No,1,2,0,3,6704486.29,53.9,25.4
THA-2024-102811,2026,3,15,3,2026-03-15,Northeast,Khon Kaen,16.22739,102.85286,National Highway (ทางหลวงแผ่นดิน),Department of Highways (DOH - กรมทางหลวง),Private Car,Road defect / Slippery surface (ถนนชำรุด/ลื่น),Normal Period (ช่วงเวลาปกติ),Level 2: Moderate Risk (Surveillance Zone),No,0,1,1,2,1205775.39,71.4,50.5
THA-2025-102812,2025,11,19,23,2025-11-19,Northeast,Ubon Ratchathani,15.13022,104.85214,Rural Road (ทางหลวงชนบท),Department of Rural Roads (DRR - กรมทางหลวงชนบท),Motorcycle,Road defect / Slippery surface (ถนนชำรุด/ลื่น),Normal Period (ช่วงเวลาปกติ),Level 2: Moderate Risk (Surveillance Zone),Yes,0,2,2,4,2564482.41,31.1,28.3
THA-2026-102813,2022,2,16,7,2022-02-16,Bangkok & Vicinity,Bangkok,13.62177,100.52925,National Highway (ทางหลวงแผ่นดิน),Department of Highways (DOH - กรมทางหลวง),Private Car,Speeding (ขับรถเร็วเกินกำหนด),Normal Period (ช่วงเวลาปกติ),Level 1: Low Risk (Baseline Zone),Yes,0,0,1,1,449352.82,84.4,63.3
THA-2020-102814,2020,5,25,20,2020-05-25,Northeast,Nakhon Ratchasima,15.03068,102.11363,National Highway (ทางหลวงแผ่นดิน),Department of Highways (DOH - กรมทางหลวง),Motorcycle,Fatigue / Falling asleep (หลับใน),Normal Period (ช่วงเวลาปกติ),Level 3: Critical Blackspot (Red Zone),Yes,1,1,0,2,5573386.28,70.2,15.4
THA-2021-102815,2020,1,13,12,2020-01-13,Central,Chonburi,13.29843,101.06377,National Highway (ทางหลวงแผ่นดิน),Department of Highways (DOH - กรมทางหลวง),Commercial Truck,Road defect / Slippery surface (ถนนชำรุด/ลื่น),Normal Period (ช่วงเวลาปกติ),Level 3: Critical Blackspot (Red Zone),Yes,3,0,0,3,17259338.18,53.3,23.8
THA-2022-102816,2021,9,5,21,2021-09-05,Northeast,Nakhon Ratchasima,14.94396,102.08085,Urban / City Road (ถนนในเมือง/ท้องถิ่น),Local Administration / BMA (อปท./กทม.),Motorcycle,Speeding (ขับรถเร็วเกินกำหนด),Normal Period (ช่วงเวลาปกติ),Level 3: Critical Blackspot (Red Zone),Yes,1,1,1,3,4987504.28,39.7,78.1
THA-2023-102817,2024,11,3,7,2024-11-03,Bangkok & Vicinity,Bangkok,13.71043,100.47769,Rural Road (ทางหลวงชนบท),Department of Rural Roads (DRR - กรมทางหลวงชนบท),Motorcycle,Cutting off abruptly (ตัดหน้ากระชั้นชิด),Normal Period (ช่วงเวลาปกติ),Level 1: Low Risk (Baseline Zone),No,0,0,0,0,88898.07,12.0,21.6
THA-2024-102818,2026,7,3,14,2026-07-03,Bangkok & Vicinity,Bangkok,13.92471,100.50135,National Highway (ทางหลวงแผ่นดิน),Department of Highways (DOH - กรมทางหลวง),Private Car,Fatigue / Falling asleep (หลับใน),Normal Period (ช่วงเวลาปกติ),Level 1: Low Risk (Baseline Zone),Yes,0,0,0,0,413860.72,60.6,10.0
THA-2025-102819,2023,3,19,16,2023-03-19,North,Chiang Mai,18.67403,98.89897,Expressway (ทางพิเศษ),EXAT (การทางพิเศษแห่งประเทศไทย),Motorcycle,Cutting off abruptly (ตัดหน้ากระชั้นชิด),Normal Period (ช่วงเวลาปกติ),Level 2: Moderate Risk (Surveillance Zone),Yes,0,1,3,4,976313.27,43.3,36.4
THA-2026-102820,2025,4,14,4,2025-04-14,South,Phuket,7.85554,98.32078,National Highway (ทางหลวงแผ่นดิน),Department of Highways (DOH - กรมทางหลวง),Motorcycle,Running red light / Signal violation (ฝ่าฝืนสัญญาณไฟ),Songkran Festival (เทศกาลสงกรานต์),Level 2: Moderate Risk (Surveillance Zone),No,0,1,2,3,868937.57,41.9,25.4
THA-2020-102821,2023,6,16,19,2023-06-16,Bangkok & Vicinity,Nonthaburi,13.94757,100.38588,Rural Road (ทางหลวงชนบท),Department of Rural Roads (DRR - กรมทางหลวงชนบท),Motorcycle,Cutting off abruptly (ตัดหน้ากระชั้นชิด),Normal Period (ช่วงเวลาปกติ),Level 3: Critical Blackspot (Red Zone),Yes,1,2,1,4,6483754.57,12.1,47.4
THA-2021-102822,2024,3,22,3,2024-03-22,Northeast,Khon Kaen,16.42148,102.91456,Urban / City Road (ถนนในเมือง/ท้องถิ่น),Local Administration / BMA (อปท./กทม.),Motorcycle,Drunk driving (เมาแล้วขับ),Normal Period (ช่วงเวลาปกติ),Level 1: Low Risk (Baseline Zone),No,0,0,0,0,58102.98,37.0,63.2
THA-2022-102823,2025,12,17,10,2025-12-17,Bangkok & Vicinity,Nonthaburi,13.80539,100.55292,Urban / City Road (ถนนในเมือง/ท้องถิ่น),Local Administration / BMA (อปท./กทม.),Motorcycle,Fatigue / Falling asleep (หลับใน),Normal Period (ช่วงเวลาปกติ),Level 2: Moderate Risk (Surveillance Zone),No,0,2,2,4,2561945.28,14.4,45.1
THA-2023-102824,2021,7,27,17,2021-07-27,North,Chiang Mai,18.78467,98.98246,National Highway (ทางหลวงแผ่นดิน),Department of Highways (DOH - กรมทางหลวง),Private Car,Cutting off abruptly (ตัดหน้ากระชั้นชิด),Normal Period (ช่วงเวลาปกติ),Level 1: Low Risk (Baseline Zone),Yes,0,0,0,0,371743.8,48.0,29.1
THA-2024-102825,2022,6,4,9,2022-06-04,Central,Saraburi,14.57497,100.7435,Urban / City Road (ถนนในเมือง/ท้องถิ่น),Local Administration / BMA (อปท./กทม.),Private Car,Fatigue / Falling asleep (หลับใน),Normal Period (ช่วงเวลาปกติ),Level 1: Low Risk (Baseline Zone),Yes,0,0,1,1,407862.4,14.9,34.8
THA-2025-102826,2024,9,13,16,2024-09-13,Central,Chonburi,13.4694,100.81397,Urban / City Road (ถนนในเมือง/ท้องถิ่น),Local Administration / BMA (อปท./กทม.),Private Car,Cutting off abruptly (ตัดหน้ากระชั้นชิด),Normal Period (ช่วงเวลาปกติ),Level 1: Low Risk (Baseline Zone),Yes,0,0,0,0,370336.4,24.2,64.8
THA-2026-102827,2020,12,8,14,2020-12-08,Bangkok & Vicinity,Bangkok,13.85853,100.54086,Rural Road (ทางหลวงชนบท),Department of Rural Roads (DRR - กรมทางหลวงชนบท),Motorcycle,Cutting off abruptly (ตัดหน้ากระชั้นชิด),Normal Period (ช่วงเวลาปกติ),Level 2: Moderate Risk (Surveillance Zone),No,0,1,3,4,610644.18,60.5,10.0
THA-2020-102828,2022,5,19,5,2022-05-19,North,Chiang Rai,19.95308,99.98591,Rural Road (ทางหลวงชนบท),Department of Rural Roads (DRR - กรมทางหลวงชนบท),Motorcycle,Speeding (ขับรถเร็วเกินกำหนด),Normal Period (ช่วงเวลาปกติ),Level 1: Low Risk (Baseline Zone),Yes,0,0,1,1,97047.93,23.1,53.2
THA-2021-102829,2023,4,5,22,2023-04-05,Bangkok & Vicinity,Bangkok,13.86281,100.57508,National Highway (ทางหลวงแผ่นดิน),Department of Highways (DOH - กรมทางหลวง),Private Car,Cutting off abruptly (ตัดหน้ากระชั้นชิด),Normal Period (ช่วงเวลาปกติ),Level 2: Moderate Risk (Surveillance Zone),Yes,0,1,1,2,825977.23,53.0,47.5
THA-2022-102830,2026,3,2,20,2026-03-02,Northeast,Nakhon Ratchasima,14.95339,102.06534,Rural Road (ทางหลวงชนบท),Department of Rural Roads (DRR - กรมทางหลวงชนบท),Commercial Truck,Drunk driving (เมาแล้วขับ),Normal Period (ช่วงเวลาปกติ),Level 3: Critical Blackspot (Red Zone),Yes,1,1,0,2,7446055.52,46.1,93.8
THA-2023-102831,2023,10,15,15,2023-10-15,Northeast,Ubon Ratchathani,15.32053,104.88806,National Highway (ทางหลวงแผ่นดิน),Department of Highways (DOH - กรมทางหลวง),Motorcycle,Road defect / Slippery surface (ถนนชำรุด/ลื่น),Normal Period (ช่วงเวลาปกติ),Level 2: Moderate Risk (Surveillance Zone),Yes,0,1,1,2,1175883.42,74.2,33.1
THA-2024-102832,2025,1,2,14,2025-01-02,Bangkok & Vicinity,Bangkok,13.78341,100.49667,Urban / City Road (ถนนในเมือง/ท้องถิ่น),Local Administration / BMA (อปท./กทม.),Motorcycle,Speeding (ขับรถเร็วเกินกำหนด),New Year Festival (เทศกาลปีใหม่),Level 3: Critical Blackspot (Red Zone),No,1,1,1,3,6509757.51,54.7,50.3
THA-2025-102833,2023,3,11,7,2023-03-11,North,Chiang Mai,18.7516,98.8602,National Highway (ทางหลวงแผ่นดิน),Department of Highways (DOH - กรมทางหลวง),Motorcycle,Speeding (ขับรถเร็วเกินกำหนด),Normal Period (ช่วงเวลาปกติ),Level 2: Moderate Risk (Surveillance Zone),Yes,0,1,2,3,961991.26,64.2,61.7
THA-2026-102834,2025,3,13,8,2025-03-13,North,Chiang Rai,19.96842,99.82425,Rural Road (ทางหลวงชนบท),Department of Rural Roads (DRR - กรมทางหลวงชนบท),Motorcycle,Speeding (ขับรถเร็วเกินกำหนด),Normal Period (ช่วงเวลาปกติ),Level 2: Moderate Risk (Surveillance Zone),Yes,0,1,1,2,840165.29,25.5,97.6
THA-2020-102835,2024,7,23,10,2024-07-23,South,Phuket,7.8582,98.22917,National Highway (ทางหลวงแผ่นดิน),Department of Highways (DOH - กรมทางหลวง),Private Car,Drunk driving (เมาแล้วขับ),Normal Period (ช่วงเวลาปกติ),Level 2: Moderate Risk (Surveillance Zone),Yes,0,2,1,3,1414408.08,43.4,58.8
THA-2021-102836,2026,7,10,1,2026-07-10,South,Songkhla,7.18394,100.4916,National Highway (ทางหลวงแผ่นดิน),Department of Highways (DOH - กรมทางหลวง),Motorcycle,Running red light / Signal violation (ฝ่าฝืนสัญญาณไฟ),Normal Period (ช่วงเวลาปกติ),Level 2: Moderate Risk (Surveillance Zone),Yes,0,1,1,2,800445.06,36.0,31.7
THA-2022-102837,2023,12,3,12,2023-12-03,Bangkok & Vicinity,Bangkok,13.71718,100.57314,National Highway (ทางหลวงแผ่นดิน),Department of Highways (DOH - กรมทางหลวง),Private Car,Drunk driving (เมาแล้วขับ),Normal Period (ช่วงเวลาปกติ),Level 1: Low Risk (Baseline Zone),No,0,0,0,0,243068.19,63.4,77.2
THA-2023-102838,2024,1,5,3,2024-01-05,Central,Chonburi,13.36679,100.97522,National Highway (ทางหลวงแผ่นดิน),Department of Highways (DOH - กรมทางหลวง),Motorcycle,Drunk driving (เมาแล้วขับ),Normal Period (ช่วงเวลาปกติ),Level 3: Critical Blackspot (Red Zone),Yes,1,0,1,2,4499579.46,47.8,70.5
THA-2024-102839,2024,3,3,8,2024-03-03,North,Chiang Mai,18.7229,98.93602,Rural Road (ทางหลวงชนบท),Department of Rural Roads (DRR - กรมทางหลวงชนบท),Motorcycle,Cutting off abruptly (ตัดหน้ากระชั้นชิด),Normal Period (ช่วงเวลาปกติ),Level 1: Low Risk (Baseline Zone),Yes,0,0,1,1,69340.06,48.5,53.1
THA-2025-102840,2023,8,6,4,2023-08-06,North,Chiang Rai,20.05318,99.91078,Urban / City Road (ถนนในเมือง/ท้องถิ่น),Local Administration / BMA (อปท./กทม.),Commercial Truck,Speeding (ขับรถเร็วเกินกำหนด),Normal Period (ช่วงเวลาปกติ),Level 1: Low Risk (Baseline Zone),Yes,0,0,0,0,1136096.99,47.9,69.6
THA-2026-102841,2021,9,13,18,2021-09-13,Central,Chonburi,13.31951,100.9752,Rural Road (ทางหลวงชนบท),Department of Rural Roads (DRR - กรมทางหลวงชนบท),Motorcycle,Drunk driving (เมาแล้วขับ),Normal Period (ช่วงเวลาปกติ),Level 2: Moderate Risk (Surveillance Zone),No,0,1,1,2,1292826.79,41.0,49.3
THA-2020-102842,2020,7,10,21,2020-07-10,South,Phuket,7.90266,98.43173,Rural Road (ทางหลวงชนบท),Department of Rural Roads (DRR - กรมทางหลวงชนบท),Motorcycle,Drunk driving (เมาแล้วขับ),Normal Period (ช่วงเวลาปกติ),Level 3: Critical Blackspot (Red Zone),No,1,1,0,2,5733248.84,42.3,84.8
THA-2021-102843,2020,7,19,2,2020-07-19,South,Surat Thani,9.13601,99.16217,Rural Road (ทางหลวงชนบท),Department of Rural Roads (DRR - กรมทางหลวงชนบท),Public Bus/Van,Drunk driving (เมาแล้วขับ),Normal Period (ช่วงเวลาปกติ),Level 2: Moderate Risk (Surveillance Zone),No,0,2,1,3,3502225.53,18.8,81.9
THA-2022-102844,2026,12,8,20,2026-12-08,Northeast,Nakhon Ratchasima,14.97707,102.08948,National Highway (ทางหลวงแผ่นดิน),Department of Highways (DOH - กรมทางหลวง),Commercial Truck,Road defect / Slippery surface (ถนนชำรุด/ลื่น),Normal Period (ช่วงเวลาปกติ),Level 1: Low Risk (Baseline Zone),No,0,0,0,0,1197550.25,63.5,42.0
THA-2023-102845,2021,11,18,2,2021-11-18,North,Chiang Mai,18.97346,99.22756,National Highway (ทางหลวงแผ่นดิน),Department of Highways (DOH - กรมทางหลวง),Private Car,Fatigue / Falling asleep (หลับใน),Normal Period (ช่วงเวลาปกติ),Level 3: Critical Blackspot (Red Zone),Yes,1,2,1,4,5635199.93,66.0,34.4
THA-2024-102846,2021,8,3,5,2021-08-03,Central,Chonburi,13.41889,100.92376,National Highway (ทางหลวงแผ่นดิน),Department of Highways (DOH - กรมทางหลวง),Motorcycle,Fatigue / Falling asleep (หลับใน),Normal Period (ช่วงเวลาปกติ),Level 2: Moderate Risk (Surveillance Zone),No,0,1,2,3,864897.06,57.5,26.2
THA-2025-102847,2025,6,24,9,2025-06-24,Bangkok & Vicinity,Nonthaburi,13.92321,100.36054,Rural Road (ทางหลวงชนบท),Department of Rural Roads (DRR - กรมทางหลวงชนบท),Motorcycle,Road defect / Slippery surface (ถนนชำรุด/ลื่น),Normal Period (ช่วงเวลาปกติ),Level 3: Critical Blackspot (Red Zone),Yes,1,2,1,4,5638598.46,14.6,42.9
THA-2026-102848,2022,11,24,4,2022-11-24,Northeast,Nakhon Ratchasima,14.93196,101.95143,National Highway (ทางหลวงแผ่นดิน),Department of Highways (DOH - กรมทางหลวง),Public Bus/Van,Running red light / Signal violation (ฝ่าฝืนสัญญาณไฟ),Normal Period (ช่วงเวลาปกติ),Level 2: Moderate Risk (Surveillance Zone),Yes,0,1,1,2,1468637.14,36.6,50.7
THA-2020-102849,2023,3,17,2,2023-03-17,North,Chiang Mai,18.83785,98.87634,National Highway (ทางหลวงแผ่นดิน),Department of Highways (DOH - กรมทางหลวง),Motorcycle,Cutting off abruptly (ตัดหน้ากระชั้นชิด),Normal Period (ช่วงเวลาปกติ),Level 1: Low Risk (Baseline Zone),No,0,0,0,0,41085.6,46.8,46.9
THA-2021-102850,2021,1,8,21,2021-01-08,Northeast,Ubon Ratchathani,15.21897,104.84333,Rural Road (ทางหลวงชนบท),Department of Rural Roads (DRR - กรมทางหลวงชนบท),Commercial Truck,Speeding (ขับรถเร็วเกินกำหนด),Normal Period (ช่วงเวลาปกติ),Level 2: Moderate Risk (Surveillance Zone),Yes,0,1,2,3,1806290.03,24.9,77.6
THA-2022-102851,2026,7,10,23,2026-07-10,Bangkok & Vicinity,Nonthaburi,13.8595,100.47084,Expressway (ทางพิเศษ),EXAT (การทางพิเศษแห่งประเทศไทย),Motorcycle,Cutting off abruptly (ตัดหน้ากระชั้นชิด),Normal Period (ช่วงเวลาปกติ),Level 1: Low Risk (Baseline Zone),Yes,0,0,0,0,31037.87,10.0,12.1
THA-2023-102852,2025,1,2,6,2025-01-02,Bangkok & Vicinity,Bangkok,13.7866,100.38892,Rural Road (ทางหลวงชนบท),Department of Rural Roads (DRR - กรมทางหลวงชนบท),Motorcycle,Fatigue / Falling asleep (หลับใน),New Year Festival (เทศกาลปีใหม่),Level 2: Moderate Risk (Surveillance Zone),No,0,2,1,3,1230240.04,33.1,32.6
THA-2024-102853,2025,1,12,21,2025-01-12,South,Phuket,8.03694,98.29923,Urban / City Road (ถนนในเมือง/ท้องถิ่น),Local Administration / BMA (อปท./กทม.),Public Bus/Van,Speeding (ขับรถเร็วเกินกำหนด),Normal Period (ช่วงเวลาปกติ),Level 2: Moderate Risk (Surveillance Zone),Yes,0,2,2,4,2245923.38,65.4,67.6
THA-2025-102854,2023,9,23,17,2023-09-23,Bangkok & Vicinity,Bangkok,13.75987,100.55805,Rural Road (ทางหลวงชนบท),Department of Rural Roads (DRR - กรมทางหลวงชนบท),Motorcycle,Speeding (ขับรถเร็วเกินกำหนด),Normal Period (ช่วงเวลาปกติ),Level 2: Moderate Risk (Surveillance Zone),Yes,0,1,2,3,935432.81,32.8,71.0
THA-2026-102855,2025,10,6,22,2025-10-06,Northeast,Nakhon Ratchasima,15.04134,102.16758,Rural Road (ทางหลวงชนบท),Department of Rural Roads (DRR - กรมทางหลวงชนบท),Motorcycle,Speeding (ขับรถเร็วเกินกำหนด),Normal Period (ช่วงเวลาปกติ),Level 1: Low Risk (Baseline Zone),No,0,0,0,0,42041.81,38.9,51.4
THA-2020-102856,2021,7,2,7,2021-07-02,Bangkok & Vicinity,Nonthaburi,13.71875,100.43083,Rural Road (ทางหลวงชนบท),Department of Rural Roads (DRR - กรมทางหลวงชนบท),Motorcycle,Drunk driving (เมาแล้วขับ),Normal Period (ช่วงเวลาปกติ),Level 3: Critical Blackspot (Red Zone),No,1,2,1,4,5690258.61,36.7,61.6
THA-2021-102857,2020,11,21,0,2020-11-21,Bangkok & Vicinity,Bangkok,13.76853,100.5451,Urban / City Road (ถนนในเมือง/ท้องถิ่น),Local Administration / BMA (อปท./กทม.),Motorcycle,Cutting off abruptly (ตัดหน้ากระชั้นชิด),Normal Period (ช่วงเวลาปกติ),Level 1: Low Risk (Baseline Zone),Yes,0,0,1,1,87211.57,39.3,49.0
THA-2022-102858,2020,4,23,3,2020-04-23,Bangkok & Vicinity,Bangkok,13.86944,100.45554,National Highway (ทางหลวงแผ่นดิน),Department of Highways (DOH - กรมทางหลวง),Motorcycle,Speeding (ขับรถเร็วเกินกำหนด),Normal Period (ช่วงเวลาปกติ),Level 3: Critical Blackspot (Red Zone),No,1,2,0,3,7309777.46,33.2,57.2
THA-2023-102859,2024,6,24,23,2024-06-24,Bangkok & Vicinity,Bangkok,13.67485,100.45259,National Highway (ทางหลวงแผ่นดิน),Department of Highways (DOH - กรมทางหลวง),Motorcycle,Speeding (ขับรถเร็วเกินกำหนด),Normal Period (ช่วงเวลาปกติ),Level 3: Critical Blackspot (Red Zone),Yes,2,2,0,4,12988585.66,76.5,60.3
THA-2024-102860,2023,1,3,6,2023-01-03,Central,Saraburi,14.73225,101.04584,National Highway (ทางหลวงแผ่นดิน),Department of Highways (DOH - กรมทางหลวง),Motorcycle,Drunk driving (เมาแล้วขับ),New Year Festival (เทศกาลปีใหม่),Level 3: Critical Blackspot (Red Zone),No,1,0,0,1,4334174.38,71.7,66.1
THA-2025-102861,2023,7,17,13,2023-07-17,North,Chiang Mai,18.77305,99.10093,National Highway (ทางหลวงแผ่นดิน),Department of Highways (DOH - กรมทางหลวง),Private Car,Speeding (ขับรถเร็วเกินกำหนด),Normal Period (ช่วงเวลาปกติ),Level 2: Moderate Risk (Surveillance Zone),Yes,0,2,2,4,2137858.34,44.4,56.7
THA-2026-102862,2020,12,7,12,2020-12-07,South,Surat Thani,9.08668,99.40741,Urban / City Road (ถนนในเมือง/ท้องถิ่น),Local Administration / BMA (อปท./กทม.),Motorcycle,Speeding (ขับรถเร็วเกินกำหนด),Normal Period (ช่วงเวลาปกติ),Level 1: Low Risk (Baseline Zone),Yes,0,0,1,1,73479.81,42.4,66.0
THA-2020-102863,2023,6,21,9,2023-06-21,Northeast,Khon Kaen,16.3081,102.85568,National Highway (ทางหลวงแผ่นดิน),Department of Highways (DOH - กรมทางหลวง),Public Bus/Van,Drunk driving (เมาแล้วขับ),Normal Period (ช่วงเวลาปกติ),Level 2: Moderate Risk (Surveillance Zone),Yes,0,2,3,5,1590549.79,55.5,17.5
THA-2021-102864,2024,4,5,22,2024-04-05,North,Phitsanulok,16.91285,100.2365,National Highway (ทางหลวงแผ่นดิน),Department of Highways (DOH - กรมทางหลวง),Motorcycle,Cutting off abruptly (ตัดหน้ากระชั้นชิด),Normal Period (ช่วงเวลาปกติ),Level 1: Low Risk (Baseline Zone),Yes,0,0,1,1,77977.5,25.0,44.0
THA-2022-102865,2023,7,23,17,2023-07-23,Northeast,Khon Kaen,16.48741,102.77306,Urban / City Road (ถนนในเมือง/ท้องถิ่น),Local Administration / BMA (อปท./กทม.),Private Car,Speeding (ขับรถเร็วเกินกำหนด),Normal Period (ช่วงเวลาปกติ),Level 2: Moderate Risk (Surveillance Zone),Yes,0,1,2,3,1353577.96,63.8,77.2
THA-2023-102866,2025,3,1,0,2025-03-01,Northeast,Nakhon Ratchasima,15.00722,102.05446,Rural Road (ทางหลวงชนบท),Department of Rural Roads (DRR - กรมทางหลวงชนบท),Motorcycle,Drunk driving (เมาแล้วขับ),Normal Period (ช่วงเวลาปกติ),Level 3: Critical Blackspot (Red Zone),No,3,1,0,4,17519041.6,22.2,56.6
THA-2024-102867,2021,1,8,3,2021-01-08,Central,Chonburi,13.43482,100.87091,Rural Road (ทางหลวงชนบท),Department of Rural Roads (DRR - กรมทางหลวงชนบท),Private Car,Speeding (ขับรถเร็วเกินกำหนด),Normal Period (ช่วงเวลาปกติ),Level 1: Low Risk (Baseline Zone),No,0,0,1,1,355389.11,23.2,57.6
THA-2025-102868,2025,4,12,15,2025-04-12,North,Chiang Mai,18.69693,99.10281,Urban / City Road (ถนนในเมือง/ท้องถิ่น),Local Administration / BMA (อปท./กทม.),Public Bus/Van,Fatigue / Falling asleep (หลับใน),Songkran Festival (เทศกาลสงกรานต์),Level 1: Low Risk (Baseline Zone),Yes,0,0,1,1,500072.57,56.7,38.8
THA-2026-102869,2024,3,14,15,2024-03-14,North,Chiang Mai,18.56695,98.92761,Rural Road (ทางหลวงชนบท),Department of Rural Roads (DRR - กรมทางหลวงชนบท),Commercial Truck,Speeding (ขับรถเร็วเกินกำหนด),Normal Period (ช่วงเวลาปกติ),Level 2: Moderate Risk (Surveillance Zone),Yes,0,1,1,2,2161304.45,59.3,93.8
THA-2020-102870,2021,1,16,17,2021-01-16,South,Phuket,7.86761,98.42407,Rural Road (ทางหลวงชนบท),Department of Rural Roads (DRR - กรมทางหลวงชนบท),Private Car,Speeding (ขับรถเร็วเกินกำหนด),Normal Period (ช่วงเวลาปกติ),Level 1: Low Risk (Baseline Zone),Yes,0,0,0,0,137233.78,33.3,51.5
THA-2021-102871,2021,2,10,7,2021-02-10,South,Surat Thani,9.0952,99.22018,National Highway (ทางหลวงแผ่นดิน),Department of Highways (DOH - กรมทางหลวง),Motorcycle,Fatigue / Falling asleep (หลับใน),Normal Period (ช่วงเวลาปกติ),Level 2: Moderate Risk (Surveillance Zone),Yes,0,1,3,4,1414802.65,27.6,26.2
THA-2022-102872,2024,11,15,9,2024-11-15,South,Phuket,7.99077,98.48709,National Highway (ทางหลวงแผ่นดิน),Department of Highways (DOH - กรมทางหลวง),Commercial Truck,Drunk driving (เมาแล้วขับ),Normal Period (ช่วงเวลาปกติ),Level 2: Moderate Risk (Surveillance Zone),Yes,0,1,1,2,1069728.15,27.5,88.6
THA-2023-102873,2025,5,21,15,2025-05-21,North,Chiang Rai,19.87636,99.67944,National Highway (ทางหลวงแผ่นดิน),Department of Highways (DOH - กรมทางหลวง),Public Bus/Van,Speeding (ขับรถเร็วเกินกำหนด),Normal Period (ช่วงเวลาปกติ),Level 2: Moderate Risk (Surveillance Zone),No,0,1,1,2,1180988.04,51.1,67.1
THA-2024-102874,2023,8,24,22,2023-08-24,Central,Chonburi,13.38866,101.00106,Rural Road (ทางหลวงชนบท),Department of Rural Roads (DRR - กรมทางหลวงชนบท),Public Bus/Van,Speeding (ขับรถเร็วเกินกำหนด),Normal Period (ช่วงเวลาปกติ),Level 2: Moderate Risk (Surveillance Zone),Yes,0,1,1,2,1286176.46,10.0,44.6
THA-2025-102875,2022,1,26,23,2022-01-26,Northeast,Nakhon Ratchasima,14.91986,101.92184,Expressway (ทางพิเศษ),EXAT (การทางพิเศษแห่งประเทศไทย),Motorcycle,Fatigue / Falling asleep (หลับใน),Normal Period (ช่วงเวลาปกติ),Level 1: Low Risk (Baseline Zone),No,0,0,1,1,102734.18,24.2,33.4
THA-2026-102876,2025,4,15,10,2025-04-15,Northeast,Nakhon Ratchasima,14.95546,102.16679,Expressway (ทางพิเศษ),EXAT (การทางพิเศษแห่งประเทศไทย),Public Bus/Van,Fatigue / Falling asleep (หลับใน),Songkran Festival (เทศกาลสงกรานต์),Level 1: Low Risk (Baseline Zone),No,0,0,1,1,1010714.73,59.2,17.8
THA-2020-102877,2024,4,10,5,2024-04-10,Bangkok & Vicinity,Bangkok,13.83885,100.49782,Urban / City Road (ถนนในเมือง/ท้องถิ่น),Local Administration / BMA (อปท./กทม.),Motorcycle,Speeding (ขับรถเร็วเกินกำหนด),Songkran Festival (เทศกาลสงกรานต์),Level 2: Moderate Risk (Surveillance Zone),Yes,0,1,1,2,736498.86,52.8,39.0
THA-2021-102878,2023,5,21,0,2023-05-21,Northeast,Khon Kaen,16.37609,102.8897,National Highway (ทางหลวงแผ่นดิน),Department of Highways (DOH - กรมทางหลวง),Motorcycle,Drunk driving (เมาแล้วขับ),Normal Period (ช่วงเวลาปกติ),Level 3: Critical Blackspot (Red Zone),No,1,0,1,2,3763219.18,43.4,85.6
THA-2022-102879,2023,7,28,11,2023-07-28,Bangkok & Vicinity,Bangkok,13.65397,100.37987,Expressway (ทางพิเศษ),EXAT (การทางพิเศษแห่งประเทศไทย),Motorcycle,Speeding (ขับรถเร็วเกินกำหนด),Normal Period (ช่วงเวลาปกติ),Level 2: Moderate Risk (Surveillance Zone),No,0,1,2,3,850992.44,73.2,48.2
THA-2023-102880,2021,12,7,5,2021-12-07,North,Chiang Mai,18.78034,99.12448,Rural Road (ทางหลวงชนบท),Department of Rural Roads (DRR - กรมทางหลวงชนบท),Motorcycle,Cutting off abruptly (ตัดหน้ากระชั้นชิด),Normal Period (ช่วงเวลาปกติ),Level 1: Low Risk (Baseline Zone),No,0,0,1,1,71898.68,56.7,50.0
THA-2024-102881,2024,8,26,12,2024-08-26,Central,Saraburi,14.67146,100.7922,National Highway (ทางหลวงแผ่นดิน),Department of Highways (DOH - กรมทางหลวง),Private Car,Speeding (ขับรถเร็วเกินกำหนด),Normal Period (ช่วงเวลาปกติ),Level 1: Low Risk (Baseline Zone),Yes,0,0,1,1,249696.67,63.7,56.5
THA-2025-102882,2022,6,3,16,2022-06-03,Bangkok & Vicinity,Bangkok,13.71695,100.72085,Rural Road (ทางหลวงชนบท),Department of Rural Roads (DRR - กรมทางหลวงชนบท),Commercial Truck,Cutting off abruptly (ตัดหน้ากระชั้นชิด),Normal Period (ช่วงเวลาปกติ),Level 3: Critical Blackspot (Red Zone),Yes,1,2,0,3,8581583.85,24.1,52.2
THA-2026-102883,2026,1,2,0,2026-01-02,Bangkok & Vicinity,Bangkok,13.69434,100.64758,National Highway (ทางหลวงแผ่นดิน),Department of Highways (DOH - กรมทางหลวง),Private Car,Speeding (ขับรถเร็วเกินกำหนด),New Year Festival (เทศกาลปีใหม่),Level 2: Moderate Risk (Surveillance Zone),No,0,1,1,2,1489758.97,31.5,37.4
THA-2020-102884,2023,7,6,7,2023-07-06,Bangkok & Vicinity,Bangkok,13.84414,100.60898,National Highway (ทางหลวงแผ่นดิน),Department of Highways (DOH - กรมทางหลวง),Private Car,Cutting off abruptly (ตัดหน้ากระชั้นชิด),Normal Period (ช่วงเวลาปกติ),Level 1: Low Risk (Baseline Zone),Yes,0,0,0,0,391333.12,47.2,54.3
THA-2021-102885,2023,3,21,21,2023-03-21,South,Surat Thani,9.09807,99.28404,Urban / City Road (ถนนในเมือง/ท้องถิ่น),Local Administration / BMA (อปท./กทม.),Motorcycle,Cutting off abruptly (ตัดหน้ากระชั้นชิด),Normal Period (ช่วงเวลาปกติ),Level 1: Low Risk (Baseline Zone),Yes,0,0,0,0,45598.19,63.3,41.4
THA-2022-102886,2024,6,9,7,2024-06-09,Northeast,Nakhon Ratchasima,14.89794,102.16969,Rural Road (ทางหลวงชนบท),Department of Rural Roads (DRR - กรมทางหลวงชนบท),Private Car,Cutting off abruptly (ตัดหน้ากระชั้นชิด),Normal Period (ช่วงเวลาปกติ),Level 2: Moderate Risk (Surveillance Zone),Yes,0,2,1,3,1396351.44,42.0,17.6
THA-2023-102887,2026,8,10,23,2026-08-10,North,Chiang Rai,19.76321,99.82589,National Highway (ทางหลวงแผ่นดิน),Department of Highways (DOH - กรมทางหลวง),Motorcycle,Speeding (ขับรถเร็วเกินกำหนด),Normal Period (ช่วงเวลาปกติ),Level 2: Moderate Risk (Surveillance Zone),Yes,0,1,2,3,519863.63,54.7,62.9
THA-2024-102888,2025,7,4,10,2025-07-04,Central,Ayutthaya,14.5003,100.62191,Rural Road (ทางหลวงชนบท),Department of Rural Roads (DRR - กรมทางหลวงชนบท),Commercial Truck,Speeding (ขับรถเร็วเกินกำหนด),Normal Period (ช่วงเวลาปกติ),Level 1: Low Risk (Baseline Zone),Yes,0,0,0,0,841055.38,47.0,47.2
THA-2025-102889,2023,10,27,13,2023-10-27,Central,Ayutthaya,14.44344,100.42044,Urban / City Road (ถนนในเมือง/ท้องถิ่น),Local Administration / BMA (อปท./กทม.),Private Car,Drunk driving (เมาแล้วขับ),Normal Period (ช่วงเวลาปกติ),Level 1: Low Risk (Baseline Zone),No,0,0,1,1,384627.94,50.9,47.5
THA-2026-102890,2024,6,3,23,2024-06-03,North,Chiang Mai,18.69883,99.09187,Rural Road (ทางหลวงชนบท),Department of Rural Roads (DRR - กรมทางหลวงชนบท),Private Car,Speeding (ขับรถเร็วเกินกำหนด),Normal Period (ช่วงเวลาปกติ),Level 2: Moderate Risk (Surveillance Zone),Yes,0,2,1,3,1960149.86,47.5,62.7
THA-2020-102891,2024,9,9,9,2024-09-09,Northeast,Ubon Ratchathani,15.25612,104.75373,National Highway (ทางหลวงแผ่นดิน),Department of Highways (DOH - กรมทางหลวง),Motorcycle,Drunk driving (เมาแล้วขับ),Normal Period (ช่วงเวลาปกติ),Level 2: Moderate Risk (Surveillance Zone),No,0,1,3,4,691820.23,59.0,62.2
THA-2021-102892,2023,9,24,14,2023-09-24,Central,Chonburi,13.41747,100.93668,National Highway (ทางหลวงแผ่นดิน),Department of Highways (DOH - กรมทางหลวง),Commercial Truck,Speeding (ขับรถเร็วเกินกำหนด),Normal Period (ช่วงเวลาปกติ),Level 1: Low Risk (Baseline Zone),Yes,0,0,0,0,860708.14,74.0,82.3
THA-2022-102893,2021,1,22,6,2021-01-22,Northeast,Ubon Ratchathani,15.47318,104.90121,National Highway (ทางหลวงแผ่นดิน),Department of Highways (DOH - กรมทางหลวง),Motorcycle,Cutting off abruptly (ตัดหน้ากระชั้นชิด),Normal Period (ช่วงเวลาปกติ),Level 1: Low Risk (Baseline Zone),No,0,0,1,1,117558.83,57.0,20.4
THA-2023-102894,2023,1,17,6,2023-01-17,Bangkok & Vicinity,Bangkok,13.67326,100.58109,Expressway (ทางพิเศษ),EXAT (การทางพิเศษแห่งประเทศไทย),Motorcycle,Cutting off abruptly (ตัดหน้ากระชั้นชิด),Normal Period (ช่วงเวลาปกติ),Level 1: Low Risk (Baseline Zone),Yes,0,0,1,1,87113.7,32.1,38.9
THA-2024-102895,2021,1,14,9,2021-01-14,Central,Saraburi,14.67423,100.91026,National Highway (ทางหลวงแผ่นดิน),Department of Highways (DOH - กรมทางหลวง),Private Car,Running red light / Signal violation (ฝ่าฝืนสัญญาณไฟ),Normal Period (ช่วงเวลาปกติ),Level 1: Low Risk (Baseline Zone),No,0,0,1,1,225997.08,35.6,33.0
THA-2025-102896,2026,8,10,3,2026-08-10,Northeast,Nakhon Ratchasima,14.91079,102.10179,National Highway (ทางหลวงแผ่นดิน),Department of Highways (DOH - กรมทางหลวง),Motorcycle,Speeding (ขับรถเร็วเกินกำหนด),Normal Period (ช่วงเวลาปกติ),Level 1: Low Risk (Baseline Zone),Yes,0,0,0,0,45644.06,58.9,55.6
THA-2026-102897,2022,12,13,17,2022-12-13,North,Chiang Mai,18.73315,98.96205,Rural Road (ทางหลวงชนบท),Department of Rural Roads (DRR - กรมทางหลวงชนบท),Commercial Truck,Speeding (ขับรถเร็วเกินกำหนด),Normal Period (ช่วงเวลาปกติ),Level 2: Moderate Risk (Surveillance Zone),Yes,0,1,1,2,1444187.68,36.5,57.5
THA-2020-102898,2026,12,12,9,2026-12-12,North,Chiang Rai,19.7855,99.91937,Urban / City Road (ถนนในเมือง/ท้องถิ่น),Local Administration / BMA (อปท./กทม.),Motorcycle,Drunk driving (เมาแล้วขับ),Normal Period (ช่วงเวลาปกติ),Level 3: Critical Blackspot (Red Zone),Yes,1,1,0,2,6473421.76,69.2,51.3
THA-2021-102899,2023,10,27,18,2023-10-27,Bangkok & Vicinity,Bangkok,13.65286,100.55653,Rural Road (ทางหลวงชนบท),Department of Rural Roads (DRR - กรมทางหลวงชนบท),Motorcycle,Road defect / Slippery surface (ถนนชำรุด/ลื่น),Normal Period (ช่วงเวลาปกติ),Level 1: Low Risk (Baseline Zone),Yes,0,0,1,1,96291.57,73.0,39.2
THA-2022-102900,2024,7,1,13,2024-07-01,Bangkok & Vicinity,Bangkok,13.72893,100.52186,Rural Road (ทางหลวงชนบท),Department of Rural Roads (DRR - กรมทางหลวงชนบท),Commercial Truck,Running red light / Signal violation (ฝ่าฝืนสัญญาณไฟ),Normal Period (ช่วงเวลาปกติ),Level 1: Low Risk (Baseline Zone),No,0,0,0,0,494047.14,25.3,42.9
THA-2023-102901,2023,3,28,12,2023-03-28,Central,Chonburi,13.31838,101.00236,National Highway (ทางหลวงแผ่นดิน),Department of Highways (DOH - กรมทางหลวง),Motorcycle,Cutting off abruptly (ตัดหน้ากระชั้นชิด),Normal Period (ช่วงเวลาปกติ),Level 1: Low Risk (Baseline Zone),No,0,0,0,0,81900.83,71.4,46.5
THA-2024-102902,2021,2,22,14,2021-02-22,Bangkok & Vicinity,Bangkok,13.79524,100.47022,National Highway (ทางหลวงแผ่นดิน),Department of Highways (DOH - กรมทางหลวง),Motorcycle,Cutting off abruptly (ตัดหน้ากระชั้นชิด),Normal Period (ช่วงเวลาปกติ),Level 2: Moderate Risk (Surveillance Zone),Yes,0,1,2,3,1030335.5,67.6,51.7
THA-2025-102903,2022,4,19,15,2022-04-19,North,Chiang Rai,19.75484,99.87093,Expressway (ทางพิเศษ),EXAT (การทางพิเศษแห่งประเทศไทย),Motorcycle,Drunk driving (เมาแล้วขับ),Normal Period (ช่วงเวลาปกติ),Level 1: Low Risk (Baseline Zone),Yes,0,0,1,1,121379.26,34.2,92.2
THA-2026-102904,2020,3,19,1,2020-03-19,Northeast,Nakhon Ratchasima,15.01507,101.96885,Expressway (ทางพิเศษ),EXAT (การทางพิเศษแห่งประเทศไทย),Motorcycle,Cutting off abruptly (ตัดหน้ากระชั้นชิด),Normal Period (ช่วงเวลาปกติ),Level 3: Critical Blackspot (Red Zone),No,1,0,0,1,5721139.03,68.8,16.2
THA-2020-102905,2024,7,6,3,2024-07-06,Bangkok & Vicinity,Bangkok,13.668,100.4705,Expressway (ทางพิเศษ),EXAT (การทางพิเศษแห่งประเทศไทย),Private Car,Drunk driving (เมาแล้วขับ),Normal Period (ช่วงเวลาปกติ),Level 2: Moderate Risk (Surveillance Zone),Yes,0,1,1,2,1308187.68,45.3,33.4
THA-2021-102906,2023,10,13,20,2023-10-13,South,Songkhla,6.96906,100.67801,Expressway (ทางพิเศษ),EXAT (การทางพิเศษแห่งประเทศไทย),Motorcycle,Road defect / Slippery surface (ถนนชำรุด/ลื่น),Normal Period (ช่วงเวลาปกติ),Level 2: Moderate Risk (Surveillance Zone),No,0,1,1,2,1242493.27,50.1,65.5
THA-2022-102907,2025,8,19,17,2025-08-19,Bangkok & Vicinity,Nonthaburi,13.81811,100.53937,Urban / City Road (ถนนในเมือง/ท้องถิ่น),Local Administration / BMA (อปท./กทม.),Commercial Truck,Drunk driving (เมาแล้วขับ),Normal Period (ช่วงเวลาปกติ),Level 1: Low Risk (Baseline Zone),Yes,0,0,0,0,973745.79,28.2,57.2
THA-2023-102908,2021,6,13,16,2021-06-13,North,Chiang Mai,18.6927,99.16687,Rural Road (ทางหลวงชนบท),Department of Rural Roads (DRR - กรมทางหลวงชนบท),Private Car,Cutting off abruptly (ตัดหน้ากระชั้นชิด),Normal Period (ช่วงเวลาปกติ),Level 1: Low Risk (Baseline Zone),No,0,0,1,1,180202.06,63.9,37.4
THA-2024-102909,2021,3,27,9,2021-03-27,North,Chiang Mai,18.66045,98.94044,Urban / City Road (ถนนในเมือง/ท้องถิ่น),Local Administration / BMA (อปท./กทม.),Motorcycle,Cutting off abruptly (ตัดหน้ากระชั้นชิด),Normal Period (ช่วงเวลาปกติ),Level 2: Moderate Risk (Surveillance Zone),Yes,0,1,2,3,554529.14,68.4,39.3
THA-2025-102910,2023,6,26,20,2023-06-26,Bangkok & Vicinity,Nonthaburi,13.97002,100.40995,Rural Road (ทางหลวงชนบท),Department of Rural Roads (DRR - กรมทางหลวงชนบท),Private Car,Drunk driving (เมาแล้วขับ),Normal Period (ช่วงเวลาปกติ),Level 2: Moderate Risk (Surveillance Zone),Yes,0,1,1,2,1028139.31,21.5,57.1
THA-2026-102911,2026,2,22,8,2026-02-22,Bangkok & Vicinity,Bangkok,13.76449,100.55822,National Highway (ทางหลวงแผ่นดิน),Department of Highways (DOH - กรมทางหลวง),Private Car,Cutting off abruptly (ตัดหน้ากระชั้นชิด),Normal Period (ช่วงเวลาปกติ),Level 1: Low Risk (Baseline Zone),Yes,0,0,1,1,374888.26,62.3,19.3
THA-2020-102912,2024,12,21,14,2024-12-21,Central,Chonburi,13.22552,100.92452,National Highway (ทางหลวงแผ่นดิน),Department of Highways (DOH - กรมทางหลวง),Motorcycle,Cutting off abruptly (ตัดหน้ากระชั้นชิด),Normal Period (ช่วงเวลาปกติ),Level 1: Low Risk (Baseline Zone),Yes,0,0,1,1,141887.68,87.0,48.4
THA-2021-102913,2023,7,4,11,2023-07-04,South,Surat Thani,9.15531,99.3623,Expressway (ทางพิเศษ),EXAT (การทางพิเศษแห่งประเทศไทย),Motorcycle,Speeding (ขับรถเร็วเกินกำหนด),Normal Period (ช่วงเวลาปกติ),Level 3: Critical Blackspot (Red Zone),No,1,0,0,1,4521704.44,34.3,30.5
THA-2022-102914,2023,11,24,20,2023-11-24,Bangkok & Vicinity,Nonthaburi,13.78809,100.67905,National Highway (ทางหลวงแผ่นดิน),Department of Highways (DOH - กรมทางหลวง),Motorcycle,Speeding (ขับรถเร็วเกินกำหนด),Normal Period (ช่วงเวลาปกติ),Level 2: Moderate Risk (Surveillance Zone),No,0,1,3,4,1481338.09,76.8,65.2
THA-2023-102915,2020,10,2,8,2020-10-02,Northeast,Ubon Ratchathani,15.28808,104.9172,Urban / City Road (ถนนในเมือง/ท้องถิ่น),Local Administration / BMA (อปท./กทม.),Private Car,Cutting off abruptly (ตัดหน้ากระชั้นชิด),Normal Period (ช่วงเวลาปกติ),Level 2: Moderate Risk (Surveillance Zone),Yes,0,1,1,2,890627.79,27.0,48.4
THA-2024-102916,2026,7,15,13,2026-07-15,Central,Chonburi,13.42572,100.844,National Highway (ทางหลวงแผ่นดิน),Department of Highways (DOH - กรมทางหลวง),Private Car,Fatigue / Falling asleep (หลับใน),Normal Period (ช่วงเวลาปกติ),Level 1: Low Risk (Baseline Zone),No,0,0,1,1,397317.15,40.5,32.7
THA-2025-102917,2024,4,12,12,2024-04-12,Central,Saraburi,14.51857,100.90934,National Highway (ทางหลวงแผ่นดิน),Department of Highways (DOH - กรมทางหลวง),Motorcycle,Speeding (ขับรถเร็วเกินกำหนด),Songkran Festival (เทศกาลสงกรานต์),Level 2: Moderate Risk (Surveillance Zone),Yes,0,2,1,3,2099801.48,65.4,31.4
THA-2026-102918,2022,8,27,5,2022-08-27,North,Chiang Rai,19.88761,99.85927,National Highway (ทางหลวงแผ่นดิน),Department of Highways (DOH - กรมทางหลวง),Private Car,Cutting off abruptly (ตัดหน้ากระชั้นชิด),Normal Period (ช่วงเวลาปกติ),Level 1: Low Risk (Baseline Zone),No,0,0,1,1,173227.38,66.9,35.2
THA-2020-102919,2024,4,7,18,2024-04-07,North,Chiang Mai,18.59864,98.99683,National Highway (ทางหลวงแผ่นดิน),Department of Highways (DOH - กรมทางหลวง),Private Car,Speeding (ขับรถเร็วเกินกำหนด),Normal Period (ช่วงเวลาปกติ),Level 1: Low Risk (Baseline Zone),No,0,0,0,0,331492.98,61.0,51.4
THA-2021-102920,2020,7,20,3,2020-07-20,North,Chiang Mai,18.761,98.79486,National Highway (ทางหลวงแผ่นดิน),Department of Highways (DOH - กรมทางหลวง),Private Car,Speeding (ขับรถเร็วเกินกำหนด),Normal Period (ช่วงเวลาปกติ),Level 2: Moderate Risk (Surveillance Zone),Yes,0,1,3,4,1439015.12,61.0,76.3
THA-2022-102921,2026,4,18,19,2026-04-18,Central,Chonburi,13.39912,100.87839,National Highway (ทางหลวงแผ่นดิน),Department of Highways (DOH - กรมทางหลวง),Private Car,Running red light / Signal violation (ฝ่าฝืนสัญญาณไฟ),Normal Period (ช่วงเวลาปกติ),Level 2: Moderate Risk (Surveillance Zone),Yes,0,1,1,2,718549.8,73.7,58.1
THA-2023-102922,2021,12,23,16,2021-12-23,Central,Ayutthaya,14.31895,100.5455,Urban / City Road (ถนนในเมือง/ท้องถิ่น),Local Administration / BMA (อปท./กทม.),Motorcycle,Fatigue / Falling asleep (หลับใน),Normal Period (ช่วงเวลาปกติ),Level 2: Moderate Risk (Surveillance Zone),Yes,0,2,3,5,1992679.76,51.0,50.2
THA-2024-102923,2024,5,13,18,2024-05-13,Bangkok & Vicinity,Bangkok,13.59014,100.34571,National Highway (ทางหลวงแผ่นดิน),Department of Highways (DOH - กรมทางหลวง),Commercial Truck,Speeding (ขับรถเร็วเกินกำหนด),Normal Period (ช่วงเวลาปกติ),Level 3: Critical Blackspot (Red Zone),Yes,1,1,1,3,6407941.56,84.9,71.5
THA-2025-102924,2021,7,17,2,2021-07-17,North,Chiang Mai,18.83738,98.93096,National Highway (ทางหลวงแผ่นดิน),Department of Highways (DOH - กรมทางหลวง),Private Car,Drunk driving (เมาแล้วขับ),Normal Period (ช่วงเวลาปกติ),Level 3: Critical Blackspot (Red Zone),No,3,2,0,5,16601032.29,45.5,98.0
THA-2026-102925,2024,10,4,13,2024-10-04,South,Phuket,7.84504,98.39886,National Highway (ทางหลวงแผ่นดิน),Department of Highways (DOH - กรมทางหลวง),Commercial Truck,Speeding (ขับรถเร็วเกินกำหนด),Normal Period (ช่วงเวลาปกติ),Level 3: Critical Blackspot (Red Zone),Yes,1,1,1,3,5605048.27,61.0,45.1
THA-2020-102926,2025,3,25,16,2025-03-25,Central,Ayutthaya,14.19496,100.53171,Rural Road (ทางหลวงชนบท),Department of Rural Roads (DRR - กรมทางหลวงชนบท),Motorcycle,Running red light / Signal violation (ฝ่าฝืนสัญญาณไฟ),Normal Period (ช่วงเวลาปกติ),Level 2: Moderate Risk (Surveillance Zone),Yes,0,1,1,2,1097572.6,22.9,45.0
THA-2021-102927,2024,10,14,12,2024-10-14,South,Songkhla,7.16564,100.77311,Rural Road (ทางหลวงชนบท),Department of Rural Roads (DRR - กรมทางหลวงชนบท),Motorcycle,Speeding (ขับรถเร็วเกินกำหนด),Normal Period (ช่วงเวลาปกติ),Level 2: Moderate Risk (Surveillance Zone),Yes,0,2,1,3,2217612.82,50.5,61.6
THA-2022-102928,2024,5,20,8,2024-05-20,Central,Chonburi,13.27827,101.0557,Rural Road (ทางหลวงชนบท),Department of Rural Roads (DRR - กรมทางหลวงชนบท),Motorcycle,Speeding (ขับรถเร็วเกินกำหนด),Normal Period (ช่วงเวลาปกติ),Level 1: Low Risk (Baseline Zone),No,0,0,1,1,122534.0,51.5,85.6
THA-2023-102929,2026,11,28,0,2026-11-28,North,Chiang Rai,19.91034,99.7384,National Highway (ทางหลวงแผ่นดิน),Department of Highways (DOH - กรมทางหลวง),Motorcycle,Cutting off abruptly (ตัดหน้ากระชั้นชิด),Normal Period (ช่วงเวลาปกติ),Level 2: Moderate Risk (Surveillance Zone),Yes,0,1,1,2,880189.44,58.6,39.2
THA-2024-102930,2020,3,13,16,2020-03-13,Northeast,Khon Kaen,16.37524,102.90156,National Highway (ทางหลวงแผ่นดิน),Department of Highways (DOH - กรมทางหลวง),Private Car,Fatigue / Falling asleep (หลับใน),Normal Period (ช่วงเวลาปกติ),Level 2: Moderate Risk (Surveillance Zone),Yes,0,2,1,3,2700747.81,53.2,44.9
THA-2025-102931,2022,5,3,15,2022-05-03,Northeast,Ubon Ratchathani,15.31473,104.80047,Urban / City Road (ถนนในเมือง/ท้องถิ่น),Local Administration / BMA (อปท./กทม.),Motorcycle,Speeding (ขับรถเร็วเกินกำหนด),Normal Period (ช่วงเวลาปกติ),Level 1: Low Risk (Baseline Zone),Yes,0,0,1,1,67862.5,32.5,87.5
THA-2026-102932,2021,3,26,17,2021-03-26,Bangkok & Vicinity,Bangkok,13.78724,100.40847,Urban / City Road (ถนนในเมือง/ท้องถิ่น),Local Administration / BMA (อปท./กทม.),Commercial Truck,Drunk driving (เมาแล้วขับ),Normal Period (ช่วงเวลาปกติ),Level 1: Low Risk (Baseline Zone),Yes,0,0,0,0,1075264.05,10.0,77.3
THA-2020-102933,2026,11,26,1,2026-11-26,Northeast,Nakhon Ratchasima,14.96401,102.05914,National Highway (ทางหลวงแผ่นดิน),Department of Highways (DOH - กรมทางหลวง),Private Car,Speeding (ขับรถเร็วเกินกำหนด),Normal Period (ช่วงเวลาปกติ),Level 2: Moderate Risk (Surveillance Zone),Yes,0,1,1,2,1189638.25,53.6,44.0
THA-2021-102934,2022,10,18,13,2022-10-18,Central,Chonburi,13.44496,101.02636,Rural Road (ทางหลวงชนบท),Department of Rural Roads (DRR - กรมทางหลวงชนบท),Private Car,Road defect / Slippery surface (ถนนชำรุด/ลื่น),Normal Period (ช่วงเวลาปกติ),Level 1: Low Risk (Baseline Zone),Yes,0,0,1,1,337389.35,31.0,29.5
THA-2022-102935,2025,11,14,21,2025-11-14,Bangkok & Vicinity,Bangkok,13.69545,100.44992,National Highway (ทางหลวงแผ่นดิน),Department of Highways (DOH - กรมทางหลวง),Motorcycle,Speeding (ขับรถเร็วเกินกำหนด),Normal Period (ช่วงเวลาปกติ),Level 3: Critical Blackspot (Red Zone),No,2,1,0,3,8554197.43,57.4,63.9
THA-2023-102936,2024,7,15,22,2024-07-15,Central,Chonburi,13.35849,100.97018,National Highway (ทางหลวงแผ่นดิน),Department of Highways (DOH - กรมทางหลวง),Public Bus/Van,Road defect / Slippery surface (ถนนชำรุด/ลื่น),Normal Period (ช่วงเวลาปกติ),Level 2: Moderate Risk (Surveillance Zone),Yes,0,1,2,3,1969734.58,61.0,33.7
THA-2024-102937,2021,1,3,16,2021-01-03,Northeast,Khon Kaen,16.40704,102.79192,Urban / City Road (ถนนในเมือง/ท้องถิ่น),Local Administration / BMA (อปท./กทม.),Commercial Truck,Cutting off abruptly (ตัดหน้ากระชั้นชิด),New Year Festival (เทศกาลปีใหม่),Level 3: Critical Blackspot (Red Zone),Yes,1,0,0,1,4467714.53,16.2,24.3
THA-2025-102938,2021,9,1,2,2021-09-01,South,Surat Thani,9.26233,99.28083,Rural Road (ทางหลวงชนบท),Department of Rural Roads (DRR - กรมทางหลวงชนบท),Private Car,Cutting off abruptly (ตัดหน้ากระชั้นชิด),Normal Period (ช่วงเวลาปกติ),Level 1: Low Risk (Baseline Zone),Yes,0,0,0,0,268350.98,42.4,27.4
THA-2026-102939,2022,9,26,1,2022-09-26,Bangkok & Vicinity,Bangkok,13.7833,100.71984,National Highway (ทางหลวงแผ่นดิน),Department of Highways (DOH - กรมทางหลวง),Motorcycle,Running red light / Signal violation (ฝ่าฝืนสัญญาณไฟ),Normal Period (ช่วงเวลาปกติ),Level 2: Moderate Risk (Surveillance Zone),Yes,0,1,1,2,847772.89,32.7,18.6
THA-2020-102940,2023,5,24,7,2023-05-24,Bangkok & Vicinity,Nonthaburi,13.78592,100.53074,National Highway (ทางหลวงแผ่นดิน),Department of Highways (DOH - กรมทางหลวง),Motorcycle,Running red light / Signal violation (ฝ่าฝืนสัญญาณไฟ),Normal Period (ช่วงเวลาปกติ),Level 2: Moderate Risk (Surveillance Zone),Yes,0,1,2,3,538148.11,54.3,52.3
THA-2021-102941,2021,9,17,1,2021-09-17,Northeast,Khon Kaen,16.4542,102.8226,Expressway (ทางพิเศษ),EXAT (การทางพิเศษแห่งประเทศไทย),Motorcycle,Drunk driving (เมาแล้วขับ),Normal Period (ช่วงเวลาปกติ),Level 2: Moderate Risk (Surveillance Zone),No,0,2,2,4,1649902.42,17.7,44.6
THA-2022-102942,2020,10,3,1,2020-10-03,North,Chiang Mai,18.792,98.90619,Urban / City Road (ถนนในเมือง/ท้องถิ่น),Local Administration / BMA (อปท./กทม.),Motorcycle,Speeding (ขับรถเร็วเกินกำหนด),Normal Period (ช่วงเวลาปกติ),Level 2: Moderate Risk (Surveillance Zone),No,0,1,2,3,625842.1,32.5,34.6
THA-2023-102943,2026,6,14,8,2026-06-14,Central,Chonburi,13.3934,100.81935,Urban / City Road (ถนนในเมือง/ท้องถิ่น),Local Administration / BMA (อปท./กทม.),Motorcycle,Cutting off abruptly (ตัดหน้ากระชั้นชิด),Normal Period (ช่วงเวลาปกติ),Level 2: Moderate Risk (Surveillance Zone),No,0,1,3,4,797046.82,34.5,44.3
THA-2024-102944,2026,5,3,19,2026-05-03,Central,Chonburi,13.52291,101.13887,National Highway (ทางหลวงแผ่นดิน),Department of Highways (DOH - กรมทางหลวง),Private Car,Cutting off abruptly (ตัดหน้ากระชั้นชิด),Normal Period (ช่วงเวลาปกติ),Level 2: Moderate Risk (Surveillance Zone),Yes,0,2,1,3,2129070.17,56.4,49.0
THA-2025-102945,2022,3,13,20,2022-03-13,Bangkok & Vicinity,Bangkok,13.72667,100.59646,Rural Road (ทางหลวงชนบท),Department of Rural Roads (DRR - กรมทางหลวงชนบท),Private Car,Cutting off abruptly (ตัดหน้ากระชั้นชิด),Normal Period (ช่วงเวลาปกติ),Level 3: Critical Blackspot (Red Zone),No,1,2,1,4,5598069.15,62.3,15.6
THA-2026-102946,2022,11,15,5,2022-11-15,Northeast,Nakhon Ratchasima,14.9535,102.09868,National Highway (ทางหลวงแผ่นดิน),Department of Highways (DOH - กรมทางหลวง),Motorcycle,Cutting off abruptly (ตัดหน้ากระชั้นชิด),Normal Period (ช่วงเวลาปกติ),Level 2: Moderate Risk (Surveillance Zone),No,0,1,2,3,1058500.7,66.6,40.4
THA-2020-102947,2020,11,18,11,2020-11-18,Northeast,Nakhon Ratchasima,14.91862,102.17158,National Highway (ทางหลวงแผ่นดิน),Department of Highways (DOH - กรมทางหลวง),Motorcycle,Speeding (ขับรถเร็วเกินกำหนด),Normal Period (ช่วงเวลาปกติ),Level 1: Low Risk (Baseline Zone),Yes,0,0,0,0,69764.67,55.3,71.9
THA-2021-102948,2024,8,14,8,2024-08-14,North,Chiang Mai,18.73598,99.05596,National Highway (ทางหลวงแผ่นดิน),Department of Highways (DOH - กรมทางหลวง),Commercial Truck,Drunk driving (เมาแล้วขับ),Normal Period (ช่วงเวลาปกติ),Level 1: Low Risk (Baseline Zone),Yes,0,0,0,0,1017015.98,40.0,49.1
THA-2022-102949,2025,4,21,6,2025-04-21,South,Surat Thani,9.13442,99.31995,Rural Road (ทางหลวงชนบท),Department of Rural Roads (DRR - กรมทางหลวงชนบท),Motorcycle,Drunk driving (เมาแล้วขับ),Normal Period (ช่วงเวลาปกติ),Level 2: Moderate Risk (Surveillance Zone),Yes,0,1,2,3,572476.04,10.0,65.8
THA-2023-102950,2021,10,26,11,2021-10-26,Central,Ayutthaya,14.21898,100.57379,National Highway (ทางหลวงแผ่นดิน),Department of Highways (DOH - กรมทางหลวง),Private Car,Speeding (ขับรถเร็วเกินกำหนด),Normal Period (ช่วงเวลาปกติ),Level 2: Moderate Risk (Surveillance Zone),Yes,0,1,1,2,1110543.3,78.3,84.1
THA-2024-102951,2021,3,3,4,2021-03-03,Northeast,Ubon Ratchathani,15.14167,104.85284,Urban / City Road (ถนนในเมือง/ท้องถิ่น),Local Administration / BMA (อปท./กทม.),Motorcycle,Cutting off abruptly (ตัดหน้ากระชั้นชิด),Normal Period (ช่วงเวลาปกติ),Level 1: Low Risk (Baseline Zone),No,0,0,0,0,35380.72,27.5,31.8
THA-2025-102952,2025,6,19,15,2025-06-19,Central,Chonburi,13.53568,100.85964,National Highway (ทางหลวงแผ่นดิน),Department of Highways (DOH - กรมทางหลวง),Motorcycle,Cutting off abruptly (ตัดหน้ากระชั้นชิด),Normal Period (ช่วงเวลาปกติ),Level 1: Low Risk (Baseline Zone),Yes,0,0,1,1,87701.39,48.3,46.3
THA-2026-102953,2024,8,8,4,2024-08-08,North,Phitsanulok,16.80788,100.20871,National Highway (ทางหลวงแผ่นดิน),Department of Highways (DOH - กรมทางหลวง),Motorcycle,Drunk driving (เมาแล้วขับ),Normal Period (ช่วงเวลาปกติ),Level 3: Critical Blackspot (Red Zone),Yes,2,1,0,3,13146085.37,56.3,68.4
THA-2020-102954,2020,9,4,11,2020-09-04,South,Phuket,7.78677,98.32109,National Highway (ทางหลวงแผ่นดิน),Department of Highways (DOH - กรมทางหลวง),Private Car,Speeding (ขับรถเร็วเกินกำหนด),Normal Period (ช่วงเวลาปกติ),Level 1: Low Risk (Baseline Zone),Yes,0,0,1,1,277375.47,60.9,98.0
THA-2021-102955,2024,6,4,23,2024-06-04,Northeast,Ubon Ratchathani,15.37717,105.00358,National Highway (ทางหลวงแผ่นดิน),Department of Highways (DOH - กรมทางหลวง),Motorcycle,Drunk driving (เมาแล้วขับ),Normal Period (ช่วงเวลาปกติ),Level 1: Low Risk (Baseline Zone),Yes,0,0,0,0,67443.54,40.7,57.0
THA-2022-102956,2022,5,19,19,2022-05-19,Central,Chonburi,13.26693,101.02078,National Highway (ทางหลวงแผ่นดิน),Department of Highways (DOH - กรมทางหลวง),Commercial Truck,Speeding (ขับรถเร็วเกินกำหนด),Normal Period (ช่วงเวลาปกติ),Level 1: Low Risk (Baseline Zone),Yes,0,0,1,1,899691.07,60.1,93.1
THA-2023-102957,2022,12,11,8,2022-12-11,Central,Saraburi,14.44619,100.84975,National Highway (ทางหลวงแผ่นดิน),Department of Highways (DOH - กรมทางหลวง),Motorcycle,Cutting off abruptly (ตัดหน้ากระชั้นชิด),Normal Period (ช่วงเวลาปกติ),Level 3: Critical Blackspot (Red Zone),No,1,0,1,2,5868321.35,80.0,45.4
THA-2024-102958,2025,11,1,22,2025-11-01,Bangkok & Vicinity,Nonthaburi,13.67767,100.70526,National Highway (ทางหลวงแผ่นดิน),Department of Highways (DOH - กรมทางหลวง),Motorcycle,Fatigue / Falling asleep (หลับใน),Normal Period (ช่วงเวลาปกติ),Level 2: Moderate Risk (Surveillance Zone),Yes,0,2,1,3,1864068.24,60.1,52.6
THA-2025-102959,2025,2,8,6,2025-02-08,Central,Ayutthaya,14.45205,100.50975,National Highway (ทางหลวงแผ่นดิน),Department of Highways (DOH - กรมทางหลวง),Private Car,Drunk driving (เมาแล้วขับ),Normal Period (ช่วงเวลาปกติ),Level 3: Critical Blackspot (Red Zone),Yes,2,2,1,5,13283316.44,86.5,68.3
THA-2026-102960,2023,2,15,18,2023-02-15,Bangkok & Vicinity,Bangkok,13.78194,100.4658,Rural Road (ทางหลวงชนบท),Department of Rural Roads (DRR - กรมทางหลวงชนบท),Motorcycle,Speeding (ขับรถเร็วเกินกำหนด),Normal Period (ช่วงเวลาปกติ),Level 2: Moderate Risk (Surveillance Zone),Yes,0,2,1,3,2331055.69,20.3,98.0
THA-2020-102961,2026,9,1,19,2026-09-01,North,Chiang Mai,18.87344,98.95459,National Highway (ทางหลวงแผ่นดิน),Department of Highways (DOH - กรมทางหลวง),Private Car,Cutting off abruptly (ตัดหน้ากระชั้นชิด),Normal Period (ช่วงเวลาปกติ),Level 1: Low Risk (Baseline Zone),Yes,0,0,1,1,208346.61,67.8,26.9
THA-2021-102962,2023,2,7,22,2023-02-07,North,Chiang Mai,18.77077,98.92572,Rural Road (ทางหลวงชนบท),Department of Rural Roads (DRR - กรมทางหลวงชนบท),Motorcycle,Running red light / Signal violation (ฝ่าฝืนสัญญาณไฟ),Normal Period (ช่วงเวลาปกติ),Level 3: Critical Blackspot (Red Zone),Yes,1,0,1,2,4062794.43,56.8,60.5
THA-2022-102963,2025,2,21,10,2025-02-21,South,Songkhla,7.22995,100.81314,Rural Road (ทางหลวงชนบท),Department of Rural Roads (DRR - กรมทางหลวงชนบท),Motorcycle,Speeding (ขับรถเร็วเกินกำหนด),Normal Period (ช่วงเวลาปกติ),Level 2: Moderate Risk (Surveillance Zone),No,0,1,1,2,811674.86,41.2,62.0
THA-2023-102964,2023,3,20,20,2023-03-20,Central,Saraburi,14.50332,100.88418,National Highway (ทางหลวงแผ่นดิน),Department of Highways (DOH - กรมทางหลวง),Private Car,Fatigue / Falling asleep (หลับใน),Normal Period (ช่วงเวลาปกติ),Level 2: Moderate Risk (Surveillance Zone),Yes,0,1,1,2,666054.96,52.7,22.5
THA-2024-102965,2026,3,20,11,2026-03-20,Central,Chonburi,13.35884,101.00812,Urban / City Road (ถนนในเมือง/ท้องถิ่น),Local Administration / BMA (อปท./กทม.),Public Bus/Van,Drunk driving (เมาแล้วขับ),Normal Period (ช่วงเวลาปกติ),Level 1: Low Risk (Baseline Zone),No,0,0,1,1,882769.52,64.9,98.0
THA-2025-102966,2026,4,24,2,2026-04-24,Central,Chonburi,13.33419,100.9494,Rural Road (ทางหลวงชนบท),Department of Rural Roads (DRR - กรมทางหลวงชนบท),Motorcycle,Fatigue / Falling asleep (หลับใน),Normal Period (ช่วงเวลาปกติ),Level 2: Moderate Risk (Surveillance Zone),Yes,0,1,2,3,1111112.08,46.2,38.2
THA-2026-102967,2020,7,11,16,2020-07-11,Northeast,Nakhon Ratchasima,14.98733,101.9402,National Highway (ทางหลวงแผ่นดิน),Department of Highways (DOH - กรมทางหลวง),Commercial Truck,Speeding (ขับรถเร็วเกินกำหนด),Normal Period (ช่วงเวลาปกติ),Level 2: Moderate Risk (Surveillance Zone),Yes,0,1,1,2,1351428.11,46.0,58.2
THA-2020-102968,2026,9,27,6,2026-09-27,South,Surat Thani,9.08893,99.14141,Expressway (ทางพิเศษ),EXAT (การทางพิเศษแห่งประเทศไทย),Motorcycle,Speeding (ขับรถเร็วเกินกำหนด),Normal Period (ช่วงเวลาปกติ),Level 1: Low Risk (Baseline Zone),Yes,0,0,1,1,139266.65,37.5,41.7
THA-2021-102969,2025,2,14,21,2025-02-14,Northeast,Nakhon Ratchasima,14.93556,102.01246,Urban / City Road (ถนนในเมือง/ท้องถิ่น),Local Administration / BMA (อปท./กทม.),Commercial Truck,Road defect / Slippery surface (ถนนชำรุด/ลื่น),Normal Period (ช่วงเวลาปกติ),Level 1: Low Risk (Baseline Zone),No,0,0,0,0,438474.18,18.8,48.9
THA-2022-102970,2025,4,22,9,2025-04-22,North,Chiang Rai,19.96693,99.77443,Expressway (ทางพิเศษ),EXAT (การทางพิเศษแห่งประเทศไทย),Private Car,Speeding (ขับรถเร็วเกินกำหนด),Normal Period (ช่วงเวลาปกติ),Level 3: Critical Blackspot (Red Zone),Yes,1,0,1,2,4832758.61,10.0,53.9
THA-2023-102971,2021,9,16,22,2021-09-16,Bangkok & Vicinity,Bangkok,13.7234,100.30849,Rural Road (ทางหลวงชนบท),Department of Rural Roads (DRR - กรมทางหลวงชนบท),Motorcycle,Speeding (ขับรถเร็วเกินกำหนด),Normal Period (ช่วงเวลาปกติ),Level 1: Low Risk (Baseline Zone),Yes,0,0,0,0,43440.11,23.9,76.8
THA-2024-102972,2025,2,14,14,2025-02-14,Central,Chonburi,13.45312,100.88692,National Highway (ทางหลวงแผ่นดิน),Department of Highways (DOH - กรมทางหลวง),Motorcycle,Drunk driving (เมาแล้วขับ),Normal Period (ช่วงเวลาปกติ),Level 1: Low Risk (Baseline Zone),Yes,0,0,0,0,66682.09,82.1,61.3
THA-2025-102973,2025,10,12,1,2025-10-12,Central,Chonburi,13.31766,101.05473,National Highway (ทางหลวงแผ่นดิน),Department of Highways (DOH - กรมทางหลวง),Motorcycle,Speeding (ขับรถเร็วเกินกำหนด),Normal Period (ช่วงเวลาปกติ),Level 3: Critical Blackspot (Red Zone),Yes,1,1,0,2,4794510.33,63.8,65.2
THA-2026-102974,2022,11,17,12,2022-11-17,North,Chiang Rai,19.98087,99.74063,Rural Road (ทางหลวงชนบท),Department of Rural Roads (DRR - กรมทางหลวงชนบท),Motorcycle,Fatigue / Falling asleep (หลับใน),Normal Period (ช่วงเวลาปกติ),Level 2: Moderate Risk (Surveillance Zone),Yes,0,1,1,2,1022811.94,44.3,11.0
THA-2020-102975,2026,1,14,3,2026-01-14,Bangkok & Vicinity,Bangkok,13.80373,100.39841,Expressway (ทางพิเศษ),EXAT (การทางพิเศษแห่งประเทศไทย),Motorcycle,Drunk driving (เมาแล้วขับ),Normal Period (ช่วงเวลาปกติ),Level 3: Critical Blackspot (Red Zone),No,1,0,1,2,4770233.61,26.3,71.7
THA-2021-102976,2020,10,10,17,2020-10-10,Central,Ayutthaya,14.37411,100.49782,Rural Road (ทางหลวงชนบท),Department of Rural Roads (DRR - กรมทางหลวงชนบท),Private Car,Road defect / Slippery surface (ถนนชำรุด/ลื่น),Normal Period (ช่วงเวลาปกติ),Level 1: Low Risk (Baseline Zone),Yes,0,0,1,1,282518.01,35.7,34.0
THA-2022-102977,2021,8,24,23,2021-08-24,Bangkok & Vicinity,Bangkok,13.66494,100.50497,Urban / City Road (ถนนในเมือง/ท้องถิ่น),Local Administration / BMA (อปท./กทม.),Public Bus/Van,Fatigue / Falling asleep (หลับใน),Normal Period (ช่วงเวลาปกติ),Level 3: Critical Blackspot (Red Zone),Yes,1,0,0,1,5940211.62,23.4,30.3
THA-2023-102978,2023,9,14,22,2023-09-14,Central,Chonburi,13.29598,101.16637,National Highway (ทางหลวงแผ่นดิน),Department of Highways (DOH - กรมทางหลวง),Motorcycle,Speeding (ขับรถเร็วเกินกำหนด),Normal Period (ช่วงเวลาปกติ),Level 1: Low Risk (Baseline Zone),Yes,0,0,0,0,27671.52,42.0,90.1
THA-2024-102979,2024,7,18,0,2024-07-18,South,Songkhla,7.12,100.50702,National Highway (ทางหลวงแผ่นดิน),Department of Highways (DOH - กรมทางหลวง),Motorcycle,Cutting off abruptly (ตัดหน้ากระชั้นชิด),Normal Period (ช่วงเวลาปกติ),Level 1: Low Risk (Baseline Zone),Yes,0,0,0,0,57222.31,64.0,32.5
THA-2025-102980,2024,8,22,1,2024-08-22,North,Phitsanulok,16.7402,100.26434,Urban / City Road (ถนนในเมือง/ท้องถิ่น),Local Administration / BMA (อปท./กทม.),Private Car,Fatigue / Falling asleep (หลับใน),Normal Period (ช่วงเวลาปกติ),Level 1: Low Risk (Baseline Zone),Yes,0,0,1,1,240085.27,44.8,32.8
THA-2026-102981,2020,4,9,1,2020-04-09,Bangkok & Vicinity,Nonthaburi,13.87218,100.54126,Urban / City Road (ถนนในเมือง/ท้องถิ่น),Local Administration / BMA (อปท./กทม.),Commercial Truck,Cutting off abruptly (ตัดหน้ากระชั้นชิด),Normal Period (ช่วงเวลาปกติ),Level 2: Moderate Risk (Surveillance Zone),No,0,1,2,3,2176628.47,45.6,10.0
THA-2020-102982,2026,4,17,3,2026-04-17,Central,Chonburi,13.44314,100.83432,Expressway (ทางพิเศษ),EXAT (การทางพิเศษแห่งประเทศไทย),Motorcycle,Running red light / Signal violation (ฝ่าฝืนสัญญาณไฟ),Songkran Festival (เทศกาลสงกรานต์),Level 3: Critical Blackspot (Red Zone),No,1,0,0,1,3670488.73,18.0,36.0
THA-2021-102983,2020,2,6,2,2020-02-06,Central,Ayutthaya,14.43934,100.48615,Urban / City Road (ถนนในเมือง/ท้องถิ่น),Local Administration / BMA (อปท./กทม.),Motorcycle,Drunk driving (เมาแล้วขับ),Normal Period (ช่วงเวลาปกติ),Level 2: Moderate Risk (Surveillance Zone),No,0,2,1,3,1389494.54,11.2,48.8
THA-2022-102984,2021,8,8,16,2021-08-08,Northeast,Nakhon Ratchasima,15.01605,102.2527,National Highway (ทางหลวงแผ่นดิน),Department of Highways (DOH - กรมทางหลวง),Motorcycle,Speeding (ขับรถเร็วเกินกำหนด),Normal Period (ช่วงเวลาปกติ),Level 2: Moderate Risk (Surveillance Zone),Yes,0,1,1,2,1172239.73,63.5,87.3
THA-2023-102985,2020,11,26,13,2020-11-26,South,Surat Thani,9.06636,99.24593,Rural Road (ทางหลวงชนบท),Department of Rural Roads (DRR - กรมทางหลวงชนบท),Motorcycle,Road defect / Slippery surface (ถนนชำรุด/ลื่น),Normal Period (ช่วงเวลาปกติ),Level 2: Moderate Risk (Surveillance Zone),Yes,0,1,2,3,1123037.04,23.9,31.6
THA-2024-102986,2024,2,13,1,2024-02-13,Bangkok & Vicinity,Bangkok,13.66411,100.47138,Urban / City Road (ถนนในเมือง/ท้องถิ่น),Local Administration / BMA (อปท./กทม.),Motorcycle,Speeding (ขับรถเร็วเกินกำหนด),Normal Period (ช่วงเวลาปกติ),Level 3: Critical Blackspot (Red Zone),Yes,2,1,0,3,8676506.47,20.1,73.5
THA-2025-102987,2026,9,18,15,2026-09-18,Northeast,Nakhon Ratchasima,15.09378,101.99751,Rural Road (ทางหลวงชนบท),Department of Rural Roads (DRR - กรมทางหลวงชนบท),Motorcycle,Speeding (ขับรถเร็วเกินกำหนด),Normal Period (ช่วงเวลาปกติ),Level 2: Moderate Risk (Surveillance Zone),No,0,2,1,3,1250733.93,14.3,77.4
THA-2026-102988,2024,4,5,10,2024-04-05,Central,Chonburi,13.31666,101.07252,National Highway (ทางหลวงแผ่นดิน),Department of Highways (DOH - กรมทางหลวง),Motorcycle,Drunk driving (เมาแล้วขับ),Normal Period (ช่วงเวลาปกติ),Level 3: Critical Blackspot (Red Zone),No,1,1,0,2,5345519.97,69.4,60.1
THA-2020-102989,2025,1,6,12,2025-01-06,Central,Saraburi,14.58506,100.86583,National Highway (ทางหลวงแผ่นดิน),Department of Highways (DOH - กรมทางหลวง),Private Car,Fatigue / Falling asleep (หลับใน),Normal Period (ช่วงเวลาปกติ),Level 2: Moderate Risk (Surveillance Zone),Yes,0,2,2,4,1408712.32,48.7,19.8
THA-2021-102990,2020,4,21,0,2020-04-21,Bangkok & Vicinity,Bangkok,13.73732,100.58423,Rural Road (ทางหลวงชนบท),Department of Rural Roads (DRR - กรมทางหลวงชนบท),Motorcycle,Cutting off abruptly (ตัดหน้ากระชั้นชิด),Normal Period (ช่วงเวลาปกติ),Level 1: Low Risk (Baseline Zone),No,0,0,1,1,71183.93,36.9,34.1
THA-2022-102991,2023,3,19,22,2023-03-19,Central,Ayutthaya,14.49556,100.72149,National Highway (ทางหลวงแผ่นดิน),Department of Highways (DOH - กรมทางหลวง),Motorcycle,Speeding (ขับรถเร็วเกินกำหนด),Normal Period (ช่วงเวลาปกติ),Level 3: Critical Blackspot (Red Zone),Yes,1,2,0,3,5949503.13,49.3,63.2
THA-2023-102992,2023,12,4,1,2023-12-04,Northeast,Nakhon Ratchasima,15.10408,102.03749,Urban / City Road (ถนนในเมือง/ท้องถิ่น),Local Administration / BMA (อปท./กทม.),Motorcycle,Speeding (ขับรถเร็วเกินกำหนด),Normal Period (ช่วงเวลาปกติ),Level 2: Moderate Risk (Surveillance Zone),No,0,1,1,2,1141330.11,44.9,98.0
THA-2024-102993,2023,6,7,1,2023-06-07,North,Chiang Rai,20.07418,99.7741,National Highway (ทางหลวงแผ่นดิน),Department of Highways (DOH - กรมทางหลวง),Public Bus/Van,Speeding (ขับรถเร็วเกินกำหนด),Normal Period (ช่วงเวลาปกติ),Level 1: Low Risk (Baseline Zone),Yes,0,0,1,1,1337079.25,45.5,87.0
THA-2025-102994,2020,7,4,20,2020-07-04,Bangkok & Vicinity,Bangkok,13.6077,100.51191,National Highway (ทางหลวงแผ่นดิน),Department of Highways (DOH - กรมทางหลวง),Commercial Truck,Speeding (ขับรถเร็วเกินกำหนด),Normal Period (ช่วงเวลาปกติ),Level 3: Critical Blackspot (Red Zone),Yes,1,1,0,2,6464344.98,31.9,72.1
THA-2026-102995,2024,8,25,4,2024-08-25,Central,Saraburi,14.66176,100.97053,Urban / City Road (ถนนในเมือง/ท้องถิ่น),Local Administration / BMA (อปท./กทม.),Motorcycle,Speeding (ขับรถเร็วเกินกำหนด),Normal Period (ช่วงเวลาปกติ),Level 1: Low Risk (Baseline Zone),Yes,0,0,0,0,75701.27,44.9,60.2
THA-2020-102996,2023,2,11,3,2023-02-11,Bangkok & Vicinity,Bangkok,13.74967,100.52802,National Highway (ทางหลวงแผ่นดิน),Department of Highways (DOH - กรมทางหลวง),Motorcycle,Drunk driving (เมาแล้วขับ),Normal Period (ช่วงเวลาปกติ),Level 2: Moderate Risk (Surveillance Zone),Yes,0,1,2,3,602373.42,72.7,46.0
THA-2021-102997,2025,6,12,11,2025-06-12,North,Chiang Mai,18.83619,98.99858,Urban / City Road (ถนนในเมือง/ท้องถิ่น),Local Administration / BMA (อปท./กทม.),Private Car,Road defect / Slippery surface (ถนนชำรุด/ลื่น),Normal Period (ช่วงเวลาปกติ),Level 1: Low Risk (Baseline Zone),No,0,0,0,0,318349.46,47.4,39.4
THA-2022-102998,2023,6,14,2,2023-06-14,North,Chiang Mai,18.76172,98.91863,National Highway (ทางหลวงแผ่นดิน),Department of Highways (DOH - กรมทางหลวง),Motorcycle,Speeding (ขับรถเร็วเกินกำหนด),Normal Period (ช่วงเวลาปกติ),Level 1: Low Risk (Baseline Zone),No,0,0,0,0,52149.06,54.7,86.4
THA-2023-102999,2021,10,13,19,2021-10-13,Central,Saraburi,14.53901,100.89977,Expressway (ทางพิเศษ),EXAT (การทางพิเศษแห่งประเทศไทย),Motorcycle,Speeding (ขับรถเร็วเกินกำหนด),Normal Period (ช่วงเวลาปกติ),Level 3: Critical Blackspot (Red Zone),Yes,1,0,0,1,5684195.56,50.9,66.9
